row_id,predicted_probability,tuned_threshold_prediction,top_drivers,recommended_action
16421,0.00062730,0,added_to_cart (-4.8886) | user_type_0 (+0.3862) | visit_season_0 (-0.1830),Retention/engagement nudge
16278,0.52079745,0,added_to_cart (+3.3972) | user_type_0 (-0.3160) | time_on_site_sec (-0.2020),Investigate checkout/discount friction
813,0.00050909,0,added_to_cart (-4.8886) | user_type_0 (+0.3862) | visit_season_0 (-0.1830),Retention/engagement nudge
5340,0.00056334,0,added_to_cart (-4.8886) | user_type_0 (+0.3862) | device_type_2 (-0.2368),Retention/engagement nudge
16719,0.71612706,1,added_to_cart (+3.3972) | user_type_0 (+0.3862) | device_type_1 (-0.1768),Candidate for promotion - higher score
17736,0.71431794,1,added_to_cart (+3.3972) | user_type_0 (+0.3862) | device_type_0 (-0.1811),Candidate for promotion - higher score
10378,0.71522018,1,added_to_cart (+3.3972) | user_type_0 (+0.3862) | visit_season_0 (-0.1830),Candidate for promotion - higher score
9033,0.00045009,0,added_to_cart (-4.8886) | user_type_0 (+0.3862) | visit_season_0 (-0.1830),Retention/engagement nudge
13134,0.71234918,1,added_to_cart (+3.3972) | user_type_0 (+0.3862) | visit_season_0 (-0.1830),Candidate for promotion - higher score
1177,0.53723264,0,added_to_cart (+3.3972) | user_type_0 (-0.3160) | visit_season_0 (-0.1830),Investigate checkout/discount friction
15571,0.00044409,0,added_to_cart (-4.8886) | user_type_0 (-0.3160) | device_type_2 (-0.2368),Retention/engagement nudge
17934,0.00035089,0,added_to_cart (-4.8886) | user_type_0 (-0.3160) | device_type_0 (-0.1811),Retention/engagement nudge
17431,0.72598693,1,added_to_cart (+3.3972) | user_type_0 (+0.3862) | visit_season_0 (-0.1830),Candidate for promotion - higher score
22994,0.62693101,1,added_to_cart (+3.3972) | user_type_0 (-0.3160) | device_type_1 (-0.1768),Candidate for promotion - threshold-qualified
14640,0.71701586,1,added_to_cart (+3.3972) | user_type_0 (+0.3862) | device_type_1 (-0.1768),Candidate for promotion - higher score
24238,0.58395326,1,added_to_cart (+3.3972) | user_type_0 (-0.3160) | device_type_0 (-0.1811),Candidate for promotion - threshold-qualified
20608,0.00051408,0,added_to_cart (-4.8886) | user_type_0 (+0.3862) | visit_season_1 (-0.1783),Retention/engagement nudge
17443,0.76438021,1,added_to_cart (+3.3972) | user_type_0 (+0.3862) | device_type_2 (-0.2368),Candidate for promotion - higher score
3424,0.00050211,0,added_to_cart (-4.8886) | user_type_0 (+0.3862) | device_type_1 (-0.1768),Retention/engagement nudge
16294,0.00030705,0,added_to_cart (-4.8886) | user_type_0 (-0.3160) | device_type_0 (-0.1811),Retention/engagement nudge
23313,0.00039816,0,added_to_cart (-4.8886) | user_type_0 (-0.3160) | visit_season_0 (-0.1830),Retention/engagement nudge
16989,0.67800091,1,added_to_cart (+3.3972) | user_type_0 (+0.3862) | visit_season_1 (-0.1783),Candidate for promotion - higher score
18420,0.68635218,1,added_to_cart (+3.3972) | user_type_0 (+0.3862) | device_type_1 (-0.1768),Candidate for promotion - higher score
18747,0.00030257,0,added_to_cart (-4.8886) | user_type_0 (-0.3160) | device_type_2 (-0.2368),Retention/engagement nudge
13417,0.70303561,1,added_to_cart (+3.3972) | user_type_0 (+0.3862) | visit_season_1 (-0.1783),Candidate for promotion - higher score
2877,0.65762065,1,added_to_cart (+3.3972) | user_type_0 (+0.3862) | visit_season_0 (-0.1830),Candidate for promotion - threshold-qualified
21663,0.71550420,1,added_to_cart (+3.3972) | user_type_0 (+0.3862) | visit_season_0 (-0.1830),Candidate for promotion - higher score
18521,0.67325511,1,added_to_cart (+3.3972) | user_type_0 (+0.3862) | device_type_0 (-0.1811),Candidate for promotion - higher score
17762,0.50652821,0,added_to_cart (+3.3972) | user_type_0 (-0.3160) | visit_season_0 (-0.1830),Investigate checkout/discount friction
1997,0.53403329,0,added_to_cart (+3.3972) | user_type_0 (-0.3160) | device_type_1 (-0.1768),Investigate checkout/discount friction
15345,0.68586391,1,added_to_cart (+3.3972) | user_type_0 (+0.3862) | device_type_0 (-0.1811),Candidate for promotion - higher score
6759,0.67098481,1,added_to_cart (+3.3972) | user_type_0 (+0.3862) | visit_season_0 (-0.1830),Candidate for promotion - threshold-qualified
4894,0.00037982,0,added_to_cart (-4.8886) | user_type_0 (-0.3160) | device_type_1 (-0.1768),Retention/engagement nudge
12324,0.75314409,1,added_to_cart (+3.3972) | user_type_0 (+0.3862) | visit_season_1 (-0.1783),Candidate for promotion - higher score
5760,0.63554568,1,added_to_cart (+3.3972) | user_type_0 (-0.3160) | visit_season_0 (-0.1830),Candidate for promotion - threshold-qualified
8474,0.58878457,1,added_to_cart (+3.3972) | user_type_0 (-0.3160) | device_type_0 (-0.1811),Candidate for promotion - threshold-qualified
16535,0.56592943,0,added_to_cart (+3.3972) | user_type_0 (-0.3160) | device_type_0 (-0.1811),Investigate checkout/discount friction
5202,0.61294170,1,added_to_cart (+3.3972) | user_type_0 (-0.3160) | device_type_2 (-0.2368),Candidate for promotion - threshold-qualified
1351,0.00052233,0,added_to_cart (-4.8886) | user_type_0 (-0.3160) | device_type_0 (-0.1811),Retention/engagement nudge
6507,0.65466762,1,added_to_cart (+3.3972) | user_type_0 (+0.3862) | device_type_1 (-0.1768),Candidate for promotion - threshold-qualified
2298,0.55180815,0,added_to_cart (+3.3972) | user_type_0 (-0.3160) | device_type_1 (-0.1768),Investigate checkout/discount friction
24357,0.65994633,1,added_to_cart (+3.3972) | user_type_0 (+0.3862) | device_type_0 (-0.1811),Candidate for promotion - threshold-qualified
8190,0.71822248,1,added_to_cart (+3.3972) | user_type_0 (+0.3862) | visit_season_1 (-0.1783),Candidate for promotion - higher score
17339,0.00052840,0,added_to_cart (-4.8886) | user_type_0 (+0.3862) | device_type_1 (-0.1768),Retention/engagement nudge
670,0.73099822,1,added_to_cart (+3.3972) | user_type_0 (+0.3862) | device_type_0 (-0.1811),Candidate for promotion - higher score
15580,0.00049744,0,added_to_cart (-4.8886) | user_type_0 (+0.3862) | visit_season_1 (-0.1783),Retention/engagement nudge
2355,0.61580118,1,added_to_cart (+3.3972) | user_type_0 (-0.3160) | visit_season_1 (-0.1783),Candidate for promotion - threshold-qualified
19094,0.55154157,0,added_to_cart (+3.3972) | user_type_0 (-0.3160) | device_type_0 (-0.1811),Investigate checkout/discount friction
19755,0.00040445,0,added_to_cart (-4.8886) | user_type_0 (-0.3160) | device_type_2 (-0.2368),Retention/engagement nudge
9749,0.65527574,1,added_to_cart (+3.3972) | user_type_0 (+0.3862) | device_type_0 (-0.1811),Candidate for promotion - threshold-qualified
8339,0.66438365,1,added_to_cart (+3.3972) | user_type_0 (+0.3862) | device_type_2 (-0.2368),Candidate for promotion - threshold-qualified
22506,0.54865445,0,added_to_cart (+3.3972) | user_type_0 (-0.3160) | device_type_0 (-0.1811),Investigate checkout/discount friction
24039,0.72648958,1,added_to_cart (+3.3972) | user_type_0 (+0.3862) | visit_season_0 (-0.1830),Candidate for promotion - higher score
3009,0.00061012,0,added_to_cart (-4.8886) | user_type_0 (+0.3862) | device_type_1 (-0.1768),Retention/engagement nudge
192,0.00039945,0,added_to_cart (-4.8886) | user_type_0 (-0.3160) | visit_season_0 (-0.1830),Retention/engagement nudge
16466,0.00042912,0,added_to_cart (-4.8886) | user_type_0 (+0.3862) | visit_season_0 (-0.1830),Retention/engagement nudge
532,0.71908058,1,added_to_cart (+3.3972) | user_type_0 (+0.3862) | device_type_0 (-0.1811),Candidate for promotion - higher score
22686,0.00059820,0,added_to_cart (-4.8886) | user_type_0 (+0.3862) | visit_season_0 (-0.1830),Retention/engagement nudge
3658,0.54379827,0,added_to_cart (+3.3972) | user_type_0 (-0.3160) | device_type_2 (-0.2368),Investigate checkout/discount friction
2041,0.57944504,1,added_to_cart (+3.3972) | user_type_0 (-0.3160) | device_type_0 (-0.1811),Candidate for promotion - threshold-qualified
19180,0.00044685,0,added_to_cart (-4.8886) | user_type_0 (+0.3862) | device_type_0 (-0.1811),Retention/engagement nudge
2690,0.64686296,1,added_to_cart (+3.3972) | user_type_0 (+0.3862) | device_type_0 (-0.1811),Candidate for promotion - threshold-qualified
3657,0.00075227,0,added_to_cart (-4.8886) | user_type_0 (+0.3862) | device_type_1 (-0.1768),Retention/engagement nudge
24749,0.67507122,1,added_to_cart (+3.3972) | user_type_0 (+0.3862) | device_type_1 (-0.1768),Candidate for promotion - higher score
2964,0.60002818,1,added_to_cart (+3.3972) | user_type_0 (-0.3160) | device_type_0 (-0.1811),Candidate for promotion - threshold-qualified
7171,0.00034322,0,added_to_cart (-4.8886) | user_type_0 (-0.3160) | device_type_0 (-0.1811),Retention/engagement nudge
2744,0.62330558,1,added_to_cart (+3.3972) | user_type_0 (-0.3160) | device_type_1 (-0.1768),Candidate for promotion - threshold-qualified
16116,0.00060818,0,added_to_cart (-4.8886) | user_type_0 (+0.3862) | device_type_1 (-0.1768),Retention/engagement nudge
21197,0.64543925,1,added_to_cart (+3.3972) | user_type_0 (+0.3862) | device_type_1 (-0.1768),Candidate for promotion - threshold-qualified
777,0.66344248,1,added_to_cart (+3.3972) | user_type_0 (+0.3862) | visit_season_0 (-0.1830),Candidate for promotion - threshold-qualified
14201,0.68291769,1,added_to_cart (+3.3972) | user_type_0 (+0.3862) | device_type_1 (-0.1768),Candidate for promotion - higher score
7799,0.67637685,1,added_to_cart (+3.3972) | user_type_0 (+0.3862) | device_type_1 (-0.1768),Candidate for promotion - higher score
24812,0.00071840,0,added_to_cart (-4.8886) | user_type_0 (+0.3862) | device_type_0 (-0.1811),Retention/engagement nudge
20661,0.56552705,0,added_to_cart (+3.3972) | user_type_0 (-0.3160) | visit_season_0 (-0.1830),Investigate checkout/discount friction
11689,0.69076494,1,added_to_cart (+3.3972) | user_type_0 (+0.3862) | visit_season_0 (-0.1830),Candidate for promotion - higher score
13158,0.00049391,0,added_to_cart (-4.8886) | user_type_0 (+0.3862) | time_on_site_sec (-0.1834),Retention/engagement nudge
11459,0.69374967,1,added_to_cart (+3.3972) | user_type_0 (+0.3862) | device_type_2 (-0.2368),Candidate for promotion - higher score
15898,0.65814655,1,added_to_cart (+3.3972) | user_type_0 (+0.3862) | device_type_0 (-0.1811),Candidate for promotion - threshold-qualified
7418,0.00047278,0,added_to_cart (-4.8886) | user_type_0 (-0.3160) | device_type_2 (-0.2368),Retention/engagement nudge
23171,0.67288454,1,added_to_cart (+3.3972) | user_type_0 (+0.3862) | device_type_1 (-0.1768),Candidate for promotion - higher score
14833,0.00037066,0,added_to_cart (-4.8886) | user_type_0 (-0.3160) | device_type_1 (-0.1768),Retention/engagement nudge
6376,0.00069048,0,added_to_cart (-4.8886) | user_type_0 (+0.3862) | device_type_2 (-0.2368),Retention/engagement nudge
23314,0.00049464,0,added_to_cart (-4.8886) | user_type_0 (+0.3862) | device_type_2 (-0.2368),Retention/engagement nudge
17941,0.53637567,0,added_to_cart (+3.3972) | user_type_0 (-0.3160) | device_type_0 (-0.1811),Investigate checkout/discount friction
12651,0.00041962,0,added_to_cart (-4.8886) | user_type_0 (+0.3862) | device_type_1 (-0.1768),Retention/engagement nudge
8204,0.70004785,1,added_to_cart (+3.3972) | user_type_0 (+0.3862) | visit_season_0 (-0.1830),Candidate for promotion - higher score
20224,0.66367864,1,added_to_cart (+3.3972) | user_type_0 (+0.3862) | visit_season_0 (-0.1830),Candidate for promotion - threshold-qualified
5113,0.51426386,0,added_to_cart (+3.3972) | user_type_0 (-0.3160) | visit_season_0 (-0.1830),Investigate checkout/discount friction
8724,0.64038344,1,added_to_cart (+3.3972) | user_type_0 (+0.3862) | time_on_site_sec (-0.1967),Candidate for promotion - threshold-qualified
18031,0.60550495,1,added_to_cart (+3.3972) | user_type_0 (-0.3160) | device_type_0 (-0.1811),Candidate for promotion - threshold-qualified
22034,0.00035165,0,added_to_cart (-4.8886) | user_type_0 (-0.3160) | device_type_0 (-0.1811),Retention/engagement nudge
23601,0.00073860,0,added_to_cart (-4.8886) | user_type_0 (+0.3862) | device_type_0 (-0.1811),Retention/engagement nudge
7194,0.57858795,1,added_to_cart (+3.3972) | user_type_0 (-0.3160) | device_type_1 (-0.1768),Candidate for promotion - threshold-qualified
23239,0.67214098,1,added_to_cart (+3.3972) | user_type_0 (+0.3862) | device_type_2 (-0.2368),Candidate for promotion - threshold-qualified
7093,0.66098622,1,added_to_cart (+3.3972) | user_type_0 (-0.3160) | device_type_0 (-0.1811),Candidate for promotion - threshold-qualified
7306,0.53664004,0,added_to_cart (+3.3972) | user_type_0 (-0.3160) | device_type_1 (-0.1768),Investigate checkout/discount friction
23945,0.65131583,1,added_to_cart (+3.3972) | user_type_0 (-0.3160) | device_type_0 (-0.1811),Candidate for promotion - threshold-qualified
23953,0.00030323,0,added_to_cart (-4.8886) | user_type_0 (-0.3160) | device_type_0 (-0.1811),Retention/engagement nudge
8164,0.58380961,1,added_to_cart (+3.3972) | user_type_0 (-0.3160) | device_type_0 (-0.1811),Candidate for promotion - threshold-qualified
21368,0.58688473,1,added_to_cart (+3.3972) | user_type_0 (-0.3160) | visit_season_0 (-0.1830),Candidate for promotion - threshold-qualified
11479,0.71039158,1,added_to_cart (+3.3972) | user_type_0 (+0.3862) | device_type_0 (-0.1811),Candidate for promotion - higher score
24601,0.00069308,0,added_to_cart (-4.8886) | user_type_0 (+0.3862) | visit_season_1 (-0.1783),Retention/engagement nudge
24167,0.69761735,1,added_to_cart (+3.3972) | user_type_0 (+0.3862) | visit_season_0 (-0.1830),Candidate for promotion - higher score
12890,0.62558364,1,added_to_cart (+3.3972) | user_type_0 (-0.3160) | visit_season_0 (-0.1830),Candidate for promotion - threshold-qualified
8905,0.00056374,0,added_to_cart (-4.8886) | user_type_0 (+0.3862) | device_type_1 (-0.1768),Retention/engagement nudge
16402,0.72430679,1,added_to_cart (+3.3972) | user_type_0 (+0.3862) | device_type_2 (-0.2368),Candidate for promotion - higher score
12573,0.62957637,1,added_to_cart (+3.3972) | user_type_0 (-0.3160) | visit_season_0 (-0.1830),Candidate for promotion - threshold-qualified
23875,0.00041918,0,added_to_cart (-4.8886) | user_type_0 (-0.3160) | device_type_1 (-0.1768),Retention/engagement nudge
24008,0.70154525,1,added_to_cart (+3.3972) | user_type_0 (+0.3862) | device_type_1 (-0.1768),Candidate for promotion - higher score
4435,0.00069648,0,added_to_cart (-4.8886) | user_type_0 (+0.3862) | device_type_2 (-0.2368),Retention/engagement nudge
24088,0.66602190,1,added_to_cart (+3.3972) | user_type_0 (+0.3862) | device_type_2 (-0.2368),Candidate for promotion - threshold-qualified
2933,0.00039874,0,added_to_cart (-4.8886) | user_type_0 (-0.3160) | device_type_0 (-0.1811),Retention/engagement nudge
18585,0.61057797,1,added_to_cart (+3.3972) | user_type_0 (+0.3862) | time_on_site_sec (-0.2037),Candidate for promotion - threshold-qualified
20739,0.55934488,0,added_to_cart (+3.3972) | user_type_0 (-0.3160) | visit_season_0 (-0.1830),Investigate checkout/discount friction
4704,0.68928516,1,added_to_cart (+3.3972) | user_type_0 (+0.3862) | visit_season_0 (-0.1830),Candidate for promotion - higher score
22984,0.00032372,0,added_to_cart (-4.8886) | user_type_0 (-0.3160) | device_type_1 (-0.1768),Retention/engagement nudge
8541,0.69573192,1,added_to_cart (+3.3972) | user_type_0 (+0.3862) | device_type_0 (-0.1811),Candidate for promotion - higher score
9830,0.00039306,0,added_to_cart (-4.8886) | user_type_0 (-0.3160) | device_type_0 (-0.1811),Retention/engagement nudge
12934,0.70338791,1,added_to_cart (+3.3972) | user_type_0 (+0.3862) | visit_season_0 (-0.1830),Candidate for promotion - higher score
16574,0.71594178,1,added_to_cart (+3.3972) | user_type_0 (+0.3862) | device_type_1 (-0.1768),Candidate for promotion - higher score
5764,0.64686536,1,added_to_cart (+3.3972) | user_type_0 (-0.3160) | visit_season_1 (-0.1783),Candidate for promotion - threshold-qualified
17543,0.61054978,1,added_to_cart (+3.3972) | user_type_0 (-0.3160) | device_type_0 (-0.1811),Candidate for promotion - threshold-qualified
5393,0.00035890,0,added_to_cart (-4.8886) | user_type_0 (-0.3160) | device_type_2 (-0.2368),Retention/engagement nudge
18382,0.68787504,1,added_to_cart (+3.3972) | user_type_0 (+0.3862) | device_type_2 (-0.2368),Candidate for promotion - higher score
5835,0.59418993,1,added_to_cart (+3.3972) | user_type_0 (-0.3160) | visit_season_0 (-0.1830),Candidate for promotion - threshold-qualified
1208,0.72662508,1,added_to_cart (+3.3972) | user_type_0 (+0.3862) | device_type_1 (-0.1768),Candidate for promotion - higher score
21112,0.64449455,1,added_to_cart (+3.3972) | user_type_0 (-0.3160) | device_type_1 (-0.1768),Candidate for promotion - threshold-qualified
5602,0.62631175,1,added_to_cart (+3.3972) | user_type_0 (-0.3160) | visit_season_0 (-0.1830),Candidate for promotion - threshold-qualified
9263,0.58529334,1,added_to_cart (+3.3972) | user_type_0 (-0.3160) | device_type_1 (-0.1768),Candidate for promotion - threshold-qualified
24842,0.00052507,0,added_to_cart (-4.8886) | user_type_0 (+0.3862) | device_type_1 (-0.1768),Retention/engagement nudge
17728,0.00034357,0,added_to_cart (-4.8886) | user_type_0 (-0.3160) | device_type_0 (-0.1811),Retention/engagement nudge
23131,0.69083901,1,added_to_cart (+3.3972) | user_type_0 (+0.3862) | visit_season_0 (-0.1830),Candidate for promotion - higher score
22547,0.71118724,1,added_to_cart (+3.3972) | user_type_0 (+0.3862) | device_type_1 (-0.1768),Candidate for promotion - higher score
3175,0.73281105,1,added_to_cart (+3.3972) | user_type_0 (+0.3862) | device_type_0 (-0.1811),Candidate for promotion - higher score
13600,0.00046386,0,added_to_cart (-4.8886) | user_type_0 (+0.3862) | time_on_site_sec (-0.1976),Retention/engagement nudge
19287,0.61851919,1,added_to_cart (+3.3972) | user_type_0 (-0.3160) | device_type_2 (-0.2368),Candidate for promotion - threshold-qualified
23051,0.66900261,1,added_to_cart (+3.3972) | user_type_0 (+0.3862) | visit_season_1 (-0.1783),Candidate for promotion - threshold-qualified
23721,0.00059572,0,added_to_cart (-4.8886) | user_type_0 (+0.3862) | device_type_1 (-0.1768),Retention/engagement nudge
10663,0.57612361,1,added_to_cart (+3.3972) | user_type_0 (-0.3160) | device_type_1 (-0.1768),Candidate for promotion - threshold-qualified
2224,0.00037561,0,added_to_cart (-4.8886) | user_type_0 (-0.3160) | device_type_0 (-0.1811),Retention/engagement nudge
24249,0.00033661,0,added_to_cart (-4.8886) | user_type_0 (-0.3160) | device_type_1 (-0.1768),Retention/engagement nudge
24221,0.67876903,1,added_to_cart (+3.3972) | user_type_0 (+0.3862) | device_type_0 (-0.1811),Candidate for promotion - higher score
5771,0.00064891,0,added_to_cart (-4.8886) | user_type_0 (+0.3862) | device_type_2 (-0.2368),Retention/engagement nudge
3736,0.59104512,1,added_to_cart (+3.3972) | user_type_0 (-0.3160) | device_type_1 (-0.1768),Candidate for promotion - threshold-qualified
2270,0.57356389,1,added_to_cart (+3.3972) | user_type_0 (-0.3160) | device_type_0 (-0.1811),Candidate for promotion - threshold-qualified
16861,0.00037731,0,added_to_cart (-4.8886) | user_type_0 (-0.3160) | visit_season_0 (-0.1830),Retention/engagement nudge
10069,0.55272175,0,added_to_cart (+3.3972) | user_type_0 (-0.3160) | device_type_1 (-0.1768),Investigate checkout/discount friction
4318,0.00031879,0,added_to_cart (-4.8886) | user_type_0 (-0.3160) | visit_season_0 (-0.1830),Retention/engagement nudge
20950,0.00062077,0,added_to_cart (-4.8886) | user_type_0 (+0.3862) | device_type_0 (-0.1811),Retention/engagement nudge
21360,0.00034115,0,added_to_cart (-4.8886) | user_type_0 (-0.3160) | device_type_1 (-0.1768),Retention/engagement nudge
4801,0.58861886,1,added_to_cart (+3.3972) | user_type_0 (-0.3160) | time_on_site_sec (-0.2009),Candidate for promotion - threshold-qualified
20755,0.00039162,0,added_to_cart (-4.8886) | user_type_0 (-0.3160) | device_type_0 (-0.1811),Retention/engagement nudge
14284,0.70355437,1,added_to_cart (+3.3972) | user_type_0 (+0.3862) | device_type_1 (-0.1768),Candidate for promotion - higher score
4813,0.00055292,0,added_to_cart (-4.8886) | user_type_0 (+0.3862) | device_type_1 (-0.1768),Retention/engagement nudge
5534,0.67317982,1,added_to_cart (+3.3972) | user_type_0 (+0.3862) | visit_season_1 (-0.1783),Candidate for promotion - higher score
1086,0.00034320,0,added_to_cart (-4.8886) | user_type_0 (-0.3160) | visit_season_0 (-0.1830),Retention/engagement nudge
13831,0.00068916,0,added_to_cart (-4.8886) | user_type_0 (+0.3862) | visit_season_0 (-0.1830),Retention/engagement nudge
6564,0.60124555,1,added_to_cart (+3.3972) | user_type_0 (-0.3160) | device_type_1 (-0.1768),Candidate for promotion - threshold-qualified
10974,0.00035309,0,added_to_cart (-4.8886) | user_type_0 (-0.3160) | visit_season_0 (-0.1830),Retention/engagement nudge
10022,0.71502317,1,added_to_cart (+3.3972) | user_type_0 (+0.3862) | device_type_1 (-0.1768),Candidate for promotion - higher score
3208,0.00056014,0,added_to_cart (-4.8886) | user_type_0 (+0.3862) | device_type_2 (-0.2368),Retention/engagement nudge
19743,0.72404023,1,added_to_cart (+3.3972) | user_type_0 (+0.3862) | device_type_0 (-0.1811),Candidate for promotion - higher score
14348,0.66760717,1,added_to_cart (+3.3972) | user_type_0 (+0.3862) | visit_season_0 (-0.1830),Candidate for promotion - threshold-qualified
12761,0.00049917,0,added_to_cart (-4.8886) | user_type_0 (+0.3862) | device_type_0 (-0.1811),Retention/engagement nudge
5886,0.00063324,0,added_to_cart (-4.8886) | user_type_0 (+0.3862) | device_type_2 (-0.2368),Retention/engagement nudge
15159,0.73414694,1,added_to_cart (+3.3972) | user_type_0 (+0.3862) | device_type_1 (-0.1768),Candidate for promotion - higher score
4918,0.00043840,0,added_to_cart (-4.8886) | user_type_0 (+0.3862) | visit_season_0 (-0.1830),Retention/engagement nudge
5405,0.73079024,1,added_to_cart (+3.3972) | user_type_0 (+0.3862) | device_type_0 (-0.1811),Candidate for promotion - higher score
180,0.57147832,0,added_to_cart (+3.3972) | user_type_0 (-0.3160) | device_type_1 (-0.1768),Investigate checkout/discount friction
22143,0.66147867,1,added_to_cart (+3.3972) | user_type_0 (+0.3862) | device_type_2 (-0.2368),Candidate for promotion - threshold-qualified
1411,0.63311199,1,added_to_cart (+3.3972) | user_type_0 (-0.3160) | device_type_0 (-0.1811),Candidate for promotion - threshold-qualified
22173,0.57815770,1,added_to_cart (+3.3972) | user_type_0 (-0.3160) | device_type_0 (-0.1811),Candidate for promotion - threshold-qualified
23438,0.70096912,1,added_to_cart (+3.3972) | user_type_0 (+0.3862) | device_type_1 (-0.1768),Candidate for promotion - higher score
14690,0.58038286,1,added_to_cart (+3.3972) | user_type_0 (-0.3160) | device_type_2 (-0.2368),Candidate for promotion - threshold-qualified
22060,0.00037438,0,added_to_cart (-4.8886) | user_type_0 (-0.3160) | device_type_2 (-0.2368),Retention/engagement nudge
12599,0.69530951,1,added_to_cart (+3.3972) | user_type_0 (+0.3862) | device_type_0 (-0.1811),Candidate for promotion - higher score
1299,0.57405948,1,added_to_cart (+3.3972) | user_type_0 (-0.3160) | device_type_0 (-0.1811),Candidate for promotion - threshold-qualified
23121,0.00040079,0,added_to_cart (-4.8886) | user_type_0 (-0.3160) | device_type_0 (-0.1811),Retention/engagement nudge
20013,0.00045333,0,added_to_cart (-4.8886) | user_type_0 (-0.3160) | device_type_2 (-0.2368),Retention/engagement nudge
12874,0.65847008,1,added_to_cart (+3.3972) | user_type_0 (+0.3862) | device_type_2 (-0.2368),Candidate for promotion - threshold-qualified
19811,0.56874125,0,added_to_cart (+3.3972) | user_type_0 (-0.3160) | visit_season_0 (-0.1830),Investigate checkout/discount friction
21472,0.54142232,0,added_to_cart (+3.3972) | user_type_0 (-0.3160) | device_type_0 (-0.1811),Investigate checkout/discount friction
9209,0.00054692,0,added_to_cart (-4.8886) | user_type_0 (+0.3862) | device_type_0 (-0.1811),Retention/engagement nudge
9640,0.00053543,0,added_to_cart (-4.8886) | user_type_0 (+0.3862) | device_type_1 (-0.1768),Retention/engagement nudge
4463,0.00064117,0,added_to_cart (-4.8886) | user_type_0 (+0.3862) | device_type_0 (-0.1811),Retention/engagement nudge
10838,0.63983202,1,added_to_cart (+3.3972) | user_type_0 (-0.3160) | device_type_2 (-0.2368),Candidate for promotion - threshold-qualified
665,0.66859584,1,added_to_cart (+3.3972) | user_type_0 (+0.3862) | time_on_site_sec (-0.1881),Candidate for promotion - threshold-qualified
17611,0.00070816,0,added_to_cart (-4.8886) | user_type_0 (+0.3862) | device_type_2 (-0.2368),Retention/engagement nudge
22065,0.68267585,1,added_to_cart (+3.3972) | user_type_0 (+0.3862) | device_type_0 (-0.1811),Candidate for promotion - higher score
16587,0.66787218,1,added_to_cart (+3.3972) | user_type_0 (+0.3862) | visit_season_0 (-0.1830),Candidate for promotion - threshold-qualified
24264,0.00052476,0,added_to_cart (-4.8886) | user_type_0 (+0.3862) | device_type_1 (-0.1768),Retention/engagement nudge
3539,0.56484274,0,added_to_cart (+3.3972) | user_type_0 (-0.3160) | device_type_0 (-0.1811),Investigate checkout/discount friction
20913,0.00028592,0,added_to_cart (-4.8886) | user_type_0 (-0.3160) | time_on_site_sec (-0.1857),Retention/engagement nudge
18423,0.53034665,0,added_to_cart (+3.3972) | user_type_0 (-0.3160) | visit_season_0 (-0.1830),Investigate checkout/discount friction
21117,0.64877549,1,added_to_cart (+3.3972) | user_type_0 (+0.3862) | device_type_1 (-0.1768),Candidate for promotion - threshold-qualified
18817,0.00050979,0,added_to_cart (-4.8886) | user_type_0 (+0.3862) | device_type_0 (-0.1811),Retention/engagement nudge
23164,0.00034698,0,added_to_cart (-4.8886) | user_type_0 (-0.3160) | device_type_1 (-0.1768),Retention/engagement nudge
8881,0.64651625,1,added_to_cart (+3.3972) | user_type_0 (+0.3862) | visit_season_0 (-0.1830),Candidate for promotion - threshold-qualified
8513,0.64646102,1,added_to_cart (+3.3972) | user_type_0 (-0.3160) | device_type_0 (-0.1811),Candidate for promotion - threshold-qualified
11001,0.71535935,1,added_to_cart (+3.3972) | user_type_0 (+0.3862) | device_type_0 (-0.1811),Candidate for promotion - higher score
21158,0.00030852,0,added_to_cart (-4.8886) | user_type_0 (-0.3160) | device_type_0 (-0.1811),Retention/engagement nudge
6865,0.78315339,1,added_to_cart (+3.3972) | user_type_0 (+0.3862) | device_type_0 (-0.1811),Candidate for promotion - higher score
24470,0.56748889,0,added_to_cart (+3.3972) | user_type_0 (-0.3160) | time_on_site_sec (-0.2020),Investigate checkout/discount friction
17985,0.00046282,0,added_to_cart (-4.8886) | user_type_0 (+0.3862) | time_on_site_sec (-0.2028),Retention/engagement nudge
6228,0.49582333,0,added_to_cart (+3.3972) | user_type_0 (-0.3160) | device_type_0 (-0.1811),Investigate checkout/discount friction
7133,0.54678803,0,added_to_cart (+3.3972) | user_type_0 (-0.3160) | device_type_0 (-0.1811),Investigate checkout/discount friction
23657,0.58689658,1,added_to_cart (+3.3972) | user_type_0 (-0.3160) | time_on_site_sec (-0.1936),Candidate for promotion - threshold-qualified
20024,0.00058767,0,added_to_cart (-4.8886) | user_type_0 (+0.3862) | device_type_2 (-0.2368),Retention/engagement nudge
23168,0.55507922,0,added_to_cart (+3.3972) | user_type_0 (-0.3160) | visit_season_0 (-0.1830),Investigate checkout/discount friction
200,0.72683112,1,added_to_cart (+3.3972) | user_type_0 (+0.3862) | device_type_0 (-0.1811),Candidate for promotion - higher score
4450,0.70750821,1,added_to_cart (+3.3972) | user_type_0 (+0.3862) | device_type_2 (-0.2368),Candidate for promotion - higher score
22677,0.00062450,0,added_to_cart (-4.8886) | user_type_0 (+0.3862) | device_type_0 (-0.1811),Retention/engagement nudge
8420,0.00061144,0,added_to_cart (-4.8886) | user_type_0 (+0.3862) | visit_season_1 (-0.1783),Retention/engagement nudge
2256,0.60197878,1,added_to_cart (+3.3972) | user_type_0 (-0.3160) | device_type_1 (-0.1768),Candidate for promotion - threshold-qualified
23863,0.58587781,1,added_to_cart (+3.3972) | user_type_0 (-0.3160) | device_type_1 (-0.1768),Candidate for promotion - threshold-qualified
18050,0.69324520,1,added_to_cart (+3.3972) | user_type_0 (+0.3862) | visit_season_0 (-0.1830),Candidate for promotion - higher score
9002,0.53815380,0,added_to_cart (+3.3972) | user_type_0 (-0.3160) | time_on_site_sec (-0.1900),Investigate checkout/discount friction
8709,0.69244103,1,added_to_cart (+3.3972) | user_type_0 (+0.3862) | visit_season_0 (-0.1830),Candidate for promotion - higher score
4081,0.71049868,1,added_to_cart (+3.3972) | user_type_0 (+0.3862) | visit_season_0 (-0.1830),Candidate for promotion - higher score
521,0.58520707,1,added_to_cart (+3.3972) | user_type_0 (-0.3160) | visit_season_0 (-0.1830),Candidate for promotion - threshold-qualified
7850,0.48967530,0,added_to_cart (+3.3972) | user_type_0 (-0.3160) | time_on_site_sec (-0.1813),Investigate checkout/discount friction
11520,0.51594863,0,added_to_cart (+3.3972) | user_type_0 (-0.3160) | device_type_2 (-0.2368),Investigate checkout/discount friction
6348,0.68365853,1,added_to_cart (+3.3972) | user_type_0 (-0.3160) | device_type_2 (-0.2368),Candidate for promotion - higher score
3932,0.68805584,1,added_to_cart (+3.3972) | user_type_0 (+0.3862) | device_type_1 (-0.1768),Candidate for promotion - higher score
17319,0.00048797,0,added_to_cart (-4.8886) | user_type_0 (+0.3862) | device_type_2 (-0.2368),Retention/engagement nudge
22955,0.00035799,0,added_to_cart (-4.8886) | user_type_0 (-0.3160) | device_type_2 (-0.2368),Retention/engagement nudge
22946,0.70029800,1,added_to_cart (+3.3972) | user_type_0 (+0.3862) | device_type_0 (-0.1811),Candidate for promotion - higher score
11438,0.55884041,0,added_to_cart (+3.3972) | user_type_0 (-0.3160) | device_type_0 (-0.1811),Investigate checkout/discount friction
23174,0.00075892,0,added_to_cart (-4.8886) | user_type_0 (+0.3862) | device_type_0 (-0.1811),Retention/engagement nudge
20081,0.73829193,1,added_to_cart (+3.3972) | user_type_0 (+0.3862) | visit_season_1 (-0.1783),Candidate for promotion - higher score
16695,0.00068268,0,added_to_cart (-4.8886) | user_type_0 (+0.3862) | device_type_2 (-0.2368),Retention/engagement nudge
16341,0.59613143,1,added_to_cart (+3.3972) | user_type_0 (-0.3160) | visit_season_0 (-0.1830),Candidate for promotion - threshold-qualified
12763,0.64749593,1,added_to_cart (+3.3972) | user_type_0 (-0.3160) | device_type_2 (-0.2368),Candidate for promotion - threshold-qualified
21461,0.70875621,1,added_to_cart (+3.3972) | user_type_0 (+0.3862) | visit_season_1 (-0.1783),Candidate for promotion - higher score
11180,0.00079675,0,added_to_cart (-4.8886) | user_type_0 (+0.3862) | visit_season_0 (-0.1830),Retention/engagement nudge
16168,0.57251224,0,added_to_cart (+3.3972) | user_type_0 (-0.3160) | device_type_1 (-0.1768),Investigate checkout/discount friction
6091,0.61348899,1,added_to_cart (+3.3972) | user_type_0 (-0.3160) | visit_season_1 (-0.1783),Candidate for promotion - threshold-qualified
15175,0.00061908,0,added_to_cart (-4.8886) | user_type_0 (+0.3862) | device_type_1 (-0.1768),Retention/engagement nudge
20068,0.73359331,1,added_to_cart (+3.3972) | user_type_0 (+0.3862) | device_type_0 (-0.1811),Candidate for promotion - higher score
10890,0.00051767,0,added_to_cart (-4.8886) | user_type_0 (+0.3862) | visit_season_1 (-0.1783),Retention/engagement nudge
21040,0.59757299,1,added_to_cart (+3.3972) | user_type_0 (-0.3160) | device_type_1 (-0.1768),Candidate for promotion - threshold-qualified
5189,0.54204747,0,added_to_cart (+3.3972) | user_type_0 (-0.3160) | device_type_2 (-0.2368),Investigate checkout/discount friction
12151,0.58782654,1,added_to_cart (+3.3972) | user_type_0 (-0.3160) | device_type_1 (-0.1768),Candidate for promotion - threshold-qualified
7805,0.56099328,0,added_to_cart (+3.3972) | user_type_0 (-0.3160) | visit_season_0 (-0.1830),Investigate checkout/discount friction
4851,0.00044326,0,added_to_cart (-4.8886) | user_type_0 (+0.3862) | time_on_site_sec (-0.2003),Retention/engagement nudge
24824,0.00026955,0,added_to_cart (-4.8886) | user_type_0 (-0.3160) | time_on_site_sec (-0.1997),Retention/engagement nudge
16537,0.65254396,1,added_to_cart (+3.3972) | user_type_0 (+0.3862) | device_type_1 (-0.1768),Candidate for promotion - threshold-qualified
14652,0.53508223,0,added_to_cart (+3.3972) | user_type_0 (-0.3160) | time_on_site_sec (-0.1974),Investigate checkout/discount friction
19249,0.73738924,1,added_to_cart (+3.3972) | user_type_0 (+0.3862) | device_type_0 (-0.1811),Candidate for promotion - higher score
15385,0.69710326,1,added_to_cart (+3.3972) | user_type_0 (+0.3862) | device_type_0 (-0.1811),Candidate for promotion - higher score
1095,0.68541384,1,added_to_cart (+3.3972) | user_type_0 (+0.3862) | device_type_1 (-0.1768),Candidate for promotion - higher score
20911,0.68262055,1,added_to_cart (+3.3972) | user_type_0 (+0.3862) | device_type_1 (-0.1768),Candidate for promotion - higher score
13676,0.74361978,1,added_to_cart (+3.3972) | user_type_0 (+0.3862) | device_type_0 (-0.1811),Candidate for promotion - higher score
17959,0.00048952,0,added_to_cart (-4.8886) | user_type_0 (+0.3862) | time_on_site_sec (-0.1900),Retention/engagement nudge
9086,0.00039361,0,added_to_cart (-4.8886) | user_type_0 (-0.3160) | device_type_1 (-0.1768),Retention/engagement nudge
24864,0.62860818,1,added_to_cart (+3.3972) | user_type_0 (-0.3160) | visit_season_1 (-0.1783),Candidate for promotion - threshold-qualified
5919,0.59975694,1,added_to_cart (+3.3972) | user_type_0 (-0.3160) | device_type_2 (-0.2368),Candidate for promotion - threshold-qualified
8415,0.00073135,0,added_to_cart (-4.8886) | user_type_0 (+0.3862) | device_type_1 (-0.1768),Retention/engagement nudge
16593,0.57709466,1,added_to_cart (+3.3972) | user_type_0 (-0.3160) | time_on_site_sec (-0.1866),Candidate for promotion - threshold-qualified
24379,0.70864818,1,added_to_cart (+3.3972) | user_type_0 (+0.3862) | visit_season_0 (-0.1830),Candidate for promotion - higher score
14995,0.00039750,0,added_to_cart (-4.8886) | user_type_0 (-0.3160) | visit_season_0 (-0.1830),Retention/engagement nudge
17286,0.67122909,1,added_to_cart (+3.3972) | user_type_0 (+0.3862) | visit_season_0 (-0.1830),Candidate for promotion - threshold-qualified
24860,0.00045196,0,added_to_cart (-4.8886) | user_type_0 (+0.3862) | device_type_2 (-0.2368),Retention/engagement nudge
23279,0.00037045,0,added_to_cart (-4.8886) | user_type_0 (-0.3160) | visit_season_0 (-0.1830),Retention/engagement nudge
3660,0.66643499,1,added_to_cart (+3.3972) | user_type_0 (+0.3862) | device_type_1 (-0.1768),Candidate for promotion - threshold-qualified
7011,0.54820637,0,added_to_cart (+3.3972) | user_type_0 (-0.3160) | device_type_1 (-0.1768),Investigate checkout/discount friction
20623,0.00033901,0,added_to_cart (-4.8886) | user_type_0 (-0.3160) | visit_season_0 (-0.1830),Retention/engagement nudge
22365,0.75646001,1,added_to_cart (+3.3972) | user_type_0 (+0.3862) | device_type_0 (-0.1811),Candidate for promotion - higher score
1270,0.00027921,0,added_to_cart (-4.8886) | user_type_0 (-0.3160) | device_type_1 (-0.1768),Retention/engagement nudge
7927,0.64665560,1,added_to_cart (+3.3972) | user_type_0 (-0.3160) | device_type_0 (-0.1811),Candidate for promotion - threshold-qualified
7974,0.64059631,1,added_to_cart (+3.3972) | user_type_0 (+0.3862) | device_type_0 (-0.1811),Candidate for promotion - threshold-qualified
6164,0.00043054,0,added_to_cart (-4.8886) | user_type_0 (-0.3160) | device_type_0 (-0.1811),Retention/engagement nudge
11209,0.54409155,0,added_to_cart (+3.3972) | user_type_0 (-0.3160) | visit_season_1 (-0.1783),Investigate checkout/discount friction
3552,0.00030176,0,added_to_cart (-4.8886) | user_type_0 (-0.3160) | visit_season_0 (-0.1830),Retention/engagement nudge
24708,0.00060483,0,added_to_cart (-4.8886) | user_type_0 (+0.3862) | visit_season_1 (-0.1783),Retention/engagement nudge
3024,0.60083725,1,added_to_cart (+3.3972) | user_type_0 (-0.3160) | device_type_0 (-0.1811),Candidate for promotion - threshold-qualified
14302,0.53799894,0,added_to_cart (+3.3972) | user_type_0 (-0.3160) | device_type_1 (-0.1768),Investigate checkout/discount friction
4505,0.00059691,0,added_to_cart (-4.8886) | user_type_0 (+0.3862) | visit_season_1 (-0.1783),Retention/engagement nudge
19173,0.62066641,1,added_to_cart (+3.3972) | user_type_0 (-0.3160) | visit_season_1 (-0.1783),Candidate for promotion - threshold-qualified
14324,0.00030336,0,added_to_cart (-4.8886) | user_type_0 (-0.3160) | device_type_1 (-0.1768),Retention/engagement nudge
10436,0.74716702,1,added_to_cart (+3.3972) | user_type_0 (+0.3862) | visit_season_0 (-0.1830),Candidate for promotion - higher score
15388,0.00055783,0,added_to_cart (-4.8886) | user_type_0 (+0.3862) | device_type_0 (-0.1811),Retention/engagement nudge
22262,0.00028178,0,added_to_cart (-4.8886) | user_type_0 (-0.3160) | device_type_2 (-0.2368),Retention/engagement nudge
19253,0.70795187,1,added_to_cart (+3.3972) | user_type_0 (+0.3862) | device_type_1 (-0.1768),Candidate for promotion - higher score
10561,0.00056738,0,added_to_cart (-4.8886) | user_type_0 (+0.3862) | device_type_0 (-0.1811),Retention/engagement nudge
18398,0.62983956,1,added_to_cart (+3.3972) | user_type_0 (-0.3160) | device_type_2 (-0.2368),Candidate for promotion - threshold-qualified
5922,0.72798982,1,added_to_cart (+3.3972) | user_type_0 (+0.3862) | device_type_2 (-0.2368),Candidate for promotion - higher score
5156,0.64397752,1,added_to_cart (+3.3972) | user_type_0 (+0.3862) | visit_season_0 (-0.1830),Candidate for promotion - threshold-qualified
5851,0.68765467,1,added_to_cart (+3.3972) | user_type_0 (+0.3862) | device_type_0 (-0.1811),Candidate for promotion - higher score
23248,0.00056859,0,added_to_cart (-4.8886) | user_type_0 (+0.3862) | visit_season_1 (-0.1783),Retention/engagement nudge
13626,0.00024914,0,added_to_cart (-4.8886) | user_type_0 (-0.3160) | device_type_0 (-0.1811),Retention/engagement nudge
23536,0.70875343,1,added_to_cart (+3.3972) | user_type_0 (+0.3862) | device_type_0 (-0.1811),Candidate for promotion - higher score
22141,0.68193231,1,added_to_cart (+3.3972) | user_type_0 (+0.3862) | device_type_1 (-0.1768),Candidate for promotion - higher score
13751,0.00078702,0,added_to_cart (-4.8886) | user_type_0 (+0.3862) | device_type_1 (-0.1768),Retention/engagement nudge
4083,0.00047110,0,added_to_cart (-4.8886) | user_type_0 (+0.3862) | device_type_1 (-0.1768),Retention/engagement nudge
1723,0.58236406,1,added_to_cart (+3.3972) | user_type_0 (-0.3160) | device_type_0 (-0.1811),Candidate for promotion - threshold-qualified
489,0.69034984,1,added_to_cart (+3.3972) | user_type_0 (+0.3862) | visit_season_0 (-0.1830),Candidate for promotion - higher score
2692,0.00045623,0,added_to_cart (-4.8886) | user_type_0 (-0.3160) | device_type_0 (-0.1811),Retention/engagement nudge
13931,0.00030958,0,added_to_cart (-4.8886) | user_type_0 (-0.3160) | device_type_0 (-0.1811),Retention/engagement nudge
3823,0.72222393,1,added_to_cart (+3.3972) | user_type_0 (+0.3862) | device_type_2 (-0.2368),Candidate for promotion - higher score
6572,0.00026551,0,added_to_cart (-4.8886) | user_type_0 (-0.3160) | visit_season_1 (-0.1783),Retention/engagement nudge
14390,0.00030534,0,added_to_cart (-4.8886) | user_type_0 (-0.3160) | visit_season_1 (-0.1783),Retention/engagement nudge
17476,0.53665402,0,added_to_cart (+3.3972) | user_type_0 (-0.3160) | device_type_0 (-0.1811),Investigate checkout/discount friction
11616,0.00045899,0,added_to_cart (-4.8886) | user_type_0 (-0.3160) | device_type_1 (-0.1768),Retention/engagement nudge
14637,0.64702535,1,added_to_cart (+3.3972) | user_type_0 (+0.3862) | visit_season_0 (-0.1830),Candidate for promotion - threshold-qualified
11196,0.00042077,0,added_to_cart (-4.8886) | user_type_0 (-0.3160) | device_type_2 (-0.2368),Retention/engagement nudge
17397,0.57984578,1,added_to_cart (+3.3972) | user_type_0 (-0.3160) | device_type_1 (-0.1768),Candidate for promotion - threshold-qualified
24981,0.00031427,0,added_to_cart (-4.8886) | user_type_0 (-0.3160) | device_type_0 (-0.1811),Retention/engagement nudge
15876,0.00043502,0,added_to_cart (-4.8886) | user_type_0 (-0.3160) | device_type_1 (-0.1768),Retention/engagement nudge
20560,0.59321028,1,added_to_cart (+3.3972) | user_type_0 (-0.3160) | device_type_1 (-0.1768),Candidate for promotion - threshold-qualified
20558,0.73588813,1,added_to_cart (+3.3972) | user_type_0 (+0.3862) | device_type_1 (-0.1768),Candidate for promotion - higher score
22149,0.61452187,1,added_to_cart (+3.3972) | user_type_0 (-0.3160) | device_type_1 (-0.1768),Candidate for promotion - threshold-qualified
12513,0.61362403,1,added_to_cart (+3.3972) | user_type_0 (-0.3160) | device_type_0 (-0.1811),Candidate for promotion - threshold-qualified
13557,0.00034784,0,added_to_cart (-4.8886) | user_type_0 (-0.3160) | device_type_1 (-0.1768),Retention/engagement nudge
17557,0.69118014,1,added_to_cart (+3.3972) | user_type_0 (+0.3862) | device_type_0 (-0.1811),Candidate for promotion - higher score
3243,0.00064004,0,added_to_cart (-4.8886) | user_type_0 (+0.3862) | visit_season_1 (-0.1783),Retention/engagement nudge
19460,0.00056596,0,added_to_cart (-4.8886) | user_type_0 (+0.3862) | visit_season_0 (-0.1830),Retention/engagement nudge
15716,0.61953000,1,added_to_cart (+3.3972) | user_type_0 (-0.3160) | device_type_1 (-0.1768),Candidate for promotion - threshold-qualified
2942,0.54955662,0,added_to_cart (+3.3972) | user_type_0 (-0.3160) | device_type_0 (-0.1811),Investigate checkout/discount friction
22786,0.70887116,1,added_to_cart (+3.3972) | user_type_0 (+0.3862) | visit_season_0 (-0.1830),Candidate for promotion - higher score
20910,0.67009687,1,added_to_cart (+3.3972) | user_type_0 (+0.3862) | visit_season_0 (-0.1830),Candidate for promotion - threshold-qualified
8656,0.00051311,0,added_to_cart (-4.8886) | user_type_0 (+0.3862) | device_type_0 (-0.1811),Retention/engagement nudge
2991,0.00085849,0,added_to_cart (-4.8886) | user_type_0 (+0.3862) | visit_season_1 (-0.1783),Retention/engagement nudge
15264,0.69539515,1,added_to_cart (+3.3972) | user_type_0 (+0.3862) | device_type_1 (-0.1768),Candidate for promotion - higher score
11198,0.00050979,0,added_to_cart (-4.8886) | user_type_0 (+0.3862) | device_type_1 (-0.1768),Retention/engagement nudge
17822,0.68993221,1,added_to_cart (+3.3972) | user_type_0 (+0.3862) | device_type_0 (-0.1811),Candidate for promotion - higher score
14314,0.69039660,1,added_to_cart (+3.3972) | user_type_0 (+0.3862) | device_type_0 (-0.1811),Candidate for promotion - higher score
9561,0.00061452,0,added_to_cart (-4.8886) | user_type_0 (+0.3862) | device_type_1 (-0.1768),Retention/engagement nudge
567,0.60106862,1,added_to_cart (+3.3972) | user_type_0 (-0.3160) | device_type_0 (-0.1811),Candidate for promotion - threshold-qualified
15353,0.00054864,0,added_to_cart (-4.8886) | user_type_0 (+0.3862) | visit_season_0 (-0.1830),Retention/engagement nudge
8892,0.56328950,0,added_to_cart (+3.3972) | user_type_0 (-0.3160) | device_type_1 (-0.1768),Investigate checkout/discount friction
3597,0.54612805,0,added_to_cart (+3.3972) | user_type_0 (-0.3160) | device_type_0 (-0.1811),Investigate checkout/discount friction
15380,0.00071415,0,added_to_cart (-4.8886) | user_type_0 (+0.3862) | device_type_1 (-0.1768),Retention/engagement nudge
13384,0.71334727,1,added_to_cart (+3.3972) | user_type_0 (+0.3862) | time_on_site_sec (-0.1887),Candidate for promotion - higher score
14002,0.64927192,1,added_to_cart (+3.3972) | user_type_0 (+0.3862) | device_type_0 (-0.1811),Candidate for promotion - threshold-qualified
7651,0.58776075,1,added_to_cart (+3.3972) | user_type_0 (-0.3160) | device_type_1 (-0.1768),Candidate for promotion - threshold-qualified
14062,0.65505657,1,added_to_cart (+3.3972) | user_type_0 (+0.3862) | visit_season_1 (-0.1783),Candidate for promotion - threshold-qualified
14579,0.59756483,1,added_to_cart (+3.3972) | user_type_0 (-0.3160) | device_type_1 (-0.1768),Candidate for promotion - threshold-qualified
4526,0.68386191,1,added_to_cart (+3.3972) | user_type_0 (+0.3862) | visit_season_1 (-0.1783),Candidate for promotion - higher score
21939,0.00035224,0,added_to_cart (-4.8886) | user_type_0 (-0.3160) | device_type_0 (-0.1811),Retention/engagement nudge
22429,0.00042151,0,added_to_cart (-4.8886) | user_type_0 (+0.3862) | time_on_site_sec (-0.1889),Retention/engagement nudge
17533,0.00050638,0,added_to_cart (-4.8886) | user_type_0 (+0.3862) | visit_season_0 (-0.1830),Retention/engagement nudge
22882,0.00046982,0,added_to_cart (-4.8886) | user_type_0 (+0.3862) | visit_season_0 (-0.1830),Retention/engagement nudge
23633,0.54239518,0,added_to_cart (+3.3972) | user_type_0 (-0.3160) | visit_season_0 (-0.1830),Investigate checkout/discount friction
1258,0.00055231,0,added_to_cart (-4.8886) | user_type_0 (+0.3862) | device_type_2 (-0.2368),Retention/engagement nudge
19359,0.73235046,1,added_to_cart (+3.3972) | user_type_0 (+0.3862) | device_type_1 (-0.1768),Candidate for promotion - higher score
17070,0.69987467,1,added_to_cart (+3.3972) | user_type_0 (+0.3862) | visit_season_0 (-0.1830),Candidate for promotion - higher score
7954,0.60299982,1,added_to_cart (+3.3972) | user_type_0 (-0.3160) | visit_season_0 (-0.1830),Candidate for promotion - threshold-qualified
1830,0.69490907,1,added_to_cart (+3.3972) | user_type_0 (+0.3862) | visit_season_0 (-0.1830),Candidate for promotion - higher score
8481,0.00037776,0,added_to_cart (-4.8886) | user_type_0 (-0.3160) | device_type_2 (-0.2368),Retention/engagement nudge
3807,0.62644334,1,added_to_cart (+3.3972) | user_type_0 (-0.3160) | visit_season_0 (-0.1830),Candidate for promotion - threshold-qualified
18761,0.00082314,0,added_to_cart (-4.8886) | user_type_0 (+0.3862) | visit_season_0 (-0.1830),Retention/engagement nudge
13044,0.00057446,0,added_to_cart (-4.8886) | user_type_0 (+0.3862) | device_type_0 (-0.1811),Retention/engagement nudge
3605,0.72203961,1,added_to_cart (+3.3972) | user_type_0 (+0.3862) | device_type_1 (-0.1768),Candidate for promotion - higher score
13393,0.69300638,1,added_to_cart (+3.3972) | user_type_0 (+0.3862) | device_type_0 (-0.1811),Candidate for promotion - higher score
15599,0.59508789,1,added_to_cart (+3.3972) | user_type_0 (-0.3160) | device_type_2 (-0.2368),Candidate for promotion - threshold-qualified
838,0.53809724,0,added_to_cart (+3.3972) | user_type_0 (-0.3160) | device_type_1 (-0.1768),Investigate checkout/discount friction
24976,0.00064639,0,added_to_cart (-4.8886) | user_type_0 (+0.3862) | device_type_0 (-0.1811),Retention/engagement nudge
9476,0.60452742,1,added_to_cart (+3.3972) | user_type_0 (+0.3862) | device_type_1 (-0.1768),Candidate for promotion - threshold-qualified
8332,0.00054711,0,added_to_cart (-4.8886) | user_type_0 (+0.3862) | device_type_1 (-0.1768),Retention/engagement nudge
16741,0.00036566,0,added_to_cart (-4.8886) | user_type_0 (-0.3160) | visit_season_1 (-0.1783),Retention/engagement nudge
14950,0.54593312,0,added_to_cart (+3.3972) | user_type_0 (-0.3160) | visit_season_0 (-0.1830),Investigate checkout/discount friction
15991,0.00027209,0,added_to_cart (-4.8886) | user_type_0 (-0.3160) | time_on_site_sec (-0.2041),Retention/engagement nudge
17886,0.62893705,1,added_to_cart (+3.3972) | user_type_0 (-0.3160) | device_type_2 (-0.2368),Candidate for promotion - threshold-qualified
10894,0.00030090,0,added_to_cart (-4.8886) | user_type_0 (-0.3160) | device_type_1 (-0.1768),Retention/engagement nudge
23641,0.65210001,1,added_to_cart (+3.3972) | user_type_0 (+0.3862) | visit_season_1 (-0.1783),Candidate for promotion - threshold-qualified
22775,0.00072605,0,added_to_cart (-4.8886) | user_type_0 (+0.3862) | device_type_0 (-0.1811),Retention/engagement nudge
23062,0.00037174,0,added_to_cart (-4.8886) | user_type_0 (-0.3160) | device_type_1 (-0.1768),Retention/engagement nudge
14378,0.58110621,1,added_to_cart (+3.3972) | user_type_0 (-0.3160) | visit_season_0 (-0.1830),Candidate for promotion - threshold-qualified
24178,0.73287290,1,added_to_cart (+3.3972) | user_type_0 (+0.3862) | device_type_2 (-0.2368),Candidate for promotion - higher score
20506,0.00035842,0,added_to_cart (-4.8886) | user_type_0 (-0.3160) | visit_season_0 (-0.1830),Retention/engagement nudge
14487,0.00059817,0,added_to_cart (-4.8886) | user_type_0 (+0.3862) | visit_season_1 (-0.1783),Retention/engagement nudge
21248,0.68937646,1,added_to_cart (+3.3972) | user_type_0 (+0.3862) | device_type_2 (-0.2368),Candidate for promotion - higher score
4278,0.56188600,0,added_to_cart (+3.3972) | user_type_0 (-0.3160) | time_on_site_sec (-0.1815),Investigate checkout/discount friction
7269,0.00051973,0,added_to_cart (-4.8886) | user_type_0 (+0.3862) | device_type_0 (-0.1811),Retention/engagement nudge
814,0.65437543,1,added_to_cart (+3.3972) | user_type_0 (+0.3862) | device_type_1 (-0.1768),Candidate for promotion - threshold-qualified
10829,0.70455342,1,added_to_cart (+3.3972) | user_type_0 (+0.3862) | device_type_0 (-0.1811),Candidate for promotion - higher score
17221,0.00059783,0,added_to_cart (-4.8886) | user_type_0 (+0.3862) | device_type_0 (-0.1811),Retention/engagement nudge
4829,0.54341234,0,added_to_cart (+3.3972) | user_type_0 (-0.3160) | device_type_1 (-0.1768),Investigate checkout/discount friction
10291,0.67963191,1,added_to_cart (+3.3972) | user_type_0 (+0.3862) | visit_season_1 (-0.1783),Candidate for promotion - higher score
9316,0.00062444,0,added_to_cart (-4.8886) | user_type_0 (+0.3862) | device_type_2 (-0.2368),Retention/engagement nudge
6903,0.59788183,1,added_to_cart (+3.3972) | user_type_0 (-0.3160) | visit_season_1 (-0.1783),Candidate for promotion - threshold-qualified
9639,0.65833538,1,added_to_cart (+3.3972) | user_type_0 (-0.3160) | device_type_1 (-0.1768),Candidate for promotion - threshold-qualified
18617,0.68016574,1,added_to_cart (+3.3972) | user_type_0 (+0.3862) | device_type_1 (-0.1768),Candidate for promotion - higher score
20315,0.63268650,1,added_to_cart (+3.3972) | user_type_0 (+0.3862) | visit_season_1 (-0.1783),Candidate for promotion - threshold-qualified
24485,0.67539782,1,added_to_cart (+3.3972) | user_type_0 (+0.3862) | visit_season_0 (-0.1830),Candidate for promotion - higher score
23262,0.00028282,0,added_to_cart (-4.8886) | user_type_0 (-0.3160) | visit_season_0 (-0.1830),Retention/engagement nudge
8675,0.00048526,0,added_to_cart (-4.8886) | user_type_0 (+0.3862) | visit_season_1 (-0.1783),Retention/engagement nudge
6382,0.00084947,0,added_to_cart (-4.8886) | user_type_0 (+0.3862) | visit_season_0 (-0.1830),Retention/engagement nudge
7599,0.66664490,1,added_to_cart (+3.3972) | user_type_0 (+0.3862) | device_type_2 (-0.2368),Candidate for promotion - threshold-qualified
13799,0.00038058,0,added_to_cart (-4.8886) | user_type_0 (-0.3160) | device_type_0 (-0.1811),Retention/engagement nudge
23297,0.00030457,0,added_to_cart (-4.8886) | user_type_0 (-0.3160) | visit_season_1 (-0.1783),Retention/engagement nudge
11072,0.00028800,0,added_to_cart (-4.8886) | user_type_0 (-0.3160) | time_on_site_sec (-0.2037),Retention/engagement nudge
10270,0.59813210,1,added_to_cart (+3.3972) | user_type_0 (-0.3160) | device_type_0 (-0.1811),Candidate for promotion - threshold-qualified
16477,0.70049806,1,added_to_cart (+3.3972) | user_type_0 (+0.3862) | visit_season_0 (-0.1830),Candidate for promotion - higher score
14388,0.00030456,0,added_to_cart (-4.8886) | user_type_0 (-0.3160) | device_type_0 (-0.1811),Retention/engagement nudge
12807,0.68815887,1,added_to_cart (+3.3972) | user_type_0 (+0.3862) | visit_season_0 (-0.1830),Candidate for promotion - higher score
6925,0.00063851,0,added_to_cart (-4.8886) | user_type_0 (+0.3862) | device_type_0 (-0.1811),Retention/engagement nudge
20566,0.00055223,0,added_to_cart (-4.8886) | user_type_0 (+0.3862) | device_type_1 (-0.1768),Retention/engagement nudge
8183,0.67510350,1,added_to_cart (+3.3972) | user_type_0 (+0.3862) | visit_season_0 (-0.1830),Candidate for promotion - higher score
14199,0.69118411,1,added_to_cart (+3.3972) | user_type_0 (+0.3862) | device_type_1 (-0.1768),Candidate for promotion - higher score
12607,0.65778897,1,added_to_cart (+3.3972) | user_type_0 (+0.3862) | visit_season_1 (-0.1783),Candidate for promotion - threshold-qualified
10392,0.55756524,0,added_to_cart (+3.3972) | user_type_0 (-0.3160) | device_type_1 (-0.1768),Investigate checkout/discount friction
19458,0.57434196,1,added_to_cart (+3.3972) | user_type_0 (-0.3160) | time_on_site_sec (-0.1874),Candidate for promotion - threshold-qualified
20947,0.00050716,0,added_to_cart (-4.8886) | user_type_0 (+0.3862) | device_type_1 (-0.1768),Retention/engagement nudge
11230,0.00063566,0,added_to_cart (-4.8886) | user_type_0 (+0.3862) | visit_season_1 (-0.1783),Retention/engagement nudge
12260,0.00059459,0,added_to_cart (-4.8886) | user_type_0 (+0.3862) | visit_season_0 (-0.1830),Retention/engagement nudge
21600,0.68473573,1,added_to_cart (+3.3972) | user_type_0 (+0.3862) | device_type_2 (-0.2368),Candidate for promotion - higher score
17285,0.00054325,0,added_to_cart (-4.8886) | user_type_0 (+0.3862) | visit_season_0 (-0.1830),Retention/engagement nudge
22666,0.68394395,1,added_to_cart (+3.3972) | user_type_0 (+0.3862) | device_type_0 (-0.1811),Candidate for promotion - higher score
21987,0.00032424,0,added_to_cart (-4.8886) | user_type_0 (-0.3160) | device_type_1 (-0.1768),Retention/engagement nudge
1294,0.00060528,0,added_to_cart (-4.8886) | user_type_0 (+0.3862) | device_type_1 (-0.1768),Retention/engagement nudge
8275,0.72676938,1,added_to_cart (+3.3972) | user_type_0 (+0.3862) | visit_season_0 (-0.1830),Candidate for promotion - higher score
15731,0.70224008,1,added_to_cart (+3.3972) | user_type_0 (+0.3862) | visit_season_0 (-0.1830),Candidate for promotion - higher score
2768,0.61214194,1,added_to_cart (+3.3972) | user_type_0 (+0.3862) | time_on_site_sec (-0.2012),Candidate for promotion - threshold-qualified
23339,0.00030250,0,added_to_cart (-4.8886) | user_type_0 (-0.3160) | device_type_1 (-0.1768),Retention/engagement nudge
18381,0.00052609,0,added_to_cart (-4.8886) | user_type_0 (+0.3862) | device_type_0 (-0.1811),Retention/engagement nudge
9268,0.00062043,0,added_to_cart (-4.8886) | user_type_0 (+0.3862) | visit_season_0 (-0.1830),Retention/engagement nudge
22345,0.00050695,0,added_to_cart (-4.8886) | user_type_0 (+0.3862) | visit_season_0 (-0.1830),Retention/engagement nudge
7304,0.67302714,1,added_to_cart (+3.3972) | user_type_0 (+0.3862) | device_type_1 (-0.1768),Candidate for promotion - higher score
20340,0.67306891,1,added_to_cart (+3.3972) | user_type_0 (+0.3862) | visit_season_1 (-0.1783),Candidate for promotion - higher score
10626,0.62192113,1,added_to_cart (+3.3972) | user_type_0 (-0.3160) | device_type_1 (-0.1768),Candidate for promotion - threshold-qualified
4693,0.65930322,1,added_to_cart (+3.3972) | user_type_0 (-0.3160) | device_type_0 (-0.1811),Candidate for promotion - threshold-qualified
17629,0.70751374,1,added_to_cart (+3.3972) | user_type_0 (+0.3862) | visit_season_0 (-0.1830),Candidate for promotion - higher score
14632,0.66861415,1,added_to_cart (+3.3972) | user_type_0 (+0.3862) | device_type_1 (-0.1768),Candidate for promotion - threshold-qualified
16730,0.58316962,1,added_to_cart (+3.3972) | user_type_0 (-0.3160) | visit_season_0 (-0.1830),Candidate for promotion - threshold-qualified
19021,0.63644239,1,added_to_cart (+3.3972) | user_type_0 (-0.3160) | device_type_0 (-0.1811),Candidate for promotion - threshold-qualified
8069,0.00041747,0,added_to_cart (-4.8886) | user_type_0 (-0.3160) | device_type_0 (-0.1811),Retention/engagement nudge
17685,0.60155943,1,added_to_cart (+3.3972) | user_type_0 (-0.3160) | visit_season_0 (-0.1830),Candidate for promotion - threshold-qualified
4806,0.67757748,1,added_to_cart (+3.3972) | user_type_0 (+0.3862) | visit_season_0 (-0.1830),Candidate for promotion - higher score
10554,0.00056884,0,added_to_cart (-4.8886) | user_type_0 (+0.3862) | device_type_2 (-0.2368),Retention/engagement nudge
8457,0.61946744,1,added_to_cart (+3.3972) | user_type_0 (-0.3160) | visit_season_0 (-0.1830),Candidate for promotion - threshold-qualified
337,0.71528072,1,added_to_cart (+3.3972) | user_type_0 (+0.3862) | device_type_2 (-0.2368),Candidate for promotion - higher score
22827,0.50951663,0,added_to_cart (+3.3972) | user_type_0 (-0.3160) | visit_season_1 (-0.1783),Investigate checkout/discount friction
13849,0.66088680,1,added_to_cart (+3.3972) | user_type_0 (-0.3160) | device_type_1 (-0.1768),Candidate for promotion - threshold-qualified
3997,0.53555477,0,added_to_cart (+3.3972) | user_type_0 (-0.3160) | device_type_1 (-0.1768),Investigate checkout/discount friction
19829,0.67360809,1,added_to_cart (+3.3972) | user_type_0 (+0.3862) | visit_season_1 (-0.1783),Candidate for promotion - higher score
17266,0.70249760,1,added_to_cart (+3.3972) | user_type_0 (+0.3862) | device_type_1 (-0.1768),Candidate for promotion - higher score
15741,0.63049422,1,added_to_cart (+3.3972) | user_type_0 (-0.3160) | device_type_1 (-0.1768),Candidate for promotion - threshold-qualified
16552,0.55549724,0,added_to_cart (+3.3972) | user_type_0 (-0.3160) | time_on_site_sec (-0.1885),Investigate checkout/discount friction
11772,0.69787244,1,added_to_cart (+3.3972) | user_type_0 (+0.3862) | device_type_1 (-0.1768),Candidate for promotion - higher score
21286,0.54565841,0,added_to_cart (+3.3972) | user_type_0 (-0.3160) | visit_season_0 (-0.1830),Investigate checkout/discount friction
12074,0.00040980,0,added_to_cart (-4.8886) | user_type_0 (+0.3862) | time_on_site_sec (-0.1860),Retention/engagement nudge
12613,0.60624197,1,added_to_cart (+3.3972) | user_type_0 (-0.3160) | visit_season_0 (-0.1830),Candidate for promotion - threshold-qualified
18729,0.00032926,0,added_to_cart (-4.8886) | user_type_0 (-0.3160) | visit_season_0 (-0.1830),Retention/engagement nudge
7877,0.63606417,1,added_to_cart (+3.3972) | user_type_0 (-0.3160) | device_type_1 (-0.1768),Candidate for promotion - threshold-qualified
13953,0.00054094,0,added_to_cart (-4.8886) | user_type_0 (+0.3862) | device_type_2 (-0.2368),Retention/engagement nudge
22302,0.61681633,1,added_to_cart (+3.3972) | user_type_0 (-0.3160) | visit_season_0 (-0.1830),Candidate for promotion - threshold-qualified
16251,0.56127730,0,added_to_cart (+3.3972) | user_type_0 (-0.3160) | time_on_site_sec (-0.1933),Investigate checkout/discount friction
9272,0.70672689,1,added_to_cart (+3.3972) | user_type_0 (+0.3862) | device_type_2 (-0.2368),Candidate for promotion - higher score
8243,0.00055763,0,added_to_cart (-4.8886) | user_type_0 (+0.3862) | device_type_1 (-0.1768),Retention/engagement nudge
2387,0.00047972,0,added_to_cart (-4.8886) | user_type_0 (+0.3862) | visit_season_1 (-0.1783),Retention/engagement nudge
13263,0.66949157,1,added_to_cart (+3.3972) | user_type_0 (+0.3862) | time_on_site_sec (-0.1936),Candidate for promotion - threshold-qualified
12682,0.60897059,1,added_to_cart (+3.3972) | user_type_0 (-0.3160) | visit_season_0 (-0.1830),Candidate for promotion - threshold-qualified
21778,0.67096865,1,added_to_cart (+3.3972) | user_type_0 (+0.3862) | time_on_site_sec (-0.1845),Candidate for promotion - threshold-qualified
7634,0.55853033,0,added_to_cart (+3.3972) | user_type_0 (-0.3160) | device_type_0 (-0.1811),Investigate checkout/discount friction
11476,0.00059374,0,added_to_cart (-4.8886) | user_type_0 (+0.3862) | visit_season_0 (-0.1830),Retention/engagement nudge
19219,0.72578135,1,added_to_cart (+3.3972) | user_type_0 (+0.3862) | visit_season_0 (-0.1830),Candidate for promotion - higher score
18105,0.71312012,1,added_to_cart (+3.3972) | user_type_0 (+0.3862) | device_type_0 (-0.1811),Candidate for promotion - higher score
23640,0.62067470,1,added_to_cart (+3.3972) | user_type_0 (+0.3862) | visit_season_1 (-0.1783),Candidate for promotion - threshold-qualified
23823,0.59108338,1,added_to_cart (+3.3972) | user_type_0 (-0.3160) | visit_season_1 (-0.1783),Candidate for promotion - threshold-qualified
23806,0.66102505,1,added_to_cart (+3.3972) | user_type_0 (+0.3862) | device_type_1 (-0.1768),Candidate for promotion - threshold-qualified
13292,0.00050256,0,added_to_cart (-4.8886) | user_type_0 (-0.3160) | device_type_0 (-0.1811),Retention/engagement nudge
15897,0.68075967,1,added_to_cart (+3.3972) | user_type_0 (+0.3862) | visit_season_0 (-0.1830),Candidate for promotion - higher score
14594,0.68855228,1,added_to_cart (+3.3972) | user_type_0 (+0.3862) | device_type_1 (-0.1768),Candidate for promotion - higher score
10407,0.68226075,1,added_to_cart (+3.3972) | user_type_0 (+0.3862) | device_type_2 (-0.2368),Candidate for promotion - higher score
12347,0.66194841,1,added_to_cart (+3.3972) | user_type_0 (+0.3862) | time_on_site_sec (-0.1925),Candidate for promotion - threshold-qualified
9230,0.00033857,0,added_to_cart (-4.8886) | user_type_0 (-0.3160) | device_type_1 (-0.1768),Retention/engagement nudge
18443,0.00059158,0,added_to_cart (-4.8886) | user_type_0 (+0.3862) | visit_season_1 (-0.1783),Retention/engagement nudge
20876,0.67387696,1,added_to_cart (+3.3972) | user_type_0 (+0.3862) | visit_season_0 (-0.1830),Candidate for promotion - higher score
16912,0.64880005,1,added_to_cart (+3.3972) | user_type_0 (+0.3862) | device_type_0 (-0.1811),Candidate for promotion - threshold-qualified
11832,0.59853677,1,added_to_cart (+3.3972) | user_type_0 (-0.3160) | device_type_2 (-0.2368),Candidate for promotion - threshold-qualified
13149,0.67737547,1,added_to_cart (+3.3972) | user_type_0 (+0.3862) | device_type_1 (-0.1768),Candidate for promotion - higher score
987,0.66029731,1,added_to_cart (+3.3972) | user_type_0 (+0.3862) | device_type_2 (-0.2368),Candidate for promotion - threshold-qualified
7136,0.00023912,0,added_to_cart (-4.8886) | user_type_0 (-0.3160) | visit_season_1 (-0.1783),Retention/engagement nudge
772,0.00064648,0,added_to_cart (-4.8886) | user_type_0 (+0.3862) | device_type_0 (-0.1811),Retention/engagement nudge
17294,0.00039743,0,added_to_cart (-4.8886) | user_type_0 (-0.3160) | visit_season_0 (-0.1830),Retention/engagement nudge
4221,0.00061536,0,added_to_cart (-4.8886) | user_type_0 (+0.3862) | device_type_2 (-0.2368),Retention/engagement nudge
20228,0.56710278,0,added_to_cart (+3.3972) | user_type_0 (-0.3160) | device_type_0 (-0.1811),Investigate checkout/discount friction
12076,0.66111375,1,added_to_cart (+3.3972) | user_type_0 (-0.3160) | device_type_2 (-0.2368),Candidate for promotion - threshold-qualified
23764,0.65745286,1,added_to_cart (+3.3972) | user_type_0 (+0.3862) | time_on_site_sec (-0.1933),Candidate for promotion - threshold-qualified
19613,0.65048102,1,added_to_cart (+3.3972) | user_type_0 (-0.3160) | device_type_0 (-0.1811),Candidate for promotion - threshold-qualified
11253,0.71402081,1,added_to_cart (+3.3972) | user_type_0 (+0.3862) | device_type_0 (-0.1811),Candidate for promotion - higher score
5923,0.00061569,0,added_to_cart (-4.8886) | user_type_0 (+0.3862) | device_type_1 (-0.1768),Retention/engagement nudge
10315,0.66563530,1,added_to_cart (+3.3972) | user_type_0 (+0.3862) | device_type_0 (-0.1811),Candidate for promotion - threshold-qualified
11779,0.00051135,0,added_to_cart (-4.8886) | user_type_0 (+0.3862) | visit_season_0 (-0.1830),Retention/engagement nudge
9490,0.64279272,1,added_to_cart (+3.3972) | user_type_0 (+0.3862) | visit_season_0 (-0.1830),Candidate for promotion - threshold-qualified
14597,0.00031756,0,added_to_cart (-4.8886) | user_type_0 (-0.3160) | device_type_2 (-0.2368),Retention/engagement nudge
21706,0.00037939,0,added_to_cart (-4.8886) | user_type_0 (-0.3160) | device_type_1 (-0.1768),Retention/engagement nudge
13435,0.55074955,0,added_to_cart (+3.3972) | user_type_0 (-0.3160) | time_on_site_sec (-0.1881),Investigate checkout/discount friction
9414,0.71634340,1,added_to_cart (+3.3972) | user_type_0 (+0.3862) | device_type_2 (-0.2368),Candidate for promotion - higher score
15147,0.75568871,1,added_to_cart (+3.3972) | user_type_0 (+0.3862) | visit_season_1 (-0.1783),Candidate for promotion - higher score
23055,0.00056921,0,added_to_cart (-4.8886) | user_type_0 (+0.3862) | device_type_1 (-0.1768),Retention/engagement nudge
13783,0.00062887,0,added_to_cart (-4.8886) | user_type_0 (+0.3862) | device_type_0 (-0.1811),Retention/engagement nudge
11368,0.00075874,0,added_to_cart (-4.8886) | user_type_0 (+0.3862) | device_type_2 (-0.2368),Retention/engagement nudge
20823,0.00066154,0,added_to_cart (-4.8886) | user_type_0 (+0.3862) | device_type_0 (-0.1811),Retention/engagement nudge
20433,0.71218126,1,added_to_cart (+3.3972) | user_type_0 (+0.3862) | device_type_1 (-0.1768),Candidate for promotion - higher score
8713,0.00029628,0,added_to_cart (-4.8886) | user_type_0 (-0.3160) | device_type_0 (-0.1811),Retention/engagement nudge
12881,0.57314673,1,added_to_cart (+3.3972) | user_type_0 (-0.3160) | visit_season_1 (-0.1783),Candidate for promotion - threshold-qualified
14834,0.72213108,1,added_to_cart (+3.3972) | user_type_0 (+0.3862) | device_type_2 (-0.2368),Candidate for promotion - higher score
50,0.59485178,1,added_to_cart (+3.3972) | user_type_0 (-0.3160) | device_type_0 (-0.1811),Candidate for promotion - threshold-qualified
14309,0.00029966,0,added_to_cart (-4.8886) | user_type_0 (-0.3160) | device_type_1 (-0.1768),Retention/engagement nudge
7316,0.56967565,0,added_to_cart (+3.3972) | user_type_0 (-0.3160) | device_type_0 (-0.1811),Investigate checkout/discount friction
14164,0.60386578,1,added_to_cart (+3.3972) | user_type_0 (-0.3160) | visit_season_0 (-0.1830),Candidate for promotion - threshold-qualified
18515,0.00048832,0,added_to_cart (-4.8886) | user_type_0 (-0.3160) | device_type_0 (-0.1811),Retention/engagement nudge
4171,0.55136948,0,added_to_cart (+3.3972) | user_type_0 (-0.3160) | device_type_0 (-0.1811),Investigate checkout/discount friction
22693,0.74706664,1,added_to_cart (+3.3972) | user_type_0 (+0.3862) | device_type_0 (-0.1811),Candidate for promotion - higher score
480,0.69205123,1,added_to_cart (+3.3972) | user_type_0 (+0.3862) | visit_season_0 (-0.1830),Candidate for promotion - higher score
22098,0.00051061,0,added_to_cart (-4.8886) | user_type_0 (+0.3862) | device_type_0 (-0.1811),Retention/engagement nudge
4590,0.67199403,1,added_to_cart (+3.3972) | user_type_0 (+0.3862) | device_type_1 (-0.1768),Candidate for promotion - threshold-qualified
16874,0.00038780,0,added_to_cart (-4.8886) | user_type_0 (-0.3160) | device_type_0 (-0.1811),Retention/engagement nudge
13407,0.00048838,0,added_to_cart (-4.8886) | user_type_0 (+0.3862) | device_type_0 (-0.1811),Retention/engagement nudge
12343,0.69303858,1,added_to_cart (+3.3972) | user_type_0 (+0.3862) | device_type_1 (-0.1768),Candidate for promotion - higher score
9768,0.67731660,1,added_to_cart (+3.3972) | user_type_0 (+0.3862) | visit_season_0 (-0.1830),Candidate for promotion - higher score
22296,0.68417504,1,added_to_cart (+3.3972) | user_type_0 (+0.3862) | visit_season_0 (-0.1830),Candidate for promotion - higher score
1080,0.00031955,0,added_to_cart (-4.8886) | user_type_0 (-0.3160) | device_type_0 (-0.1811),Retention/engagement nudge
13760,0.72331745,1,added_to_cart (+3.3972) | user_type_0 (+0.3862) | device_type_1 (-0.1768),Candidate for promotion - higher score
18804,0.00029596,0,added_to_cart (-4.8886) | user_type_0 (-0.3160) | device_type_1 (-0.1768),Retention/engagement nudge
5159,0.54523422,0,added_to_cart (+3.3972) | user_type_0 (-0.3160) | device_type_1 (-0.1768),Investigate checkout/discount friction
16947,0.64494939,1,added_to_cart (+3.3972) | user_type_0 (+0.3862) | visit_season_1 (-0.1783),Candidate for promotion - threshold-qualified
7410,0.58179946,1,added_to_cart (+3.3972) | user_type_0 (-0.3160) | device_type_2 (-0.2368),Candidate for promotion - threshold-qualified
23407,0.64610316,1,added_to_cart (+3.3972) | user_type_0 (-0.3160) | device_type_1 (-0.1768),Candidate for promotion - threshold-qualified
14196,0.00061473,0,added_to_cart (-4.8886) | user_type_0 (+0.3862) | visit_season_0 (-0.1830),Retention/engagement nudge
11871,0.67957649,1,added_to_cart (+3.3972) | user_type_0 (+0.3862) | device_type_0 (-0.1811),Candidate for promotion - higher score
5024,0.00082088,0,added_to_cart (-4.8886) | user_type_0 (+0.3862) | device_type_0 (-0.1811),Retention/engagement nudge
22050,0.57053845,0,added_to_cart (+3.3972) | user_type_0 (-0.3160) | device_type_0 (-0.1811),Investigate checkout/discount friction
16213,0.66716619,1,added_to_cart (+3.3972) | user_type_0 (+0.3862) | device_type_0 (-0.1811),Candidate for promotion - threshold-qualified
4521,0.66614988,1,added_to_cart (+3.3972) | user_type_0 (+0.3862) | visit_season_1 (-0.1783),Candidate for promotion - threshold-qualified
6000,0.58743556,1,added_to_cart (+3.3972) | user_type_0 (-0.3160) | visit_season_0 (-0.1830),Candidate for promotion - threshold-qualified
22116,0.72308318,1,added_to_cart (+3.3972) | user_type_0 (+0.3862) | time_on_site_sec (-0.2024),Candidate for promotion - higher score
16843,0.00048422,0,added_to_cart (-4.8886) | user_type_0 (+0.3862) | device_type_1 (-0.1768),Retention/engagement nudge
4004,0.00054784,0,added_to_cart (-4.8886) | user_type_0 (+0.3862) | device_type_1 (-0.1768),Retention/engagement nudge
18454,0.00050645,0,added_to_cart (-4.8886) | user_type_0 (+0.3862) | device_type_0 (-0.1811),Retention/engagement nudge
18649,0.64628886,1,added_to_cart (+3.3972) | user_type_0 (+0.3862) | time_on_site_sec (-0.2020),Candidate for promotion - threshold-qualified
21840,0.69321684,1,added_to_cart (+3.3972) | user_type_0 (+0.3862) | device_type_1 (-0.1768),Candidate for promotion - higher score
15728,0.00061436,0,added_to_cart (-4.8886) | user_type_0 (+0.3862) | time_on_site_sec (-0.1931),Retention/engagement nudge
10877,0.67856472,1,added_to_cart (+3.3972) | user_type_0 (+0.3862) | visit_season_1 (-0.1783),Candidate for promotion - higher score
18457,0.68128893,1,added_to_cart (+3.3972) | user_type_0 (+0.3862) | visit_season_0 (-0.1830),Candidate for promotion - higher score
18165,0.53693279,0,added_to_cart (+3.3972) | user_type_0 (-0.3160) | device_type_1 (-0.1768),Investigate checkout/discount friction
20322,0.00035056,0,added_to_cart (-4.8886) | user_type_0 (-0.3160) | visit_season_1 (-0.1783),Retention/engagement nudge
2089,0.58487343,1,added_to_cart (+3.3972) | user_type_0 (-0.3160) | device_type_1 (-0.1768),Candidate for promotion - threshold-qualified
14431,0.60163183,1,added_to_cart (+3.3972) | user_type_0 (-0.3160) | device_type_0 (-0.1811),Candidate for promotion - threshold-qualified
23962,0.00040011,0,added_to_cart (-4.8886) | user_type_0 (-0.3160) | visit_season_0 (-0.1830),Retention/engagement nudge
7275,0.55242795,0,added_to_cart (+3.3972) | user_type_0 (-0.3160) | visit_season_1 (-0.1783),Investigate checkout/discount friction
3889,0.51283111,0,added_to_cart (+3.3972) | user_type_0 (-0.3160) | time_on_site_sec (-0.1819),Investigate checkout/discount friction
10360,0.75376132,1,added_to_cart (+3.3972) | user_type_0 (+0.3862) | visit_season_1 (-0.1783),Candidate for promotion - higher score
21889,0.00048203,0,added_to_cart (-4.8886) | user_type_0 (+0.3862) | device_type_1 (-0.1768),Retention/engagement nudge
8987,0.00027512,0,added_to_cart (-4.8886) | user_type_0 (-0.3160) | visit_season_0 (-0.1830),Retention/engagement nudge
18053,0.69315712,1,added_to_cart (+3.3972) | user_type_0 (+0.3862) | device_type_0 (-0.1811),Candidate for promotion - higher score
2973,0.57637878,1,added_to_cart (+3.3972) | user_type_0 (-0.3160) | device_type_0 (-0.1811),Candidate for promotion - threshold-qualified
19730,0.57697479,1,added_to_cart (+3.3972) | user_type_0 (-0.3160) | device_type_0 (-0.1811),Candidate for promotion - threshold-qualified
5504,0.68482758,1,added_to_cart (+3.3972) | user_type_0 (+0.3862) | visit_season_0 (-0.1830),Candidate for promotion - higher score
11811,0.69135132,1,added_to_cart (+3.3972) | user_type_0 (+0.3862) | visit_season_0 (-0.1830),Candidate for promotion - higher score
9066,0.71024046,1,added_to_cart (+3.3972) | user_type_0 (+0.3862) | device_type_0 (-0.1811),Candidate for promotion - higher score
16274,0.62786291,1,added_to_cart (+3.3972) | user_type_0 (-0.3160) | device_type_0 (-0.1811),Candidate for promotion - threshold-qualified
8823,0.69019519,1,added_to_cart (+3.3972) | user_type_0 (+0.3862) | visit_season_1 (-0.1783),Candidate for promotion - higher score
18716,0.72470600,1,added_to_cart (+3.3972) | user_type_0 (+0.3862) | device_type_1 (-0.1768),Candidate for promotion - higher score
10304,0.52276959,0,added_to_cart (+3.3972) | user_type_0 (-0.3160) | device_type_0 (-0.1811),Investigate checkout/discount friction
6820,0.00036794,0,added_to_cart (-4.8886) | user_type_0 (-0.3160) | visit_season_0 (-0.1830),Retention/engagement nudge
10972,0.65332097,1,added_to_cart (+3.3972) | user_type_0 (+0.3862) | visit_season_1 (-0.1783),Candidate for promotion - threshold-qualified
15912,0.74493958,1,added_to_cart (+3.3972) | user_type_0 (+0.3862) | device_type_2 (-0.2368),Candidate for promotion - higher score
13814,0.00060666,0,added_to_cart (-4.8886) | user_type_0 (+0.3862) | device_type_2 (-0.2368),Retention/engagement nudge
18881,0.70740491,1,added_to_cart (+3.3972) | user_type_0 (+0.3862) | device_type_0 (-0.1811),Candidate for promotion - higher score
14705,0.71063397,1,added_to_cart (+3.3972) | user_type_0 (+0.3862) | visit_season_1 (-0.1783),Candidate for promotion - higher score
22529,0.67010871,1,added_to_cart (+3.3972) | user_type_0 (+0.3862) | visit_season_1 (-0.1783),Candidate for promotion - threshold-qualified
3178,0.74386651,1,added_to_cart (+3.3972) | user_type_0 (+0.3862) | device_type_0 (-0.1811),Candidate for promotion - higher score
13970,0.00028315,0,added_to_cart (-4.8886) | user_type_0 (-0.3160) | visit_season_0 (-0.1830),Retention/engagement nudge
9864,0.00052061,0,added_to_cart (-4.8886) | user_type_0 (+0.3862) | time_on_site_sec (-0.1900),Retention/engagement nudge
24380,0.72268411,1,added_to_cart (+3.3972) | user_type_0 (+0.3862) | device_type_0 (-0.1811),Candidate for promotion - higher score
9954,0.58061007,1,added_to_cart (+3.3972) | user_type_0 (-0.3160) | device_type_0 (-0.1811),Candidate for promotion - threshold-qualified
23544,0.59449189,1,added_to_cart (+3.3972) | user_type_0 (-0.3160) | visit_season_0 (-0.1830),Candidate for promotion - threshold-qualified
9403,0.58719939,1,added_to_cart (+3.3972) | user_type_0 (-0.3160) | device_type_2 (-0.2368),Candidate for promotion - threshold-qualified
8310,0.00054694,0,added_to_cart (-4.8886) | user_type_0 (+0.3862) | visit_season_0 (-0.1830),Retention/engagement nudge
16056,0.73599713,1,added_to_cart (+3.3972) | user_type_0 (+0.3862) | device_type_2 (-0.2368),Candidate for promotion - higher score
21079,0.63512682,1,added_to_cart (+3.3972) | user_type_0 (-0.3160) | device_type_0 (-0.1811),Candidate for promotion - threshold-qualified
78,0.58123441,1,added_to_cart (+3.3972) | user_type_0 (-0.3160) | visit_season_1 (-0.1783),Candidate for promotion - threshold-qualified
15041,0.59587781,1,added_to_cart (+3.3972) | user_type_0 (-0.3160) | visit_season_0 (-0.1830),Candidate for promotion - threshold-qualified
6997,0.00029939,0,added_to_cart (-4.8886) | user_type_0 (-0.3160) | device_type_2 (-0.2368),Retention/engagement nudge
5242,0.56508936,0,added_to_cart (+3.3972) | user_type_0 (-0.3160) | device_type_0 (-0.1811),Investigate checkout/discount friction
7404,0.72613276,1,added_to_cart (+3.3972) | user_type_0 (+0.3862) | device_type_0 (-0.1811),Candidate for promotion - higher score
10488,0.00031652,0,added_to_cart (-4.8886) | user_type_0 (-0.3160) | visit_season_0 (-0.1830),Retention/engagement nudge
6679,0.73375714,1,added_to_cart (+3.3972) | user_type_0 (+0.3862) | visit_season_0 (-0.1830),Candidate for promotion - higher score
3515,0.61410375,1,added_to_cart (+3.3972) | user_type_0 (-0.3160) | device_type_1 (-0.1768),Candidate for promotion - threshold-qualified
12790,0.67789444,1,added_to_cart (+3.3972) | user_type_0 (+0.3862) | visit_season_1 (-0.1783),Candidate for promotion - higher score
20770,0.00061505,0,added_to_cart (-4.8886) | user_type_0 (+0.3862) | visit_season_0 (-0.1830),Retention/engagement nudge
4416,0.69070885,1,added_to_cart (+3.3972) | user_type_0 (+0.3862) | device_type_1 (-0.1768),Candidate for promotion - higher score
20501,0.56572925,0,added_to_cart (+3.3972) | user_type_0 (-0.3160) | visit_season_0 (-0.1830),Investigate checkout/discount friction
23235,0.65391378,1,added_to_cart (+3.3972) | user_type_0 (+0.3862) | time_on_site_sec (-0.1902),Candidate for promotion - threshold-qualified
14650,0.00061148,0,added_to_cart (-4.8886) | user_type_0 (+0.3862) | visit_season_1 (-0.1783),Retention/engagement nudge
7789,0.00072031,0,added_to_cart (-4.8886) | user_type_0 (+0.3862) | device_type_1 (-0.1768),Retention/engagement nudge
2949,0.57980722,1,added_to_cart (+3.3972) | user_type_0 (-0.3160) | device_type_0 (-0.1811),Candidate for promotion - threshold-qualified
22387,0.00066881,0,added_to_cart (-4.8886) | user_type_0 (+0.3862) | device_type_2 (-0.2368),Retention/engagement nudge
19476,0.76043526,1,added_to_cart (+3.3972) | user_type_0 (+0.3862) | device_type_0 (-0.1811),Candidate for promotion - higher score
10979,0.00039529,0,added_to_cart (-4.8886) | user_type_0 (-0.3160) | visit_season_0 (-0.1830),Retention/engagement nudge
19642,0.00060655,0,added_to_cart (-4.8886) | user_type_0 (+0.3862) | visit_season_0 (-0.1830),Retention/engagement nudge
7104,0.65516009,1,added_to_cart (+3.3972) | user_type_0 (+0.3862) | device_type_1 (-0.1768),Candidate for promotion - threshold-qualified
4709,0.00039089,0,added_to_cart (-4.8886) | user_type_0 (-0.3160) | visit_season_0 (-0.1830),Retention/engagement nudge
3484,0.00063042,0,added_to_cart (-4.8886) | user_type_0 (+0.3862) | device_type_0 (-0.1811),Retention/engagement nudge
17077,0.00074366,0,added_to_cart (-4.8886) | user_type_0 (+0.3862) | device_type_0 (-0.1811),Retention/engagement nudge
2179,0.52586185,0,added_to_cart (+3.3972) | user_type_0 (-0.3160) | device_type_1 (-0.1768),Investigate checkout/discount friction
24508,0.00045656,0,added_to_cart (-4.8886) | user_type_0 (+0.3862) | visit_season_1 (-0.1783),Retention/engagement nudge
8604,0.00059903,0,added_to_cart (-4.8886) | user_type_0 (+0.3862) | visit_season_0 (-0.1830),Retention/engagement nudge
5238,0.55365199,0,added_to_cart (+3.3972) | user_type_0 (-0.3160) | visit_season_1 (-0.1783),Investigate checkout/discount friction
9052,0.55300373,0,added_to_cart (+3.3972) | user_type_0 (-0.3160) | device_type_0 (-0.1811),Investigate checkout/discount friction
9123,0.68967977,1,added_to_cart (+3.3972) | user_type_0 (+0.3862) | device_type_0 (-0.1811),Candidate for promotion - higher score
371,0.00037043,0,added_to_cart (-4.8886) | user_type_0 (-0.3160) | device_type_0 (-0.1811),Retention/engagement nudge
4914,0.00032203,0,added_to_cart (-4.8886) | user_type_0 (-0.3160) | visit_season_0 (-0.1830),Retention/engagement nudge
8127,0.56237761,0,added_to_cart (+3.3972) | user_type_0 (-0.3160) | device_type_0 (-0.1811),Investigate checkout/discount friction
16617,0.60711514,1,added_to_cart (+3.3972) | user_type_0 (-0.3160) | device_type_0 (-0.1811),Candidate for promotion - threshold-qualified
22668,0.54998510,0,added_to_cart (+3.3972) | user_type_0 (-0.3160) | time_on_site_sec (-0.1843),Investigate checkout/discount friction
1691,0.00056531,0,added_to_cart (-4.8886) | user_type_0 (+0.3862) | visit_season_0 (-0.1830),Retention/engagement nudge
4484,0.00064120,0,added_to_cart (-4.8886) | user_type_0 (+0.3862) | visit_season_0 (-0.1830),Retention/engagement nudge
15600,0.00047752,0,added_to_cart (-4.8886) | user_type_0 (+0.3862) | visit_season_1 (-0.1783),Retention/engagement nudge
21137,0.68876183,1,added_to_cart (+3.3972) | user_type_0 (+0.3862) | device_type_1 (-0.1768),Candidate for promotion - higher score
12571,0.65452708,1,added_to_cart (+3.3972) | user_type_0 (-0.3160) | device_type_1 (-0.1768),Candidate for promotion - threshold-qualified
2613,0.75826970,1,added_to_cart (+3.3972) | user_type_0 (+0.3862) | device_type_0 (-0.1811),Candidate for promotion - higher score
16726,0.75175011,1,added_to_cart (+3.3972) | user_type_0 (+0.3862) | visit_season_0 (-0.1830),Candidate for promotion - higher score
3032,0.61796304,1,added_to_cart (+3.3972) | user_type_0 (-0.3160) | visit_season_0 (-0.1830),Candidate for promotion - threshold-qualified
10276,0.58247058,1,added_to_cart (+3.3972) | user_type_0 (-0.3160) | device_type_0 (-0.1811),Candidate for promotion - threshold-qualified
5321,0.60817236,1,added_to_cart (+3.3972) | user_type_0 (-0.3160) | device_type_1 (-0.1768),Candidate for promotion - threshold-qualified
1220,0.00040164,0,added_to_cart (-4.8886) | user_type_0 (-0.3160) | visit_season_0 (-0.1830),Retention/engagement nudge
22031,0.61086578,1,added_to_cart (+3.3972) | user_type_0 (-0.3160) | device_type_0 (-0.1811),Candidate for promotion - threshold-qualified
1122,0.56046626,0,added_to_cart (+3.3972) | user_type_0 (-0.3160) | device_type_2 (-0.2368),Investigate checkout/discount friction
6676,0.60158821,1,added_to_cart (+3.3972) | user_type_0 (-0.3160) | visit_season_0 (-0.1830),Candidate for promotion - threshold-qualified
9772,0.72343370,1,added_to_cart (+3.3972) | user_type_0 (+0.3862) | device_type_1 (-0.1768),Candidate for promotion - higher score
17754,0.71441591,1,added_to_cart (+3.3972) | user_type_0 (+0.3862) | device_type_1 (-0.1768),Candidate for promotion - higher score
12017,0.64743271,1,added_to_cart (+3.3972) | user_type_0 (+0.3862) | device_type_2 (-0.2368),Candidate for promotion - threshold-qualified
2961,0.00068364,0,added_to_cart (-4.8886) | user_type_0 (+0.3862) | device_type_2 (-0.2368),Retention/engagement nudge
13708,0.55830025,0,added_to_cart (+3.3972) | user_type_0 (-0.3160) | visit_season_1 (-0.1783),Investigate checkout/discount friction
14963,0.64587830,1,added_to_cart (+3.3972) | user_type_0 (+0.3862) | device_type_1 (-0.1768),Candidate for promotion - threshold-qualified
285,0.64368083,1,added_to_cart (+3.3972) | user_type_0 (+0.3862) | time_on_site_sec (-0.2005),Candidate for promotion - threshold-qualified
16918,0.00033875,0,added_to_cart (-4.8886) | user_type_0 (-0.3160) | device_type_2 (-0.2368),Retention/engagement nudge
9034,0.00055660,0,added_to_cart (-4.8886) | user_type_0 (+0.3862) | device_type_0 (-0.1811),Retention/engagement nudge
10729,0.00053461,0,added_to_cart (-4.8886) | user_type_0 (+0.3862) | visit_season_0 (-0.1830),Retention/engagement nudge
24555,0.57866106,1,added_to_cart (+3.3972) | user_type_0 (-0.3160) | device_type_1 (-0.1768),Candidate for promotion - threshold-qualified
8811,0.55639289,0,added_to_cart (+3.3972) | user_type_0 (-0.3160) | visit_season_1 (-0.1783),Investigate checkout/discount friction
3486,0.61564297,1,added_to_cart (+3.3972) | user_type_0 (-0.3160) | device_type_0 (-0.1811),Candidate for promotion - threshold-qualified
11390,0.64993456,1,added_to_cart (+3.3972) | user_type_0 (+0.3862) | device_type_0 (-0.1811),Candidate for promotion - threshold-qualified
24652,0.64111768,1,added_to_cart (+3.3972) | user_type_0 (+0.3862) | time_on_site_sec (-0.1803),Candidate for promotion - threshold-qualified
6451,0.55609550,0,added_to_cart (+3.3972) | user_type_0 (-0.3160) | visit_season_1 (-0.1783),Investigate checkout/discount friction
23283,0.71402881,1,added_to_cart (+3.3972) | user_type_0 (+0.3862) | device_type_1 (-0.1768),Candidate for promotion - higher score
6465,0.00058033,0,added_to_cart (-4.8886) | user_type_0 (+0.3862) | visit_season_1 (-0.1783),Retention/engagement nudge
2935,0.58797003,1,added_to_cart (+3.3972) | user_type_0 (-0.3160) | visit_season_0 (-0.1830),Candidate for promotion - threshold-qualified
11875,0.71985376,1,added_to_cart (+3.3972) | user_type_0 (+0.3862) | visit_season_0 (-0.1830),Candidate for promotion - higher score
15829,0.68653022,1,added_to_cart (+3.3972) | user_type_0 (+0.3862) | visit_season_1 (-0.1783),Candidate for promotion - higher score
21107,0.55463751,0,added_to_cart (+3.3972) | user_type_0 (-0.3160) | visit_season_0 (-0.1830),Investigate checkout/discount friction
6411,0.60923168,1,added_to_cart (+3.3972) | user_type_0 (-0.3160) | device_type_0 (-0.1811),Candidate for promotion - threshold-qualified
10059,0.00027968,0,added_to_cart (-4.8886) | user_type_0 (-0.3160) | device_type_0 (-0.1811),Retention/engagement nudge
10192,0.64701559,1,added_to_cart (+3.3972) | user_type_0 (+0.3862) | visit_season_0 (-0.1830),Candidate for promotion - threshold-qualified
6428,0.56438078,0,added_to_cart (+3.3972) | user_type_0 (-0.3160) | device_type_1 (-0.1768),Investigate checkout/discount friction
14826,0.00027301,0,added_to_cart (-4.8886) | user_type_0 (-0.3160) | visit_season_1 (-0.1783),Retention/engagement nudge
22953,0.66879060,1,added_to_cart (+3.3972) | user_type_0 (+0.3862) | visit_season_0 (-0.1830),Candidate for promotion - threshold-qualified
15200,0.68988142,1,added_to_cart (+3.3972) | user_type_0 (+0.3862) | device_type_0 (-0.1811),Candidate for promotion - higher score
20336,0.62634630,1,added_to_cart (+3.3972) | user_type_0 (-0.3160) | device_type_0 (-0.1811),Candidate for promotion - threshold-qualified
23267,0.59557288,1,added_to_cart (+3.3972) | user_type_0 (-0.3160) | device_type_0 (-0.1811),Candidate for promotion - threshold-qualified
5670,0.59660694,1,added_to_cart (+3.3972) | user_type_0 (-0.3160) | device_type_1 (-0.1768),Candidate for promotion - threshold-qualified
24444,0.63767997,1,added_to_cart (+3.3972) | user_type_0 (-0.3160) | device_type_2 (-0.2368),Candidate for promotion - threshold-qualified
18111,0.00049786,0,added_to_cart (-4.8886) | user_type_0 (+0.3862) | device_type_0 (-0.1811),Retention/engagement nudge
22045,0.68439862,1,added_to_cart (+3.3972) | user_type_0 (+0.3862) | device_type_0 (-0.1811),Candidate for promotion - higher score
11037,0.67592730,1,added_to_cart (+3.3972) | user_type_0 (+0.3862) | device_type_2 (-0.2368),Candidate for promotion - higher score
3042,0.68301112,1,added_to_cart (+3.3972) | user_type_0 (+0.3862) | time_on_site_sec (-0.1927),Candidate for promotion - higher score
429,0.66223302,1,added_to_cart (+3.3972) | user_type_0 (+0.3862) | device_type_0 (-0.1811),Candidate for promotion - threshold-qualified
21962,0.00045332,0,added_to_cart (-4.8886) | user_type_0 (+0.3862) | device_type_1 (-0.1768),Retention/engagement nudge
3299,0.53937876,0,added_to_cart (+3.3972) | user_type_0 (-0.3160) | visit_season_0 (-0.1830),Investigate checkout/discount friction
7422,0.55937200,0,added_to_cart (+3.3972) | user_type_0 (-0.3160) | device_type_1 (-0.1768),Investigate checkout/discount friction
14689,0.00046780,0,added_to_cart (-4.8886) | user_type_0 (+0.3862) | device_type_1 (-0.1768),Retention/engagement nudge
11909,0.70708123,1,added_to_cart (+3.3972) | user_type_0 (+0.3862) | visit_season_0 (-0.1830),Candidate for promotion - higher score
15602,0.63620332,1,added_to_cart (+3.3972) | user_type_0 (+0.3862) | device_type_1 (-0.1768),Candidate for promotion - threshold-qualified
14489,0.00029019,0,added_to_cart (-4.8886) | user_type_0 (-0.3160) | device_type_0 (-0.1811),Retention/engagement nudge
1560,0.58354039,1,added_to_cart (+3.3972) | user_type_0 (-0.3160) | device_type_2 (-0.2368),Candidate for promotion - threshold-qualified
11025,0.63411561,1,added_to_cart (+3.3972) | user_type_0 (-0.3160) | device_type_0 (-0.1811),Candidate for promotion - threshold-qualified
20184,0.68178274,1,added_to_cart (+3.3972) | user_type_0 (+0.3862) | device_type_2 (-0.2368),Candidate for promotion - higher score
1162,0.72521489,1,added_to_cart (+3.3972) | user_type_0 (+0.3862) | device_type_0 (-0.1811),Candidate for promotion - higher score
17982,0.67570689,1,added_to_cart (+3.3972) | user_type_0 (+0.3862) | visit_season_0 (-0.1830),Candidate for promotion - higher score
22424,0.52226383,0,added_to_cart (+3.3972) | user_type_0 (-0.3160) | time_on_site_sec (-0.1925),Investigate checkout/discount friction
8999,0.58250069,1,added_to_cart (+3.3972) | user_type_0 (-0.3160) | device_type_0 (-0.1811),Candidate for promotion - threshold-qualified
15651,0.71020721,1,added_to_cart (+3.3972) | user_type_0 (+0.3862) | visit_season_0 (-0.1830),Candidate for promotion - higher score
14671,0.65474612,1,added_to_cart (+3.3972) | user_type_0 (+0.3862) | visit_season_0 (-0.1830),Candidate for promotion - threshold-qualified
13333,0.00064710,0,added_to_cart (-4.8886) | user_type_0 (+0.3862) | visit_season_0 (-0.1830),Retention/engagement nudge
5604,0.73982357,1,added_to_cart (+3.3972) | user_type_0 (+0.3862) | device_type_2 (-0.2368),Candidate for promotion - higher score
10108,0.00038787,0,added_to_cart (-4.8886) | user_type_0 (-0.3160) | device_type_1 (-0.1768),Retention/engagement nudge
10707,0.00033011,0,added_to_cart (-4.8886) | user_type_0 (-0.3160) | device_type_0 (-0.1811),Retention/engagement nudge
18200,0.68338040,1,added_to_cart (+3.3972) | user_type_0 (+0.3862) | visit_season_0 (-0.1830),Candidate for promotion - higher score
12706,0.68905556,1,added_to_cart (+3.3972) | user_type_0 (+0.3862) | device_type_0 (-0.1811),Candidate for promotion - higher score
17211,0.59492118,1,added_to_cart (+3.3972) | user_type_0 (-0.3160) | device_type_0 (-0.1811),Candidate for promotion - threshold-qualified
9035,0.61303673,1,added_to_cart (+3.3972) | user_type_0 (-0.3160) | device_type_2 (-0.2368),Candidate for promotion - threshold-qualified
1125,0.00028136,0,added_to_cart (-4.8886) | user_type_0 (-0.3160) | device_type_0 (-0.1811),Retention/engagement nudge
8397,0.69858669,1,added_to_cart (+3.3972) | user_type_0 (+0.3862) | visit_season_0 (-0.1830),Candidate for promotion - higher score
15188,0.00034321,0,added_to_cart (-4.8886) | user_type_0 (-0.3160) | device_type_1 (-0.1768),Retention/engagement nudge
5353,0.55055592,0,added_to_cart (+3.3972) | user_type_0 (-0.3160) | time_on_site_sec (-0.1872),Investigate checkout/discount friction
16382,0.72482885,1,added_to_cart (+3.3972) | user_type_0 (+0.3862) | device_type_2 (-0.2368),Candidate for promotion - higher score
2535,0.00044473,0,added_to_cart (-4.8886) | user_type_0 (-0.3160) | device_type_0 (-0.1811),Retention/engagement nudge
257,0.71869298,1,added_to_cart (+3.3972) | user_type_0 (+0.3862) | device_type_0 (-0.1811),Candidate for promotion - higher score
19837,0.67787737,1,added_to_cart (+3.3972) | user_type_0 (+0.3862) | time_on_site_sec (-0.2012),Candidate for promotion - higher score
8642,0.70207863,1,added_to_cart (+3.3972) | user_type_0 (+0.3862) | visit_season_0 (-0.1830),Candidate for promotion - higher score
21323,0.68237804,1,added_to_cart (+3.3972) | user_type_0 (+0.3862) | visit_season_1 (-0.1783),Candidate for promotion - higher score
881,0.00054295,0,added_to_cart (-4.8886) | user_type_0 (+0.3862) | visit_season_0 (-0.1830),Retention/engagement nudge
19130,0.00056739,0,added_to_cart (-4.8886) | user_type_0 (+0.3862) | device_type_0 (-0.1811),Retention/engagement nudge
18845,0.66728623,1,added_to_cart (+3.3972) | user_type_0 (+0.3862) | visit_season_0 (-0.1830),Candidate for promotion - threshold-qualified
20920,0.55592025,0,added_to_cart (+3.3972) | user_type_0 (-0.3160) | device_type_0 (-0.1811),Investigate checkout/discount friction
24346,0.00062568,0,added_to_cart (-4.8886) | user_type_0 (+0.3862) | visit_season_0 (-0.1830),Retention/engagement nudge
20792,0.58379834,1,added_to_cart (+3.3972) | user_type_0 (-0.3160) | visit_season_1 (-0.1783),Candidate for promotion - threshold-qualified
24667,0.75462745,1,added_to_cart (+3.3972) | user_type_0 (+0.3862) | device_type_0 (-0.1811),Candidate for promotion - higher score
7617,0.00037839,0,added_to_cart (-4.8886) | user_type_0 (-0.3160) | device_type_0 (-0.1811),Retention/engagement nudge
9500,0.00051915,0,added_to_cart (-4.8886) | user_type_0 (+0.3862) | visit_season_0 (-0.1830),Retention/engagement nudge
6306,0.69525459,1,added_to_cart (+3.3972) | user_type_0 (+0.3862) | visit_season_0 (-0.1830),Candidate for promotion - higher score
1403,0.66617876,1,added_to_cart (+3.3972) | user_type_0 (+0.3862) | device_type_1 (-0.1768),Candidate for promotion - threshold-qualified
1888,0.00052279,0,added_to_cart (-4.8886) | user_type_0 (+0.3862) | device_type_1 (-0.1768),Retention/engagement nudge
13290,0.60306983,1,added_to_cart (+3.3972) | user_type_0 (-0.3160) | visit_season_1 (-0.1783),Candidate for promotion - threshold-qualified
19344,0.69124852,1,added_to_cart (+3.3972) | user_type_0 (+0.3862) | device_type_1 (-0.1768),Candidate for promotion - higher score
5055,0.68241790,1,added_to_cart (+3.3972) | user_type_0 (+0.3862) | device_type_0 (-0.1811),Candidate for promotion - higher score
7255,0.61206645,1,added_to_cart (+3.3972) | user_type_0 (-0.3160) | device_type_0 (-0.1811),Candidate for promotion - threshold-qualified
613,0.00046978,0,added_to_cart (-4.8886) | user_type_0 (-0.3160) | device_type_1 (-0.1768),Retention/engagement nudge
3387,0.00030992,0,added_to_cart (-4.8886) | user_type_0 (-0.3160) | visit_season_0 (-0.1830),Retention/engagement nudge
24192,0.00028799,0,added_to_cart (-4.8886) | user_type_0 (-0.3160) | time_on_site_sec (-0.1957),Retention/engagement nudge
24191,0.63298483,1,added_to_cart (+3.3972) | user_type_0 (+0.3862) | visit_season_0 (-0.1830),Candidate for promotion - threshold-qualified
12297,0.72962942,1,added_to_cart (+3.3972) | user_type_0 (+0.3862) | device_type_1 (-0.1768),Candidate for promotion - higher score
17299,0.71323156,1,added_to_cart (+3.3972) | user_type_0 (+0.3862) | device_type_1 (-0.1768),Candidate for promotion - higher score
3533,0.58041596,1,added_to_cart (+3.3972) | user_type_0 (-0.3160) | visit_season_0 (-0.1830),Candidate for promotion - threshold-qualified
2675,0.66290638,1,added_to_cart (+3.3972) | user_type_0 (+0.3862) | device_type_0 (-0.1811),Candidate for promotion - threshold-qualified
24688,0.00055062,0,added_to_cart (-4.8886) | user_type_0 (+0.3862) | visit_season_0 (-0.1830),Retention/engagement nudge
24697,0.00058669,0,added_to_cart (-4.8886) | user_type_0 (+0.3862) | device_type_1 (-0.1768),Retention/engagement nudge
617,0.55825383,0,added_to_cart (+3.3972) | user_type_0 (-0.3160) | device_type_2 (-0.2368),Investigate checkout/discount friction
8989,0.56570984,0,added_to_cart (+3.3972) | user_type_0 (-0.3160) | visit_season_1 (-0.1783),Investigate checkout/discount friction
24137,0.70454667,1,added_to_cart (+3.3972) | user_type_0 (+0.3862) | device_type_0 (-0.1811),Candidate for promotion - higher score
23025,0.00057370,0,added_to_cart (-4.8886) | user_type_0 (+0.3862) | device_type_2 (-0.2368),Retention/engagement nudge
23804,0.57358935,1,added_to_cart (+3.3972) | user_type_0 (-0.3160) | device_type_0 (-0.1811),Candidate for promotion - threshold-qualified
9484,0.71718286,1,added_to_cart (+3.3972) | user_type_0 (+0.3862) | device_type_0 (-0.1811),Candidate for promotion - higher score
7358,0.60854254,1,added_to_cart (+3.3972) | user_type_0 (-0.3160) | device_type_0 (-0.1811),Candidate for promotion - threshold-qualified
4165,0.69419962,1,added_to_cart (+3.3972) | user_type_0 (+0.3862) | device_type_0 (-0.1811),Candidate for promotion - higher score
10717,0.00052142,0,added_to_cart (-4.8886) | user_type_0 (+0.3862) | device_type_1 (-0.1768),Retention/engagement nudge
2118,0.00053959,0,added_to_cart (-4.8886) | user_type_0 (+0.3862) | visit_season_1 (-0.1783),Retention/engagement nudge
21685,0.56652215,0,added_to_cart (+3.3972) | user_type_0 (-0.3160) | visit_season_0 (-0.1830),Investigate checkout/discount friction
10999,0.00060012,0,added_to_cart (-4.8886) | user_type_0 (+0.3862) | visit_season_1 (-0.1783),Retention/engagement nudge
22097,0.50721581,0,added_to_cart (+3.3972) | user_type_0 (-0.3160) | device_type_1 (-0.1768),Investigate checkout/discount friction
3968,0.57723733,1,added_to_cart (+3.3972) | user_type_0 (-0.3160) | visit_season_1 (-0.1783),Candidate for promotion - threshold-qualified
10994,0.52583316,0,added_to_cart (+3.3972) | user_type_0 (-0.3160) | visit_season_0 (-0.1830),Investigate checkout/discount friction
23451,0.71587273,1,added_to_cart (+3.3972) | user_type_0 (+0.3862) | device_type_1 (-0.1768),Candidate for promotion - higher score
24351,0.76931428,1,added_to_cart (+3.3972) | user_type_0 (+0.3862) | device_type_0 (-0.1811),Candidate for promotion - higher score
9995,0.49530985,0,added_to_cart (+3.3972) | user_type_0 (-0.3160) | visit_season_0 (-0.1830),Investigate checkout/discount friction
15637,0.68238465,1,added_to_cart (+3.3972) | user_type_0 (+0.3862) | device_type_0 (-0.1811),Candidate for promotion - higher score
18049,0.00046031,0,added_to_cart (-4.8886) | user_type_0 (+0.3862) | visit_season_0 (-0.1830),Retention/engagement nudge
23337,0.00049555,0,added_to_cart (-4.8886) | user_type_0 (+0.3862) | device_type_0 (-0.1811),Retention/engagement nudge
17419,0.00039207,0,added_to_cart (-4.8886) | user_type_0 (-0.3160) | device_type_0 (-0.1811),Retention/engagement nudge
8287,0.70262958,1,added_to_cart (+3.3972) | user_type_0 (+0.3862) | visit_season_0 (-0.1830),Candidate for promotion - higher score
3939,0.71563583,1,added_to_cart (+3.3972) | user_type_0 (+0.3862) | device_type_1 (-0.1768),Candidate for promotion - higher score
5179,0.00048539,0,added_to_cart (-4.8886) | user_type_0 (+0.3862) | device_type_0 (-0.1811),Retention/engagement nudge
18161,0.00068113,0,added_to_cart (-4.8886) | user_type_0 (+0.3862) | time_on_site_sec (-0.1841),Retention/engagement nudge
12292,0.71290673,1,added_to_cart (+3.3972) | user_type_0 (+0.3862) | visit_season_1 (-0.1783),Candidate for promotion - higher score
7471,0.00027588,0,added_to_cart (-4.8886) | user_type_0 (-0.3160) | device_type_0 (-0.1811),Retention/engagement nudge
24709,0.58982148,1,added_to_cart (+3.3972) | user_type_0 (-0.3160) | device_type_0 (-0.1811),Candidate for promotion - threshold-qualified
68,0.00029109,0,added_to_cart (-4.8886) | user_type_0 (-0.3160) | device_type_2 (-0.2368),Retention/engagement nudge
17730,0.00049333,0,added_to_cart (-4.8886) | user_type_0 (+0.3862) | visit_season_1 (-0.1783),Retention/engagement nudge
9167,0.53523821,0,added_to_cart (+3.3972) | user_type_0 (-0.3160) | device_type_0 (-0.1811),Investigate checkout/discount friction
24325,0.58643222,1,added_to_cart (+3.3972) | user_type_0 (-0.3160) | time_on_site_sec (-0.1927),Candidate for promotion - threshold-qualified
6550,0.51106475,0,added_to_cart (+3.3972) | user_type_0 (-0.3160) | visit_season_1 (-0.1783),Investigate checkout/discount friction
20188,0.00037243,0,added_to_cart (-4.8886) | user_type_0 (-0.3160) | device_type_1 (-0.1768),Retention/engagement nudge
19133,0.67012651,1,added_to_cart (+3.3972) | user_type_0 (-0.3160) | visit_season_0 (-0.1830),Candidate for promotion - threshold-qualified
24318,0.63036976,1,added_to_cart (+3.3972) | user_type_0 (-0.3160) | device_type_1 (-0.1768),Candidate for promotion - threshold-qualified
16088,0.00024748,0,added_to_cart (-4.8886) | user_type_0 (-0.3160) | device_type_1 (-0.1768),Retention/engagement nudge
8982,0.65995669,1,added_to_cart (+3.3972) | user_type_0 (+0.3862) | visit_season_0 (-0.1830),Candidate for promotion - threshold-qualified
6057,0.00053852,0,added_to_cart (-4.8886) | user_type_0 (+0.3862) | device_type_2 (-0.2368),Retention/engagement nudge
3014,0.00053403,0,added_to_cart (-4.8886) | user_type_0 (+0.3862) | device_type_2 (-0.2368),Retention/engagement nudge
15525,0.71636096,1,added_to_cart (+3.3972) | user_type_0 (+0.3862) | device_type_0 (-0.1811),Candidate for promotion - higher score
12689,0.00033902,0,added_to_cart (-4.8886) | user_type_0 (-0.3160) | device_type_2 (-0.2368),Retention/engagement nudge
19835,0.00027743,0,added_to_cart (-4.8886) | user_type_0 (-0.3160) | visit_season_1 (-0.1783),Retention/engagement nudge
2471,0.68996599,1,added_to_cart (+3.3972) | user_type_0 (+0.3862) | visit_season_0 (-0.1830),Candidate for promotion - higher score
15304,0.72151914,1,added_to_cart (+3.3972) | user_type_0 (+0.3862) | visit_season_1 (-0.1783),Candidate for promotion - higher score
8343,0.61291433,1,added_to_cart (+3.3972) | user_type_0 (-0.3160) | visit_season_0 (-0.1830),Candidate for promotion - threshold-qualified
12985,0.70509506,1,added_to_cart (+3.3972) | user_type_0 (+0.3862) | device_type_1 (-0.1768),Candidate for promotion - higher score
19598,0.00035424,0,added_to_cart (-4.8886) | user_type_0 (-0.3160) | device_type_0 (-0.1811),Retention/engagement nudge
154,0.67586232,1,added_to_cart (+3.3972) | user_type_0 (+0.3862) | device_type_1 (-0.1768),Candidate for promotion - higher score
9328,0.72375522,1,added_to_cart (+3.3972) | user_type_0 (+0.3862) | visit_season_0 (-0.1830),Candidate for promotion - higher score
15880,0.68787197,1,added_to_cart (+3.3972) | user_type_0 (+0.3862) | device_type_1 (-0.1768),Candidate for promotion - higher score
24369,0.62699852,1,added_to_cart (+3.3972) | user_type_0 (-0.3160) | device_type_0 (-0.1811),Candidate for promotion - threshold-qualified
372,0.00027023,0,added_to_cart (-4.8886) | user_type_0 (-0.3160) | device_type_0 (-0.1811),Retention/engagement nudge
4225,0.69220577,1,added_to_cart (+3.3972) | user_type_0 (+0.3862) | device_type_2 (-0.2368),Candidate for promotion - higher score
10156,0.75382405,1,added_to_cart (+3.3972) | user_type_0 (+0.3862) | device_type_1 (-0.1768),Candidate for promotion - higher score
2734,0.00048290,0,added_to_cart (-4.8886) | user_type_0 (+0.3862) | device_type_2 (-0.2368),Retention/engagement nudge
14737,0.66452705,1,added_to_cart (+3.3972) | user_type_0 (+0.3862) | device_type_0 (-0.1811),Candidate for promotion - threshold-qualified
4309,0.63705863,1,added_to_cart (+3.3972) | user_type_0 (-0.3160) | device_type_0 (-0.1811),Candidate for promotion - threshold-qualified
9292,0.53738572,0,added_to_cart (+3.3972) | user_type_0 (-0.3160) | device_type_1 (-0.1768),Investigate checkout/discount friction
18994,0.68026523,1,added_to_cart (+3.3972) | user_type_0 (+0.3862) | device_type_1 (-0.1768),Candidate for promotion - higher score
9290,0.51950212,0,added_to_cart (+3.3972) | user_type_0 (-0.3160) | visit_season_0 (-0.1830),Investigate checkout/discount friction
20530,0.58269986,1,added_to_cart (+3.3972) | user_type_0 (-0.3160) | device_type_0 (-0.1811),Candidate for promotion - threshold-qualified
15693,0.00030363,0,added_to_cart (-4.8886) | user_type_0 (-0.3160) | device_type_1 (-0.1768),Retention/engagement nudge
636,0.00033084,0,added_to_cart (-4.8886) | user_type_0 (-0.3160) | visit_season_0 (-0.1830),Retention/engagement nudge
13501,0.00060466,0,added_to_cart (-4.8886) | user_type_0 (+0.3862) | device_type_2 (-0.2368),Retention/engagement nudge
10587,0.00070975,0,added_to_cart (-4.8886) | user_type_0 (+0.3862) | device_type_1 (-0.1768),Retention/engagement nudge
13977,0.00058147,0,added_to_cart (-4.8886) | user_type_0 (+0.3862) | device_type_0 (-0.1811),Retention/engagement nudge
23828,0.00030270,0,added_to_cart (-4.8886) | user_type_0 (-0.3160) | device_type_0 (-0.1811),Retention/engagement nudge
12329,0.53010203,0,added_to_cart (+3.3972) | user_type_0 (-0.3160) | device_type_0 (-0.1811),Investigate checkout/discount friction
10151,0.59012328,1,added_to_cart (+3.3972) | user_type_0 (-0.3160) | device_type_0 (-0.1811),Candidate for promotion - threshold-qualified
18801,0.00049120,0,added_to_cart (-4.8886) | user_type_0 (+0.3862) | device_type_0 (-0.1811),Retention/engagement nudge
18429,0.71358961,1,added_to_cart (+3.3972) | user_type_0 (+0.3862) | visit_season_0 (-0.1830),Candidate for promotion - higher score
24603,0.00050063,0,added_to_cart (-4.8886) | user_type_0 (+0.3862) | device_type_2 (-0.2368),Retention/engagement nudge
5680,0.68486278,1,added_to_cart (+3.3972) | user_type_0 (+0.3862) | device_type_0 (-0.1811),Candidate for promotion - higher score
23855,0.56404773,0,added_to_cart (+3.3972) | user_type_0 (-0.3160) | device_type_0 (-0.1811),Investigate checkout/discount friction
22787,0.62690824,1,added_to_cart (+3.3972) | user_type_0 (+0.3862) | device_type_1 (-0.1768),Candidate for promotion - threshold-qualified
23609,0.74944604,1,added_to_cart (+3.3972) | user_type_0 (+0.3862) | device_type_0 (-0.1811),Candidate for promotion - higher score
18315,0.55438403,0,added_to_cart (+3.3972) | user_type_0 (-0.3160) | device_type_1 (-0.1768),Investigate checkout/discount friction
6406,0.00039689,0,added_to_cart (-4.8886) | user_type_0 (-0.3160) | visit_season_1 (-0.1783),Retention/engagement nudge
13478,0.54450196,0,added_to_cart (+3.3972) | user_type_0 (-0.3160) | device_type_2 (-0.2368),Investigate checkout/discount friction
4616,0.63635601,1,added_to_cart (+3.3972) | user_type_0 (+0.3862) | visit_season_0 (-0.1830),Candidate for promotion - threshold-qualified
24519,0.00067077,0,added_to_cart (-4.8886) | user_type_0 (+0.3862) | device_type_2 (-0.2368),Retention/engagement nudge
16005,0.00047903,0,added_to_cart (-4.8886) | user_type_0 (+0.3862) | device_type_0 (-0.1811),Retention/engagement nudge
14011,0.00057867,0,added_to_cart (-4.8886) | user_type_0 (+0.3862) | device_type_1 (-0.1768),Retention/engagement nudge
20658,0.73326814,1,added_to_cart (+3.3972) | user_type_0 (+0.3862) | visit_season_0 (-0.1830),Candidate for promotion - higher score
7876,0.61404082,1,added_to_cart (+3.3972) | user_type_0 (-0.3160) | device_type_1 (-0.1768),Candidate for promotion - threshold-qualified
8941,0.00046946,0,added_to_cart (-4.8886) | user_type_0 (+0.3862) | visit_season_0 (-0.1830),Retention/engagement nudge
8084,0.00049491,0,added_to_cart (-4.8886) | user_type_0 (+0.3862) | time_on_site_sec (-0.1982),Retention/engagement nudge
22935,0.54721307,0,added_to_cart (+3.3972) | user_type_0 (-0.3160) | device_type_1 (-0.1768),Investigate checkout/discount friction
6329,0.00027797,0,added_to_cart (-4.8886) | user_type_0 (-0.3160) | visit_season_1 (-0.1783),Retention/engagement nudge
23009,0.69030986,1,added_to_cart (+3.3972) | user_type_0 (+0.3862) | device_type_0 (-0.1811),Candidate for promotion - higher score
19300,0.67496095,1,added_to_cart (+3.3972) | user_type_0 (+0.3862) | visit_season_0 (-0.1830),Candidate for promotion - higher score
10208,0.71116108,1,added_to_cart (+3.3972) | user_type_0 (+0.3862) | visit_season_0 (-0.1830),Candidate for promotion - higher score
5526,0.61700387,1,added_to_cart (+3.3972) | user_type_0 (+0.3862) | time_on_site_sec (-0.1931),Candidate for promotion - threshold-qualified
21869,0.68992966,1,added_to_cart (+3.3972) | user_type_0 (+0.3862) | device_type_2 (-0.2368),Candidate for promotion - higher score
24876,0.00068353,0,added_to_cart (-4.8886) | user_type_0 (+0.3862) | device_type_1 (-0.1768),Retention/engagement nudge
11197,0.00036801,0,added_to_cart (-4.8886) | user_type_0 (-0.3160) | device_type_2 (-0.2368),Retention/engagement nudge
260,0.00035031,0,added_to_cart (-4.8886) | user_type_0 (-0.3160) | visit_season_0 (-0.1830),Retention/engagement nudge
11330,0.64569013,1,added_to_cart (+3.3972) | user_type_0 (+0.3862) | visit_season_0 (-0.1830),Candidate for promotion - threshold-qualified
17759,0.72347384,1,added_to_cart (+3.3972) | user_type_0 (+0.3862) | visit_season_0 (-0.1830),Candidate for promotion - higher score
16239,0.58910630,1,added_to_cart (+3.3972) | user_type_0 (-0.3160) | device_type_0 (-0.1811),Candidate for promotion - threshold-qualified
23487,0.69781282,1,added_to_cart (+3.3972) | user_type_0 (+0.3862) | device_type_0 (-0.1811),Candidate for promotion - higher score
12137,0.69617755,1,added_to_cart (+3.3972) | user_type_0 (+0.3862) | device_type_2 (-0.2368),Candidate for promotion - higher score
6998,0.67013038,1,added_to_cart (+3.3972) | user_type_0 (+0.3862) | device_type_0 (-0.1811),Candidate for promotion - threshold-qualified
18345,0.00057792,0,added_to_cart (-4.8886) | user_type_0 (+0.3862) | visit_season_1 (-0.1783),Retention/engagement nudge
7332,0.00063768,0,added_to_cart (-4.8886) | user_type_0 (+0.3862) | visit_season_1 (-0.1783),Retention/engagement nudge
6388,0.00027921,0,added_to_cart (-4.8886) | user_type_0 (-0.3160) | time_on_site_sec (-0.2005),Retention/engagement nudge
10380,0.66190217,1,added_to_cart (+3.3972) | user_type_0 (+0.3862) | visit_season_1 (-0.1783),Candidate for promotion - threshold-qualified
22077,0.72459986,1,added_to_cart (+3.3972) | user_type_0 (+0.3862) | visit_season_0 (-0.1830),Candidate for promotion - higher score
5010,0.00053960,0,added_to_cart (-4.8886) | user_type_0 (+0.3862) | visit_season_0 (-0.1830),Retention/engagement nudge
18527,0.70272099,1,added_to_cart (+3.3972) | user_type_0 (+0.3862) | device_type_1 (-0.1768),Candidate for promotion - higher score
22085,0.57771740,1,added_to_cart (+3.3972) | user_type_0 (-0.3160) | visit_season_0 (-0.1830),Candidate for promotion - threshold-qualified
18323,0.00052023,0,added_to_cart (-4.8886) | user_type_0 (+0.3862) | device_type_0 (-0.1811),Retention/engagement nudge
3453,0.62228092,1,added_to_cart (+3.3972) | user_type_0 (-0.3160) | device_type_0 (-0.1811),Candidate for promotion - threshold-qualified
18540,0.58499752,1,added_to_cart (+3.3972) | user_type_0 (-0.3160) | visit_season_1 (-0.1783),Candidate for promotion - threshold-qualified
12667,0.62679639,1,added_to_cart (+3.3972) | user_type_0 (+0.3862) | device_type_1 (-0.1768),Candidate for promotion - threshold-qualified
12412,0.54675866,0,added_to_cart (+3.3972) | user_type_0 (-0.3160) | device_type_1 (-0.1768),Investigate checkout/discount friction
20230,0.60724267,1,added_to_cart (+3.3972) | user_type_0 (-0.3160) | visit_season_1 (-0.1783),Candidate for promotion - threshold-qualified
15718,0.71301796,1,added_to_cart (+3.3972) | user_type_0 (+0.3862) | visit_season_0 (-0.1830),Candidate for promotion - higher score
7947,0.69137646,1,added_to_cart (+3.3972) | user_type_0 (+0.3862) | device_type_1 (-0.1768),Candidate for promotion - higher score
6923,0.56521199,0,added_to_cart (+3.3972) | user_type_0 (-0.3160) | device_type_0 (-0.1811),Investigate checkout/discount friction
22186,0.67122496,1,added_to_cart (+3.3972) | user_type_0 (+0.3862) | device_type_1 (-0.1768),Candidate for promotion - threshold-qualified
9854,0.00054397,0,added_to_cart (-4.8886) | user_type_0 (+0.3862) | visit_season_1 (-0.1783),Retention/engagement nudge
28,0.76332158,1,added_to_cart (+3.3972) | user_type_0 (+0.3862) | device_type_0 (-0.1811),Candidate for promotion - higher score
7623,0.50394245,0,added_to_cart (+3.3972) | user_type_0 (-0.3160) | visit_season_0 (-0.1830),Investigate checkout/discount friction
11602,0.00031331,0,added_to_cart (-4.8886) | user_type_0 (-0.3160) | device_type_1 (-0.1768),Retention/engagement nudge
9601,0.00040137,0,added_to_cart (-4.8886) | user_type_0 (-0.3160) | device_type_2 (-0.2368),Retention/engagement nudge
9105,0.00076673,0,added_to_cart (-4.8886) | user_type_0 (+0.3862) | visit_season_0 (-0.1830),Retention/engagement nudge
16707,0.56114336,0,added_to_cart (+3.3972) | user_type_0 (-0.3160) | device_type_2 (-0.2368),Investigate checkout/discount friction
17395,0.54265558,0,added_to_cart (+3.3972) | user_type_0 (-0.3160) | visit_season_0 (-0.1830),Investigate checkout/discount friction
16057,0.72304764,1,added_to_cart (+3.3972) | user_type_0 (+0.3862) | device_type_0 (-0.1811),Candidate for promotion - higher score
9099,0.00056272,0,added_to_cart (-4.8886) | user_type_0 (+0.3862) | device_type_0 (-0.1811),Retention/engagement nudge
17189,0.00030140,0,added_to_cart (-4.8886) | user_type_0 (-0.3160) | device_type_0 (-0.1811),Retention/engagement nudge
12678,0.55684335,0,added_to_cart (+3.3972) | user_type_0 (-0.3160) | visit_season_0 (-0.1830),Investigate checkout/discount friction
7414,0.57047575,0,added_to_cart (+3.3972) | user_type_0 (-0.3160) | device_type_2 (-0.2368),Investigate checkout/discount friction
1375,0.57748378,1,added_to_cart (+3.3972) | user_type_0 (-0.3160) | device_type_0 (-0.1811),Candidate for promotion - threshold-qualified
14497,0.68655862,1,added_to_cart (+3.3972) | user_type_0 (+0.3862) | device_type_0 (-0.1811),Candidate for promotion - higher score
1460,0.00032228,0,added_to_cart (-4.8886) | user_type_0 (-0.3160) | visit_season_0 (-0.1830),Retention/engagement nudge
13076,0.71854073,1,added_to_cart (+3.3972) | user_type_0 (+0.3862) | visit_season_1 (-0.1783),Candidate for promotion - higher score
8456,0.65362116,1,added_to_cart (+3.3972) | user_type_0 (-0.3160) | device_type_0 (-0.1811),Candidate for promotion - threshold-qualified
17925,0.70301196,1,added_to_cart (+3.3972) | user_type_0 (+0.3862) | device_type_0 (-0.1811),Candidate for promotion - higher score
21003,0.65349069,1,added_to_cart (+3.3972) | user_type_0 (+0.3862) | time_on_site_sec (-0.1927),Candidate for promotion - threshold-qualified
5687,0.00032143,0,added_to_cart (-4.8886) | user_type_0 (-0.3160) | visit_season_1 (-0.1783),Retention/engagement nudge
7715,0.51064091,0,added_to_cart (+3.3972) | user_type_0 (-0.3160) | time_on_site_sec (-0.1923),Investigate checkout/discount friction
3624,0.56658601,0,added_to_cart (+3.3972) | user_type_0 (-0.3160) | visit_season_1 (-0.1783),Investigate checkout/discount friction
2866,0.00048064,0,added_to_cart (-4.8886) | user_type_0 (+0.3862) | time_on_site_sec (-0.1885),Retention/engagement nudge
15350,0.00032778,0,added_to_cart (-4.8886) | user_type_0 (-0.3160) | visit_season_0 (-0.1830),Retention/engagement nudge
8981,0.00056909,0,added_to_cart (-4.8886) | user_type_0 (+0.3862) | device_type_0 (-0.1811),Retention/engagement nudge
10062,0.54211847,0,added_to_cart (+3.3972) | user_type_0 (-0.3160) | device_type_0 (-0.1811),Investigate checkout/discount friction
11657,0.00031818,0,added_to_cart (-4.8886) | user_type_0 (-0.3160) | visit_season_1 (-0.1783),Retention/engagement nudge
23007,0.65253572,1,added_to_cart (+3.3972) | user_type_0 (+0.3862) | device_type_0 (-0.1811),Candidate for promotion - threshold-qualified
19632,0.68437277,1,added_to_cart (+3.3972) | user_type_0 (+0.3862) | visit_season_0 (-0.1830),Candidate for promotion - higher score
17792,0.71792251,1,added_to_cart (+3.3972) | user_type_0 (+0.3862) | visit_season_0 (-0.1830),Candidate for promotion - higher score
6660,0.64858542,1,added_to_cart (+3.3972) | user_type_0 (+0.3862) | device_type_0 (-0.1811),Candidate for promotion - threshold-qualified
4591,0.68261062,1,added_to_cart (+3.3972) | user_type_0 (+0.3862) | time_on_site_sec (-0.1771),Candidate for promotion - higher score
15982,0.51543091,0,added_to_cart (+3.3972) | user_type_0 (-0.3160) | device_type_2 (-0.2368),Investigate checkout/discount friction
18926,0.57955177,1,added_to_cart (+3.3972) | user_type_0 (-0.3160) | device_type_0 (-0.1811),Candidate for promotion - threshold-qualified
6398,0.65081711,1,added_to_cart (+3.3972) | user_type_0 (+0.3862) | device_type_1 (-0.1768),Candidate for promotion - threshold-qualified
7596,0.56384711,0,added_to_cart (+3.3972) | user_type_0 (-0.3160) | device_type_0 (-0.1811),Investigate checkout/discount friction
721,0.00028255,0,added_to_cart (-4.8886) | user_type_0 (-0.3160) | device_type_1 (-0.1768),Retention/engagement nudge
22427,0.54640419,0,added_to_cart (+3.3972) | user_type_0 (-0.3160) | device_type_0 (-0.1811),Investigate checkout/discount friction
9839,0.00032269,0,added_to_cart (-4.8886) | user_type_0 (-0.3160) | device_type_2 (-0.2368),Retention/engagement nudge
5841,0.67579228,1,added_to_cart (+3.3972) | user_type_0 (+0.3862) | device_type_0 (-0.1811),Candidate for promotion - higher score
2700,0.00053783,0,added_to_cart (-4.8886) | user_type_0 (+0.3862) | visit_season_0 (-0.1830),Retention/engagement nudge
12661,0.61385477,1,added_to_cart (+3.3972) | user_type_0 (-0.3160) | visit_season_0 (-0.1830),Candidate for promotion - threshold-qualified
6940,0.67774988,1,added_to_cart (+3.3972) | user_type_0 (+0.3862) | device_type_0 (-0.1811),Candidate for promotion - higher score
16925,0.66825131,1,added_to_cart (+3.3972) | user_type_0 (+0.3862) | device_type_1 (-0.1768),Candidate for promotion - threshold-qualified
310,0.70026997,1,added_to_cart (+3.3972) | user_type_0 (+0.3862) | device_type_2 (-0.2368),Candidate for promotion - higher score
8269,0.49698263,0,added_to_cart (+3.3972) | user_type_0 (-0.3160) | time_on_site_sec (-0.1948),Investigate checkout/discount friction
4268,0.66698421,1,added_to_cart (+3.3972) | user_type_0 (+0.3862) | time_on_site_sec (-0.1969),Candidate for promotion - threshold-qualified
4694,0.73642304,1,added_to_cart (+3.3972) | user_type_0 (+0.3862) | device_type_0 (-0.1811),Candidate for promotion - higher score
4615,0.60815906,1,added_to_cart (+3.3972) | user_type_0 (-0.3160) | device_type_1 (-0.1768),Candidate for promotion - threshold-qualified
11843,0.59886799,1,added_to_cart (+3.3972) | user_type_0 (-0.3160) | device_type_1 (-0.1768),Candidate for promotion - threshold-qualified
1782,0.00048453,0,added_to_cart (-4.8886) | user_type_0 (+0.3862) | visit_season_1 (-0.1783),Retention/engagement nudge
5547,0.56021817,0,added_to_cart (+3.3972) | user_type_0 (-0.3160) | visit_season_0 (-0.1830),Investigate checkout/discount friction
22612,0.00031668,0,added_to_cart (-4.8886) | user_type_0 (-0.3160) | visit_season_0 (-0.1830),Retention/engagement nudge
19545,0.66967625,1,added_to_cart (+3.3972) | user_type_0 (+0.3862) | visit_season_1 (-0.1783),Candidate for promotion - threshold-qualified
5770,0.61282315,1,added_to_cart (+3.3972) | user_type_0 (-0.3160) | visit_season_0 (-0.1830),Candidate for promotion - threshold-qualified
24381,0.62189548,1,added_to_cart (+3.3972) | user_type_0 (-0.3160) | device_type_2 (-0.2368),Candidate for promotion - threshold-qualified
4992,0.69656557,1,added_to_cart (+3.3972) | user_type_0 (+0.3862) | device_type_1 (-0.1768),Candidate for promotion - higher score
20310,0.66683815,1,added_to_cart (+3.3972) | user_type_0 (+0.3862) | visit_season_0 (-0.1830),Candidate for promotion - threshold-qualified
4528,0.00065805,0,added_to_cart (-4.8886) | user_type_0 (+0.3862) | device_type_2 (-0.2368),Retention/engagement nudge
11715,0.52934294,0,added_to_cart (+3.3972) | user_type_0 (-0.3160) | time_on_site_sec (-0.1862),Investigate checkout/discount friction
18630,0.59621567,1,added_to_cart (+3.3972) | user_type_0 (-0.3160) | device_type_1 (-0.1768),Candidate for promotion - threshold-qualified
6282,0.56860580,0,added_to_cart (+3.3972) | user_type_0 (-0.3160) | device_type_1 (-0.1768),Investigate checkout/discount friction
21232,0.60809415,1,added_to_cart (+3.3972) | user_type_0 (-0.3160) | device_type_0 (-0.1811),Candidate for promotion - threshold-qualified
7914,0.56541051,0,added_to_cart (+3.3972) | user_type_0 (-0.3160) | visit_season_0 (-0.1830),Investigate checkout/discount friction
5984,0.00030003,0,added_to_cart (-4.8886) | user_type_0 (-0.3160) | visit_season_1 (-0.1783),Retention/engagement nudge
1713,0.58585157,1,added_to_cart (+3.3972) | user_type_0 (-0.3160) | visit_season_1 (-0.1783),Candidate for promotion - threshold-qualified
20531,0.58428390,1,added_to_cart (+3.3972) | user_type_0 (-0.3160) | device_type_1 (-0.1768),Candidate for promotion - threshold-qualified
9776,0.72090679,1,added_to_cart (+3.3972) | user_type_0 (+0.3862) | time_on_site_sec (-0.1807),Candidate for promotion - higher score
11193,0.00054099,0,added_to_cart (-4.8886) | user_type_0 (+0.3862) | visit_season_1 (-0.1783),Retention/engagement nudge
5902,0.63505760,1,added_to_cart (+3.3972) | user_type_0 (+0.3862) | device_type_1 (-0.1768),Candidate for promotion - threshold-qualified
4913,0.00037269,0,added_to_cart (-4.8886) | user_type_0 (-0.3160) | device_type_0 (-0.1811),Retention/engagement nudge
23688,0.00049651,0,added_to_cart (-4.8886) | user_type_0 (+0.3862) | time_on_site_sec (-0.2041),Retention/engagement nudge
635,0.63834091,1,added_to_cart (+3.3972) | user_type_0 (-0.3160) | visit_season_0 (-0.1830),Candidate for promotion - threshold-qualified
18246,0.00029272,0,added_to_cart (-4.8886) | user_type_0 (-0.3160) | visit_season_0 (-0.1830),Retention/engagement nudge
21483,0.55568699,0,added_to_cart (+3.3972) | user_type_0 (-0.3160) | time_on_site_sec (-0.1796),Investigate checkout/discount friction
15378,0.00065719,0,added_to_cart (-4.8886) | user_type_0 (+0.3862) | device_type_0 (-0.1811),Retention/engagement nudge
1509,0.59959334,1,added_to_cart (+3.3972) | user_type_0 (-0.3160) | visit_season_0 (-0.1830),Candidate for promotion - threshold-qualified
2368,0.57171284,0,added_to_cart (+3.3972) | user_type_0 (-0.3160) | time_on_site_sec (-0.1898),Investigate checkout/discount friction
20313,0.00064880,0,added_to_cart (-4.8886) | user_type_0 (+0.3862) | device_type_1 (-0.1768),Retention/engagement nudge
20781,0.00043306,0,added_to_cart (-4.8886) | user_type_0 (+0.3862) | device_type_1 (-0.1768),Retention/engagement nudge
18208,0.70744843,1,added_to_cart (+3.3972) | user_type_0 (+0.3862) | device_type_0 (-0.1811),Candidate for promotion - higher score
4114,0.65288738,1,added_to_cart (+3.3972) | user_type_0 (+0.3862) | device_type_1 (-0.1768),Candidate for promotion - threshold-qualified
18233,0.58984037,1,added_to_cart (+3.3972) | user_type_0 (-0.3160) | device_type_1 (-0.1768),Candidate for promotion - threshold-qualified
14612,0.69619322,1,added_to_cart (+3.3972) | user_type_0 (+0.3862) | device_type_1 (-0.1768),Candidate for promotion - higher score
1516,0.56784502,0,added_to_cart (+3.3972) | user_type_0 (-0.3160) | visit_season_1 (-0.1783),Investigate checkout/discount friction
6781,0.66817330,1,added_to_cart (+3.3972) | user_type_0 (+0.3862) | visit_season_1 (-0.1783),Candidate for promotion - threshold-qualified
18284,0.66558974,1,added_to_cart (+3.3972) | user_type_0 (+0.3862) | device_type_2 (-0.2368),Candidate for promotion - threshold-qualified
11147,0.00052888,0,added_to_cart (-4.8886) | user_type_0 (+0.3862) | visit_season_1 (-0.1783),Retention/engagement nudge
22822,0.58636629,1,added_to_cart (+3.3972) | user_type_0 (-0.3160) | device_type_2 (-0.2368),Candidate for promotion - threshold-qualified
8026,0.69414207,1,added_to_cart (+3.3972) | user_type_0 (+0.3862) | visit_season_0 (-0.1830),Candidate for promotion - higher score
2337,0.00035381,0,added_to_cart (-4.8886) | user_type_0 (-0.3160) | device_type_1 (-0.1768),Retention/engagement nudge
14789,0.00033649,0,added_to_cart (-4.8886) | user_type_0 (-0.3160) | visit_season_0 (-0.1830),Retention/engagement nudge
9562,0.71086105,1,added_to_cart (+3.3972) | user_type_0 (+0.3862) | device_type_1 (-0.1768),Candidate for promotion - higher score
4802,0.70889470,1,added_to_cart (+3.3972) | user_type_0 (+0.3862) | device_type_1 (-0.1768),Candidate for promotion - higher score
15370,0.00061987,0,added_to_cart (-4.8886) | user_type_0 (+0.3862) | visit_season_1 (-0.1783),Retention/engagement nudge
13541,0.60090396,1,added_to_cart (+3.3972) | user_type_0 (-0.3160) | device_type_1 (-0.1768),Candidate for promotion - threshold-qualified
5885,0.66600084,1,added_to_cart (+3.3972) | user_type_0 (+0.3862) | visit_season_0 (-0.1830),Candidate for promotion - threshold-qualified
23021,0.68541282,1,added_to_cart (+3.3972) | user_type_0 (+0.3862) | device_type_0 (-0.1811),Candidate for promotion - higher score
4933,0.51555176,0,added_to_cart (+3.3972) | user_type_0 (-0.3160) | visit_season_0 (-0.1830),Investigate checkout/discount friction
8124,0.00030942,0,added_to_cart (-4.8886) | user_type_0 (-0.3160) | device_type_1 (-0.1768),Retention/engagement nudge
20360,0.00062281,0,added_to_cart (-4.8886) | user_type_0 (+0.3862) | device_type_2 (-0.2368),Retention/engagement nudge
8118,0.70035424,1,added_to_cart (+3.3972) | user_type_0 (+0.3862) | device_type_0 (-0.1811),Candidate for promotion - higher score
17979,0.67851295,1,added_to_cart (+3.3972) | user_type_0 (+0.3862) | device_type_1 (-0.1768),Candidate for promotion - higher score
19391,0.58509164,1,added_to_cart (+3.3972) | user_type_0 (-0.3160) | visit_season_0 (-0.1830),Candidate for promotion - threshold-qualified
18746,0.00033427,0,added_to_cart (-4.8886) | user_type_0 (-0.3160) | device_type_0 (-0.1811),Retention/engagement nudge
605,0.00038116,0,added_to_cart (-4.8886) | user_type_0 (-0.3160) | device_type_1 (-0.1768),Retention/engagement nudge
7792,0.55313920,0,added_to_cart (+3.3972) | user_type_0 (-0.3160) | device_type_0 (-0.1811),Investigate checkout/discount friction
10234,0.66754230,1,added_to_cart (+3.3972) | user_type_0 (+0.3862) | device_type_0 (-0.1811),Candidate for promotion - threshold-qualified
24424,0.58889242,1,added_to_cart (+3.3972) | user_type_0 (-0.3160) | device_type_2 (-0.2368),Candidate for promotion - threshold-qualified
8117,0.51495805,0,added_to_cart (+3.3972) | user_type_0 (-0.3160) | time_on_site_sec (-0.1974),Investigate checkout/discount friction
20614,0.68322811,1,added_to_cart (+3.3972) | user_type_0 (+0.3862) | visit_season_1 (-0.1783),Candidate for promotion - higher score
9424,0.00033000,0,added_to_cart (-4.8886) | user_type_0 (-0.3160) | device_type_0 (-0.1811),Retention/engagement nudge
1028,0.75135818,1,added_to_cart (+3.3972) | user_type_0 (+0.3862) | visit_season_0 (-0.1830),Candidate for promotion - higher score
21760,0.53864015,0,added_to_cart (+3.3972) | user_type_0 (-0.3160) | device_type_1 (-0.1768),Investigate checkout/discount friction
15046,0.72915492,1,added_to_cart (+3.3972) | user_type_0 (+0.3862) | visit_season_1 (-0.1783),Candidate for promotion - higher score
23320,0.00062950,0,added_to_cart (-4.8886) | user_type_0 (+0.3862) | device_type_2 (-0.2368),Retention/engagement nudge
13220,0.00045726,0,added_to_cart (-4.8886) | user_type_0 (-0.3160) | device_type_2 (-0.2368),Retention/engagement nudge
13351,0.59943973,1,added_to_cart (+3.3972) | user_type_0 (-0.3160) | device_type_0 (-0.1811),Candidate for promotion - threshold-qualified
7242,0.58136805,1,added_to_cart (+3.3972) | user_type_0 (-0.3160) | visit_season_0 (-0.1830),Candidate for promotion - threshold-qualified
17025,0.62613601,1,added_to_cart (+3.3972) | user_type_0 (-0.3160) | visit_season_0 (-0.1830),Candidate for promotion - threshold-qualified
194,0.54187496,0,added_to_cart (+3.3972) | user_type_0 (-0.3160) | visit_season_0 (-0.1830),Investigate checkout/discount friction
24690,0.57199489,0,added_to_cart (+3.3972) | user_type_0 (-0.3160) | visit_season_1 (-0.1783),Investigate checkout/discount friction
13717,0.00029351,0,added_to_cart (-4.8886) | user_type_0 (-0.3160) | visit_season_0 (-0.1830),Retention/engagement nudge
4742,0.57747992,1,added_to_cart (+3.3972) | user_type_0 (-0.3160) | device_type_1 (-0.1768),Candidate for promotion - threshold-qualified
12752,0.72459695,1,added_to_cart (+3.3972) | user_type_0 (+0.3862) | device_type_0 (-0.1811),Candidate for promotion - higher score
14384,0.00050840,0,added_to_cart (-4.8886) | user_type_0 (+0.3862) | device_type_0 (-0.1811),Retention/engagement nudge
23353,0.00052757,0,added_to_cart (-4.8886) | user_type_0 (+0.3862) | device_type_0 (-0.1811),Retention/engagement nudge
14287,0.00048681,0,added_to_cart (-4.8886) | user_type_0 (+0.3862) | time_on_site_sec (-0.1999),Retention/engagement nudge
6291,0.69187903,1,added_to_cart (+3.3972) | user_type_0 (+0.3862) | device_type_1 (-0.1768),Candidate for promotion - higher score
1957,0.47948986,0,added_to_cart (+3.3972) | user_type_0 (-0.3160) | visit_season_0 (-0.1830),Investigate checkout/discount friction
16307,0.00071226,0,added_to_cart (-4.8886) | user_type_0 (+0.3862) | device_type_0 (-0.1811),Retention/engagement nudge
24931,0.58545923,1,added_to_cart (+3.3972) | user_type_0 (-0.3160) | visit_season_0 (-0.1830),Candidate for promotion - threshold-qualified
5869,0.00074803,0,added_to_cart (-4.8886) | user_type_0 (+0.3862) | visit_season_1 (-0.1783),Retention/engagement nudge
3864,0.62021072,1,added_to_cart (+3.3972) | user_type_0 (-0.3160) | device_type_1 (-0.1768),Candidate for promotion - threshold-qualified
2963,0.53618345,0,added_to_cart (+3.3972) | user_type_0 (-0.3160) | device_type_0 (-0.1811),Investigate checkout/discount friction
9360,0.00039652,0,added_to_cart (-4.8886) | user_type_0 (-0.3160) | visit_season_0 (-0.1830),Retention/engagement nudge
22150,0.72009905,1,added_to_cart (+3.3972) | user_type_0 (+0.3862) | visit_season_0 (-0.1830),Candidate for promotion - higher score
2157,0.00056694,0,added_to_cart (-4.8886) | user_type_0 (+0.3862) | visit_season_0 (-0.1830),Retention/engagement nudge
9825,0.00040065,0,added_to_cart (-4.8886) | user_type_0 (-0.3160) | device_type_1 (-0.1768),Retention/engagement nudge
6592,0.64795228,1,added_to_cart (+3.3972) | user_type_0 (+0.3862) | device_type_0 (-0.1811),Candidate for promotion - threshold-qualified
18023,0.69064640,1,added_to_cart (+3.3972) | user_type_0 (+0.3862) | device_type_1 (-0.1768),Candidate for promotion - higher score
24471,0.57610669,1,added_to_cart (+3.3972) | user_type_0 (-0.3160) | device_type_1 (-0.1768),Candidate for promotion - threshold-qualified
19696,0.69278297,1,added_to_cart (+3.3972) | user_type_0 (+0.3862) | device_type_2 (-0.2368),Candidate for promotion - higher score
15233,0.00054553,0,added_to_cart (-4.8886) | user_type_0 (+0.3862) | device_type_0 (-0.1811),Retention/engagement nudge
19604,0.00050472,0,added_to_cart (-4.8886) | user_type_0 (+0.3862) | device_type_1 (-0.1768),Retention/engagement nudge
13377,0.66192311,1,added_to_cart (+3.3972) | user_type_0 (+0.3862) | device_type_1 (-0.1768),Candidate for promotion - threshold-qualified
21967,0.00067850,0,added_to_cart (-4.8886) | user_type_0 (+0.3862) | device_type_0 (-0.1811),Retention/engagement nudge
2517,0.66879616,1,added_to_cart (+3.3972) | user_type_0 (+0.3862) | visit_season_1 (-0.1783),Candidate for promotion - threshold-qualified
14416,0.69070902,1,added_to_cart (+3.3972) | user_type_0 (+0.3862) | visit_season_0 (-0.1830),Candidate for promotion - higher score
10389,0.66760215,1,added_to_cart (+3.3972) | user_type_0 (+0.3862) | device_type_1 (-0.1768),Candidate for promotion - threshold-qualified
1943,0.55089370,0,added_to_cart (+3.3972) | user_type_0 (-0.3160) | visit_season_0 (-0.1830),Investigate checkout/discount friction
6096,0.00062539,0,added_to_cart (-4.8886) | user_type_0 (+0.3862) | device_type_0 (-0.1811),Retention/engagement nudge
3117,0.57955209,1,added_to_cart (+3.3972) | user_type_0 (-0.3160) | device_type_1 (-0.1768),Candidate for promotion - threshold-qualified
13174,0.54159611,0,added_to_cart (+3.3972) | user_type_0 (-0.3160) | time_on_site_sec (-0.1866),Investigate checkout/discount friction
6641,0.00057967,0,added_to_cart (-4.8886) | user_type_0 (+0.3862) | visit_season_0 (-0.1830),Retention/engagement nudge
15053,0.66734077,1,added_to_cart (+3.3972) | user_type_0 (+0.3862) | visit_season_1 (-0.1783),Candidate for promotion - threshold-qualified
4286,0.00046714,0,added_to_cart (-4.8886) | user_type_0 (-0.3160) | device_type_1 (-0.1768),Retention/engagement nudge
3101,0.52780253,0,added_to_cart (+3.3972) | user_type_0 (-0.3160) | visit_season_1 (-0.1783),Investigate checkout/discount friction
1449,0.57348142,1,added_to_cart (+3.3972) | user_type_0 (-0.3160) | device_type_1 (-0.1768),Candidate for promotion - threshold-qualified
8545,0.00038857,0,added_to_cart (-4.8886) | user_type_0 (-0.3160) | device_type_1 (-0.1768),Retention/engagement nudge
722,0.69809418,1,added_to_cart (+3.3972) | user_type_0 (+0.3862) | visit_season_0 (-0.1830),Candidate for promotion - higher score
23402,0.69766516,1,added_to_cart (+3.3972) | user_type_0 (+0.3862) | device_type_0 (-0.1811),Candidate for promotion - higher score
7268,0.61902302,1,added_to_cart (+3.3972) | user_type_0 (-0.3160) | device_type_0 (-0.1811),Candidate for promotion - threshold-qualified
4691,0.67693578,1,added_to_cart (+3.3972) | user_type_0 (+0.3862) | device_type_0 (-0.1811),Candidate for promotion - higher score
5606,0.71315569,1,added_to_cart (+3.3972) | user_type_0 (+0.3862) | visit_season_0 (-0.1830),Candidate for promotion - higher score
8386,0.00047819,0,added_to_cart (-4.8886) | user_type_0 (+0.3862) | time_on_site_sec (-0.1845),Retention/engagement nudge
2063,0.00057918,0,added_to_cart (-4.8886) | user_type_0 (+0.3862) | device_type_2 (-0.2368),Retention/engagement nudge
5906,0.70610023,1,added_to_cart (+3.3972) | user_type_0 (+0.3862) | device_type_0 (-0.1811),Candidate for promotion - higher score
1389,0.53848775,0,added_to_cart (+3.3972) | user_type_0 (-0.3160) | device_type_2 (-0.2368),Investigate checkout/discount friction
23810,0.54901773,0,added_to_cart (+3.3972) | user_type_0 (-0.3160) | device_type_2 (-0.2368),Investigate checkout/discount friction
3518,0.56142097,0,added_to_cart (+3.3972) | user_type_0 (-0.3160) | device_type_2 (-0.2368),Investigate checkout/discount friction
24890,0.69294321,1,added_to_cart (+3.3972) | user_type_0 (+0.3862) | device_type_0 (-0.1811),Candidate for promotion - higher score
23915,0.55837331,0,added_to_cart (+3.3972) | user_type_0 (-0.3160) | device_type_1 (-0.1768),Investigate checkout/discount friction
663,0.00050842,0,added_to_cart (-4.8886) | user_type_0 (+0.3862) | device_type_1 (-0.1768),Retention/engagement nudge
3670,0.73301463,1,added_to_cart (+3.3972) | user_type_0 (+0.3862) | device_type_0 (-0.1811),Candidate for promotion - higher score
11856,0.67987167,1,added_to_cart (+3.3972) | user_type_0 (+0.3862) | visit_season_1 (-0.1783),Candidate for promotion - higher score
20890,0.62713699,1,added_to_cart (+3.3972) | user_type_0 (+0.3862) | device_type_1 (-0.1768),Candidate for promotion - threshold-qualified
9725,0.00034499,0,added_to_cart (-4.8886) | user_type_0 (-0.3160) | device_type_0 (-0.1811),Retention/engagement nudge
11029,0.00036123,0,added_to_cart (-4.8886) | user_type_0 (-0.3160) | device_type_0 (-0.1811),Retention/engagement nudge
10105,0.00027491,0,added_to_cart (-4.8886) | user_type_0 (-0.3160) | device_type_0 (-0.1811),Retention/engagement nudge
22310,0.54957259,0,added_to_cart (+3.3972) | user_type_0 (-0.3160) | visit_season_1 (-0.1783),Investigate checkout/discount friction
1637,0.70462830,1,added_to_cart (+3.3972) | user_type_0 (+0.3862) | device_type_2 (-0.2368),Candidate for promotion - higher score
243,0.53540007,0,added_to_cart (+3.3972) | user_type_0 (-0.3160) | visit_season_0 (-0.1830),Investigate checkout/discount friction
17814,0.00066611,0,added_to_cart (-4.8886) | user_type_0 (+0.3862) | visit_season_0 (-0.1830),Retention/engagement nudge
9731,0.62216314,1,added_to_cart (+3.3972) | user_type_0 (-0.3160) | device_type_1 (-0.1768),Candidate for promotion - threshold-qualified
18324,0.63804612,1,added_to_cart (+3.3972) | user_type_0 (-0.3160) | visit_season_1 (-0.1783),Candidate for promotion - threshold-qualified
21791,0.55131632,0,added_to_cart (+3.3972) | user_type_0 (-0.3160) | device_type_1 (-0.1768),Investigate checkout/discount friction
7666,0.62360698,1,added_to_cart (+3.3972) | user_type_0 (+0.3862) | visit_season_0 (-0.1830),Candidate for promotion - threshold-qualified
19269,0.00033873,0,added_to_cart (-4.8886) | user_type_0 (-0.3160) | visit_season_1 (-0.1783),Retention/engagement nudge
14404,0.75669368,1,added_to_cart (+3.3972) | user_type_0 (+0.3862) | device_type_0 (-0.1811),Candidate for promotion - higher score
10343,0.00049683,0,added_to_cart (-4.8886) | user_type_0 (+0.3862) | time_on_site_sec (-0.1784),Retention/engagement nudge
8910,0.00051349,0,added_to_cart (-4.8886) | user_type_0 (+0.3862) | visit_season_0 (-0.1830),Retention/engagement nudge
13332,0.00028760,0,added_to_cart (-4.8886) | user_type_0 (-0.3160) | time_on_site_sec (-0.1771),Retention/engagement nudge
16625,0.71724755,1,added_to_cart (+3.3972) | user_type_0 (+0.3862) | device_type_0 (-0.1811),Candidate for promotion - higher score
23614,0.70777912,1,added_to_cart (+3.3972) | user_type_0 (+0.3862) | device_type_1 (-0.1768),Candidate for promotion - higher score
14313,0.00048047,0,added_to_cart (-4.8886) | user_type_0 (+0.3862) | visit_season_0 (-0.1830),Retention/engagement nudge
5601,0.70848316,1,added_to_cart (+3.3972) | user_type_0 (+0.3862) | device_type_1 (-0.1768),Candidate for promotion - higher score
1069,0.58120958,1,added_to_cart (+3.3972) | user_type_0 (-0.3160) | time_on_site_sec (-0.1963),Candidate for promotion - threshold-qualified
11661,0.65465927,1,added_to_cart (+3.3972) | user_type_0 (-0.3160) | device_type_1 (-0.1768),Candidate for promotion - threshold-qualified
19393,0.00052208,0,added_to_cart (-4.8886) | user_type_0 (+0.3862) | device_type_0 (-0.1811),Retention/engagement nudge
22056,0.65645409,1,added_to_cart (+3.3972) | user_type_0 (-0.3160) | visit_season_1 (-0.1783),Candidate for promotion - threshold-qualified
515,0.00031437,0,added_to_cart (-4.8886) | user_type_0 (-0.3160) | device_type_0 (-0.1811),Retention/engagement nudge
23361,0.00043511,0,added_to_cart (-4.8886) | user_type_0 (-0.3160) | device_type_1 (-0.1768),Retention/engagement nudge
18014,0.00035445,0,added_to_cart (-4.8886) | user_type_0 (-0.3160) | visit_season_0 (-0.1830),Retention/engagement nudge
11482,0.69110637,1,added_to_cart (+3.3972) | user_type_0 (+0.3862) | time_on_site_sec (-0.1955),Candidate for promotion - higher score
12727,0.73719127,1,added_to_cart (+3.3972) | user_type_0 (+0.3862) | visit_season_0 (-0.1830),Candidate for promotion - higher score
3671,0.00038648,0,added_to_cart (-4.8886) | user_type_0 (-0.3160) | device_type_1 (-0.1768),Retention/engagement nudge
16923,0.57001489,0,added_to_cart (+3.3972) | user_type_0 (-0.3160) | device_type_0 (-0.1811),Investigate checkout/discount friction
10166,0.00030752,0,added_to_cart (-4.8886) | user_type_0 (-0.3160) | time_on_site_sec (-0.1952),Retention/engagement nudge
14377,0.58013245,1,added_to_cart (+3.3972) | user_type_0 (-0.3160) | device_type_1 (-0.1768),Candidate for promotion - threshold-qualified
23504,0.63599007,1,added_to_cart (+3.3972) | user_type_0 (-0.3160) | visit_season_0 (-0.1830),Candidate for promotion - threshold-qualified
19870,0.00050462,0,added_to_cart (-4.8886) | user_type_0 (+0.3862) | device_type_2 (-0.2368),Retention/engagement nudge
8410,0.75229809,1,added_to_cart (+3.3972) | user_type_0 (+0.3862) | visit_season_0 (-0.1830),Candidate for promotion - higher score
17870,0.68827583,1,added_to_cart (+3.3972) | user_type_0 (+0.3862) | visit_season_1 (-0.1783),Candidate for promotion - higher score
6788,0.63421889,1,added_to_cart (+3.3972) | user_type_0 (-0.3160) | device_type_1 (-0.1768),Candidate for promotion - threshold-qualified
22754,0.73980406,1,added_to_cart (+3.3972) | user_type_0 (+0.3862) | device_type_0 (-0.1811),Candidate for promotion - higher score
11506,0.72423635,1,added_to_cart (+3.3972) | user_type_0 (+0.3862) | visit_season_0 (-0.1830),Candidate for promotion - higher score
19008,0.63749875,1,added_to_cart (+3.3972) | user_type_0 (-0.3160) | visit_season_1 (-0.1783),Candidate for promotion - threshold-qualified
4656,0.72941520,1,added_to_cart (+3.3972) | user_type_0 (+0.3862) | visit_season_1 (-0.1783),Candidate for promotion - higher score
17460,0.67337735,1,added_to_cart (+3.3972) | user_type_0 (+0.3862) | device_type_0 (-0.1811),Candidate for promotion - higher score
12981,0.00033907,0,added_to_cart (-4.8886) | user_type_0 (-0.3160) | device_type_1 (-0.1768),Retention/engagement nudge
1043,0.00050043,0,added_to_cart (-4.8886) | user_type_0 (+0.3862) | device_type_2 (-0.2368),Retention/engagement nudge
3744,0.00048453,0,added_to_cart (-4.8886) | user_type_0 (+0.3862) | visit_season_0 (-0.1830),Retention/engagement nudge
23196,0.71960101,1,added_to_cart (+3.3972) | user_type_0 (+0.3862) | visit_season_0 (-0.1830),Candidate for promotion - higher score
9329,0.60127752,1,added_to_cart (+3.3972) | user_type_0 (-0.3160) | visit_season_0 (-0.1830),Candidate for promotion - threshold-qualified
21822,0.51264841,0,added_to_cart (+3.3972) | user_type_0 (-0.3160) | time_on_site_sec (-0.1860),Investigate checkout/discount friction
2034,0.65639448,1,added_to_cart (+3.3972) | user_type_0 (+0.3862) | device_type_1 (-0.1768),Candidate for promotion - threshold-qualified
14387,0.00062072,0,added_to_cart (-4.8886) | user_type_0 (+0.3862) | device_type_1 (-0.1768),Retention/engagement nudge
19606,0.61239598,1,added_to_cart (+3.3972) | user_type_0 (-0.3160) | visit_season_1 (-0.1783),Candidate for promotion - threshold-qualified
9652,0.54135524,0,added_to_cart (+3.3972) | user_type_0 (-0.3160) | device_type_0 (-0.1811),Investigate checkout/discount friction
9275,0.00056490,0,added_to_cart (-4.8886) | user_type_0 (+0.3862) | visit_season_1 (-0.1783),Retention/engagement nudge
13701,0.69333025,1,added_to_cart (+3.3972) | user_type_0 (+0.3862) | visit_season_1 (-0.1783),Candidate for promotion - higher score
19499,0.67492735,1,added_to_cart (+3.3972) | user_type_0 (+0.3862) | time_on_site_sec (-0.1902),Candidate for promotion - higher score
11868,0.59299249,1,added_to_cart (+3.3972) | user_type_0 (-0.3160) | visit_season_0 (-0.1830),Candidate for promotion - threshold-qualified
6917,0.72873273,1,added_to_cart (+3.3972) | user_type_0 (+0.3862) | device_type_2 (-0.2368),Candidate for promotion - higher score
22539,0.69665708,1,added_to_cart (+3.3972) | user_type_0 (+0.3862) | device_type_0 (-0.1811),Candidate for promotion - higher score
13581,0.62342559,1,added_to_cart (+3.3972) | user_type_0 (-0.3160) | device_type_0 (-0.1811),Candidate for promotion - threshold-qualified
21272,0.71895550,1,added_to_cart (+3.3972) | user_type_0 (+0.3862) | device_type_1 (-0.1768),Candidate for promotion - higher score
10579,0.67201833,1,added_to_cart (+3.3972) | user_type_0 (+0.3862) | device_type_2 (-0.2368),Candidate for promotion - threshold-qualified
14140,0.00033269,0,added_to_cart (-4.8886) | user_type_0 (-0.3160) | visit_season_0 (-0.1830),Retention/engagement nudge
12867,0.66841537,1,added_to_cart (+3.3972) | user_type_0 (+0.3862) | visit_season_0 (-0.1830),Candidate for promotion - threshold-qualified
20695,0.66485498,1,added_to_cart (+3.3972) | user_type_0 (+0.3862) | visit_season_0 (-0.1830),Candidate for promotion - threshold-qualified
17936,0.54459090,0,added_to_cart (+3.3972) | user_type_0 (-0.3160) | device_type_0 (-0.1811),Investigate checkout/discount friction
22749,0.00035437,0,added_to_cart (-4.8886) | user_type_0 (-0.3160) | device_type_1 (-0.1768),Retention/engagement nudge
16236,0.00046843,0,added_to_cart (-4.8886) | user_type_0 (+0.3862) | visit_season_0 (-0.1830),Retention/engagement nudge
20889,0.70503030,1,added_to_cart (+3.3972) | user_type_0 (+0.3862) | visit_season_0 (-0.1830),Candidate for promotion - higher score
4774,0.70461097,1,added_to_cart (+3.3972) | user_type_0 (+0.3862) | device_type_0 (-0.1811),Candidate for promotion - higher score
191,0.00034321,0,added_to_cart (-4.8886) | user_type_0 (-0.3160) | visit_season_0 (-0.1830),Retention/engagement nudge
24657,0.00062955,0,added_to_cart (-4.8886) | user_type_0 (+0.3862) | device_type_1 (-0.1768),Retention/engagement nudge
23876,0.64258838,1,added_to_cart (+3.3972) | user_type_0 (+0.3862) | device_type_1 (-0.1768),Candidate for promotion - threshold-qualified
203,0.61659761,1,added_to_cart (+3.3972) | user_type_0 (-0.3160) | visit_season_0 (-0.1830),Candidate for promotion - threshold-qualified
22181,0.73375272,1,added_to_cart (+3.3972) | user_type_0 (+0.3862) | device_type_1 (-0.1768),Candidate for promotion - higher score
19958,0.64515426,1,added_to_cart (+3.3972) | user_type_0 (+0.3862) | device_type_0 (-0.1811),Candidate for promotion - threshold-qualified
7080,0.60741994,1,added_to_cart (+3.3972) | user_type_0 (-0.3160) | device_type_0 (-0.1811),Candidate for promotion - threshold-qualified
20626,0.57167266,0,added_to_cart (+3.3972) | user_type_0 (-0.3160) | device_type_2 (-0.2368),Investigate checkout/discount friction
3810,0.65608150,1,added_to_cart (+3.3972) | user_type_0 (+0.3862) | device_type_0 (-0.1811),Candidate for promotion - threshold-qualified
11595,0.69891593,1,added_to_cart (+3.3972) | user_type_0 (+0.3862) | visit_season_1 (-0.1783),Candidate for promotion - higher score
104,0.63115833,1,added_to_cart (+3.3972) | user_type_0 (-0.3160) | device_type_0 (-0.1811),Candidate for promotion - threshold-qualified
16853,0.00050440,0,added_to_cart (-4.8886) | user_type_0 (-0.3160) | device_type_1 (-0.1768),Retention/engagement nudge
24001,0.00064589,0,added_to_cart (-4.8886) | user_type_0 (+0.3862) | visit_season_0 (-0.1830),Retention/engagement nudge
17958,0.66275232,1,added_to_cart (+3.3972) | user_type_0 (+0.3862) | device_type_0 (-0.1811),Candidate for promotion - threshold-qualified
22533,0.70771750,1,added_to_cart (+3.3972) | user_type_0 (+0.3862) | visit_season_1 (-0.1783),Candidate for promotion - higher score
11563,0.61325028,1,added_to_cart (+3.3972) | user_type_0 (-0.3160) | device_type_0 (-0.1811),Candidate for promotion - threshold-qualified
22002,0.69930094,1,added_to_cart (+3.3972) | user_type_0 (+0.3862) | device_type_0 (-0.1811),Candidate for promotion - higher score
6746,0.00049672,0,added_to_cart (-4.8886) | user_type_0 (+0.3862) | visit_season_0 (-0.1830),Retention/engagement nudge
16286,0.60797552,1,added_to_cart (+3.3972) | user_type_0 (-0.3160) | visit_season_1 (-0.1783),Candidate for promotion - threshold-qualified
1848,0.70194285,1,added_to_cart (+3.3972) | user_type_0 (+0.3862) | device_type_0 (-0.1811),Candidate for promotion - higher score
4341,0.71986553,1,added_to_cart (+3.3972) | user_type_0 (+0.3862) | device_type_2 (-0.2368),Candidate for promotion - higher score
3403,0.70100500,1,added_to_cart (+3.3972) | user_type_0 (+0.3862) | visit_season_0 (-0.1830),Candidate for promotion - higher score
20269,0.00038018,0,added_to_cart (-4.8886) | user_type_0 (-0.3160) | device_type_1 (-0.1768),Retention/engagement nudge
19868,0.58227914,1,added_to_cart (+3.3972) | user_type_0 (-0.3160) | device_type_0 (-0.1811),Candidate for promotion - threshold-qualified
11746,0.00049376,0,added_to_cart (-4.8886) | user_type_0 (+0.3862) | device_type_0 (-0.1811),Retention/engagement nudge
18138,0.00041313,0,added_to_cart (-4.8886) | user_type_0 (-0.3160) | visit_season_1 (-0.1783),Retention/engagement nudge
8517,0.57631148,1,added_to_cart (+3.3972) | user_type_0 (-0.3160) | device_type_1 (-0.1768),Candidate for promotion - threshold-qualified
12009,0.60199341,1,added_to_cart (+3.3972) | user_type_0 (-0.3160) | device_type_1 (-0.1768),Candidate for promotion - threshold-qualified
6053,0.62489165,1,added_to_cart (+3.3972) | user_type_0 (-0.3160) | device_type_0 (-0.1811),Candidate for promotion - threshold-qualified
3416,0.57199344,0,added_to_cart (+3.3972) | user_type_0 (-0.3160) | device_type_1 (-0.1768),Investigate checkout/discount friction
21602,0.54589331,0,added_to_cart (+3.3972) | user_type_0 (-0.3160) | device_type_2 (-0.2368),Investigate checkout/discount friction
22867,0.66639651,1,added_to_cart (+3.3972) | user_type_0 (+0.3862) | time_on_site_sec (-0.1929),Candidate for promotion - threshold-qualified
2931,0.59108580,1,added_to_cart (+3.3972) | user_type_0 (-0.3160) | device_type_0 (-0.1811),Candidate for promotion - threshold-qualified
14369,0.65848572,1,added_to_cart (+3.3972) | user_type_0 (+0.3862) | visit_season_1 (-0.1783),Candidate for promotion - threshold-qualified
20436,0.00030069,0,added_to_cart (-4.8886) | user_type_0 (-0.3160) | visit_season_0 (-0.1830),Retention/engagement nudge
3115,0.67869167,1,added_to_cart (+3.3972) | user_type_0 (+0.3862) | device_type_0 (-0.1811),Candidate for promotion - higher score
23926,0.00040936,0,added_to_cart (-4.8886) | user_type_0 (-0.3160) | device_type_0 (-0.1811),Retention/engagement nudge
14799,0.56968300,0,added_to_cart (+3.3972) | user_type_0 (-0.3160) | device_type_0 (-0.1811),Investigate checkout/discount friction
10029,0.58079336,1,added_to_cart (+3.3972) | user_type_0 (-0.3160) | device_type_0 (-0.1811),Candidate for promotion - threshold-qualified
16428,0.51898613,0,added_to_cart (+3.3972) | user_type_0 (-0.3160) | visit_season_0 (-0.1830),Investigate checkout/discount friction
11123,0.62385852,1,added_to_cart (+3.3972) | user_type_0 (-0.3160) | device_type_0 (-0.1811),Candidate for promotion - threshold-qualified
20375,0.00027852,0,added_to_cart (-4.8886) | user_type_0 (-0.3160) | time_on_site_sec (-0.1965),Retention/engagement nudge
14706,0.63780939,1,added_to_cart (+3.3972) | user_type_0 (+0.3862) | device_type_0 (-0.1811),Candidate for promotion - threshold-qualified
18914,0.00036802,0,added_to_cart (-4.8886) | user_type_0 (-0.3160) | device_type_1 (-0.1768),Retention/engagement nudge
22041,0.72259472,1,added_to_cart (+3.3972) | user_type_0 (+0.3862) | device_type_1 (-0.1768),Candidate for promotion - higher score
15604,0.00064118,0,added_to_cart (-4.8886) | user_type_0 (+0.3862) | device_type_1 (-0.1768),Retention/engagement nudge
19013,0.56008665,0,added_to_cart (+3.3972) | user_type_0 (-0.3160) | time_on_site_sec (-0.1885),Investigate checkout/discount friction
2335,0.72729026,1,added_to_cart (+3.3972) | user_type_0 (+0.3862) | device_type_0 (-0.1811),Candidate for promotion - higher score
23679,0.00033094,0,added_to_cart (-4.8886) | user_type_0 (-0.3160) | device_type_1 (-0.1768),Retention/engagement nudge
19112,0.00038257,0,added_to_cart (-4.8886) | user_type_0 (-0.3160) | device_type_0 (-0.1811),Retention/engagement nudge
14779,0.00038668,0,added_to_cart (-4.8886) | user_type_0 (-0.3160) | device_type_1 (-0.1768),Retention/engagement nudge
17724,0.00034099,0,added_to_cart (-4.8886) | user_type_0 (-0.3160) | visit_season_1 (-0.1783),Retention/engagement nudge
7670,0.70374740,1,added_to_cart (+3.3972) | user_type_0 (+0.3862) | device_type_1 (-0.1768),Candidate for promotion - higher score
2673,0.69941796,1,added_to_cart (+3.3972) | user_type_0 (+0.3862) | visit_season_0 (-0.1830),Candidate for promotion - higher score
17582,0.71957967,1,added_to_cart (+3.3972) | user_type_0 (+0.3862) | device_type_0 (-0.1811),Candidate for promotion - higher score
5421,0.63934984,1,added_to_cart (+3.3972) | user_type_0 (+0.3862) | visit_season_0 (-0.1830),Candidate for promotion - threshold-qualified
843,0.74481998,1,added_to_cart (+3.3972) | user_type_0 (+0.3862) | device_type_0 (-0.1811),Candidate for promotion - higher score
21141,0.52777152,0,added_to_cart (+3.3972) | user_type_0 (-0.3160) | visit_season_0 (-0.1830),Investigate checkout/discount friction
1960,0.00067186,0,added_to_cart (-4.8886) | user_type_0 (+0.3862) | visit_season_1 (-0.1783),Retention/engagement nudge
11710,0.70971489,1,added_to_cart (+3.3972) | user_type_0 (+0.3862) | device_type_0 (-0.1811),Candidate for promotion - higher score
12220,0.00029379,0,added_to_cart (-4.8886) | user_type_0 (-0.3160) | visit_season_0 (-0.1830),Retention/engagement nudge
19178,0.59484594,1,added_to_cart (+3.3972) | user_type_0 (-0.3160) | device_type_0 (-0.1811),Candidate for promotion - threshold-qualified
5062,0.58420997,1,added_to_cart (+3.3972) | user_type_0 (-0.3160) | visit_season_0 (-0.1830),Candidate for promotion - threshold-qualified
15437,0.00057839,0,added_to_cart (-4.8886) | user_type_0 (+0.3862) | device_type_2 (-0.2368),Retention/engagement nudge
17281,0.66641482,1,added_to_cart (+3.3972) | user_type_0 (+0.3862) | device_type_1 (-0.1768),Candidate for promotion - threshold-qualified
7236,0.55160725,0,added_to_cart (+3.3972) | user_type_0 (-0.3160) | visit_season_0 (-0.1830),Investigate checkout/discount friction
17279,0.67392712,1,added_to_cart (+3.3972) | user_type_0 (+0.3862) | device_type_0 (-0.1811),Candidate for promotion - higher score
8875,0.54481058,0,added_to_cart (+3.3972) | user_type_0 (-0.3160) | device_type_1 (-0.1768),Investigate checkout/discount friction
12253,0.00071507,0,added_to_cart (-4.8886) | user_type_0 (+0.3862) | device_type_1 (-0.1768),Retention/engagement nudge
10502,0.55062086,0,added_to_cart (+3.3972) | user_type_0 (-0.3160) | device_type_0 (-0.1811),Investigate checkout/discount friction
5621,0.63525994,1,added_to_cart (+3.3972) | user_type_0 (-0.3160) | device_type_0 (-0.1811),Candidate for promotion - threshold-qualified
11293,0.69169998,1,added_to_cart (+3.3972) | user_type_0 (+0.3862) | visit_season_0 (-0.1830),Candidate for promotion - higher score
10368,0.00059158,0,added_to_cart (-4.8886) | user_type_0 (+0.3862) | device_type_0 (-0.1811),Retention/engagement nudge
22799,0.00043729,0,added_to_cart (-4.8886) | user_type_0 (-0.3160) | device_type_0 (-0.1811),Retention/engagement nudge
5769,0.70442105,1,added_to_cart (+3.3972) | user_type_0 (+0.3862) | device_type_0 (-0.1811),Candidate for promotion - higher score
1906,0.64865882,1,added_to_cart (+3.3972) | user_type_0 (-0.3160) | visit_season_1 (-0.1783),Candidate for promotion - threshold-qualified
7444,0.00043327,0,added_to_cart (-4.8886) | user_type_0 (-0.3160) | device_type_0 (-0.1811),Retention/engagement nudge
18063,0.68004051,1,added_to_cart (+3.3972) | user_type_0 (+0.3862) | visit_season_1 (-0.1783),Candidate for promotion - higher score
13999,0.56332537,0,added_to_cart (+3.3972) | user_type_0 (-0.3160) | visit_season_0 (-0.1830),Investigate checkout/discount friction
13067,0.00034330,0,added_to_cart (-4.8886) | user_type_0 (-0.3160) | visit_season_0 (-0.1830),Retention/engagement nudge
21855,0.64846806,1,added_to_cart (+3.3972) | user_type_0 (-0.3160) | device_type_0 (-0.1811),Candidate for promotion - threshold-qualified
12755,0.56226438,0,added_to_cart (+3.3972) | user_type_0 (-0.3160) | device_type_1 (-0.1768),Investigate checkout/discount friction
16139,0.69853252,1,added_to_cart (+3.3972) | user_type_0 (+0.3862) | device_type_1 (-0.1768),Candidate for promotion - higher score
13009,0.00050355,0,added_to_cart (-4.8886) | user_type_0 (+0.3862) | device_type_1 (-0.1768),Retention/engagement nudge
13872,0.53367714,0,added_to_cart (+3.3972) | user_type_0 (-0.3160) | device_type_1 (-0.1768),Investigate checkout/discount friction
19238,0.00036635,0,added_to_cart (-4.8886) | user_type_0 (-0.3160) | device_type_0 (-0.1811),Retention/engagement nudge
13891,0.67148847,1,added_to_cart (+3.3972) | user_type_0 (+0.3862) | device_type_0 (-0.1811),Candidate for promotion - threshold-qualified
15873,0.66752174,1,added_to_cart (+3.3972) | user_type_0 (+0.3862) | visit_season_0 (-0.1830),Candidate for promotion - threshold-qualified
18494,0.68470176,1,added_to_cart (+3.3972) | user_type_0 (+0.3862) | device_type_0 (-0.1811),Candidate for promotion - higher score
20850,0.00058642,0,added_to_cart (-4.8886) | user_type_0 (+0.3862) | visit_season_1 (-0.1783),Retention/engagement nudge
2801,0.52091737,0,added_to_cart (+3.3972) | user_type_0 (-0.3160) | visit_season_1 (-0.1783),Investigate checkout/discount friction
15813,0.52739064,0,added_to_cart (+3.3972) | user_type_0 (-0.3160) | device_type_1 (-0.1768),Investigate checkout/discount friction
2826,0.00068902,0,added_to_cart (-4.8886) | user_type_0 (+0.3862) | device_type_0 (-0.1811),Retention/engagement nudge
7061,0.00038840,0,added_to_cart (-4.8886) | user_type_0 (-0.3160) | visit_season_0 (-0.1830),Retention/engagement nudge
3625,0.55939237,0,added_to_cart (+3.3972) | user_type_0 (-0.3160) | visit_season_0 (-0.1830),Investigate checkout/discount friction
3507,0.71296977,1,added_to_cart (+3.3972) | user_type_0 (+0.3862) | device_type_1 (-0.1768),Candidate for promotion - higher score
5953,0.00041466,0,added_to_cart (-4.8886) | user_type_0 (-0.3160) | visit_season_1 (-0.1783),Retention/engagement nudge
18958,0.64244677,1,added_to_cart (+3.3972) | user_type_0 (+0.3862) | visit_season_1 (-0.1783),Candidate for promotion - threshold-qualified
22049,0.00032459,0,added_to_cart (-4.8886) | user_type_0 (-0.3160) | device_type_0 (-0.1811),Retention/engagement nudge
20309,0.63535504,1,added_to_cart (+3.3972) | user_type_0 (+0.3862) | device_type_2 (-0.2368),Candidate for promotion - threshold-qualified
14584,0.00067089,0,added_to_cart (-4.8886) | user_type_0 (+0.3862) | device_type_0 (-0.1811),Retention/engagement nudge
8876,0.58955045,1,added_to_cart (+3.3972) | user_type_0 (-0.3160) | visit_season_0 (-0.1830),Candidate for promotion - threshold-qualified
14316,0.56970655,0,added_to_cart (+3.3972) | user_type_0 (-0.3160) | visit_season_1 (-0.1783),Investigate checkout/discount friction
15895,0.00064338,0,added_to_cart (-4.8886) | user_type_0 (+0.3862) | device_type_0 (-0.1811),Retention/engagement nudge
24745,0.61433584,1,added_to_cart (+3.3972) | user_type_0 (-0.3160) | visit_season_0 (-0.1830),Candidate for promotion - threshold-qualified
2617,0.59670910,1,added_to_cart (+3.3972) | user_type_0 (-0.3160) | device_type_0 (-0.1811),Candidate for promotion - threshold-qualified
22545,0.68735250,1,added_to_cart (+3.3972) | user_type_0 (+0.3862) | visit_season_1 (-0.1783),Candidate for promotion - higher score
5896,0.00030923,0,added_to_cart (-4.8886) | user_type_0 (-0.3160) | device_type_0 (-0.1811),Retention/engagement nudge
4959,0.00028044,0,added_to_cart (-4.8886) | user_type_0 (-0.3160) | device_type_1 (-0.1768),Retention/engagement nudge
20627,0.00053527,0,added_to_cart (-4.8886) | user_type_0 (+0.3862) | device_type_0 (-0.1811),Retention/engagement nudge
24065,0.67423312,1,added_to_cart (+3.3972) | user_type_0 (+0.3862) | device_type_0 (-0.1811),Candidate for promotion - higher score
2852,0.00034064,0,added_to_cart (-4.8886) | user_type_0 (-0.3160) | device_type_1 (-0.1768),Retention/engagement nudge
4818,0.00068692,0,added_to_cart (-4.8886) | user_type_0 (+0.3862) | visit_season_0 (-0.1830),Retention/engagement nudge
10547,0.62082219,1,added_to_cart (+3.3972) | user_type_0 (-0.3160) | visit_season_1 (-0.1783),Candidate for promotion - threshold-qualified
15364,0.68989110,1,added_to_cart (+3.3972) | user_type_0 (+0.3862) | device_type_0 (-0.1811),Candidate for promotion - higher score
13902,0.58681705,1,added_to_cart (+3.3972) | user_type_0 (-0.3160) | device_type_0 (-0.1811),Candidate for promotion - threshold-qualified
24394,0.00033630,0,added_to_cart (-4.8886) | user_type_0 (-0.3160) | device_type_0 (-0.1811),Retention/engagement nudge
18046,0.00028564,0,added_to_cart (-4.8886) | user_type_0 (-0.3160) | time_on_site_sec (-0.2020),Retention/engagement nudge
2752,0.55458236,0,added_to_cart (+3.3972) | user_type_0 (-0.3160) | device_type_0 (-0.1811),Investigate checkout/discount friction
18075,0.72725717,1,added_to_cart (+3.3972) | user_type_0 (+0.3862) | device_type_2 (-0.2368),Candidate for promotion - higher score
9405,0.73951532,1,added_to_cart (+3.3972) | user_type_0 (+0.3862) | device_type_1 (-0.1768),Candidate for promotion - higher score
2499,0.00039989,0,added_to_cart (-4.8886) | user_type_0 (-0.3160) | device_type_1 (-0.1768),Retention/engagement nudge
1644,0.00050788,0,added_to_cart (-4.8886) | user_type_0 (+0.3862) | device_type_1 (-0.1768),Retention/engagement nudge
11978,0.00064256,0,added_to_cart (-4.8886) | user_type_0 (+0.3862) | device_type_0 (-0.1811),Retention/engagement nudge
7000,0.00060259,0,added_to_cart (-4.8886) | user_type_0 (+0.3862) | visit_season_0 (-0.1830),Retention/engagement nudge
15132,0.71053533,1,added_to_cart (+3.3972) | user_type_0 (+0.3862) | device_type_1 (-0.1768),Candidate for promotion - higher score
10710,0.68734182,1,added_to_cart (+3.3972) | user_type_0 (+0.3862) | device_type_1 (-0.1768),Candidate for promotion - higher score
11335,0.71791535,1,added_to_cart (+3.3972) | user_type_0 (+0.3862) | visit_season_0 (-0.1830),Candidate for promotion - higher score
14295,0.69948964,1,added_to_cart (+3.3972) | user_type_0 (+0.3862) | visit_season_1 (-0.1783),Candidate for promotion - higher score
12147,0.56213885,0,added_to_cart (+3.3972) | user_type_0 (-0.3160) | visit_season_0 (-0.1830),Investigate checkout/discount friction
2439,0.72486891,1,added_to_cart (+3.3972) | user_type_0 (+0.3862) | device_type_0 (-0.1811),Candidate for promotion - higher score
1423,0.00029544,0,added_to_cart (-4.8886) | user_type_0 (-0.3160) | device_type_0 (-0.1811),Retention/engagement nudge
4837,0.66640630,1,added_to_cart (+3.3972) | user_type_0 (+0.3862) | visit_season_0 (-0.1830),Candidate for promotion - threshold-qualified
19313,0.67767716,1,added_to_cart (+3.3972) | user_type_0 (+0.3862) | device_type_2 (-0.2368),Candidate for promotion - higher score
4791,0.69436693,1,added_to_cart (+3.3972) | user_type_0 (+0.3862) | visit_season_0 (-0.1830),Candidate for promotion - higher score
19634,0.70393510,1,added_to_cart (+3.3972) | user_type_0 (+0.3862) | device_type_1 (-0.1768),Candidate for promotion - higher score
9552,0.00052657,0,added_to_cart (-4.8886) | user_type_0 (+0.3862) | device_type_1 (-0.1768),Retention/engagement nudge
3129,0.73557350,1,added_to_cart (+3.3972) | user_type_0 (+0.3862) | device_type_1 (-0.1768),Candidate for promotion - higher score
4749,0.00034343,0,added_to_cart (-4.8886) | user_type_0 (-0.3160) | device_type_2 (-0.2368),Retention/engagement nudge
23047,0.66921791,1,added_to_cart (+3.3972) | user_type_0 (+0.3862) | visit_season_1 (-0.1783),Candidate for promotion - threshold-qualified
18373,0.63446603,1,added_to_cart (+3.3972) | user_type_0 (+0.3862) | visit_season_0 (-0.1830),Candidate for promotion - threshold-qualified
3143,0.54623640,0,added_to_cart (+3.3972) | user_type_0 (-0.3160) | visit_season_0 (-0.1830),Investigate checkout/discount friction
20147,0.59814701,1,added_to_cart (+3.3972) | user_type_0 (-0.3160) | visit_season_1 (-0.1783),Candidate for promotion - threshold-qualified
2164,0.00035747,0,added_to_cart (-4.8886) | user_type_0 (-0.3160) | device_type_0 (-0.1811),Retention/engagement nudge
8010,0.00054302,0,added_to_cart (-4.8886) | user_type_0 (+0.3862) | device_type_1 (-0.1768),Retention/engagement nudge
22934,0.67807232,1,added_to_cart (+3.3972) | user_type_0 (+0.3862) | device_type_0 (-0.1811),Candidate for promotion - higher score
661,0.00068458,0,added_to_cart (-4.8886) | user_type_0 (+0.3862) | visit_season_1 (-0.1783),Retention/engagement nudge
19684,0.57877555,1,added_to_cart (+3.3972) | user_type_0 (-0.3160) | visit_season_0 (-0.1830),Candidate for promotion - threshold-qualified
20529,0.64962580,1,added_to_cart (+3.3972) | user_type_0 (+0.3862) | visit_season_1 (-0.1783),Candidate for promotion - threshold-qualified
5720,0.00051472,0,added_to_cart (-4.8886) | user_type_0 (+0.3862) | visit_season_0 (-0.1830),Retention/engagement nudge
23480,0.00047861,0,added_to_cart (-4.8886) | user_type_0 (+0.3862) | device_type_0 (-0.1811),Retention/engagement nudge
2545,0.67252629,1,added_to_cart (+3.3972) | user_type_0 (+0.3862) | device_type_2 (-0.2368),Candidate for promotion - threshold-qualified
13232,0.65967518,1,added_to_cart (+3.3972) | user_type_0 (+0.3862) | visit_season_1 (-0.1783),Candidate for promotion - threshold-qualified
18770,0.69170130,1,added_to_cart (+3.3972) | user_type_0 (+0.3862) | device_type_1 (-0.1768),Candidate for promotion - higher score
21711,0.75882390,1,added_to_cart (+3.3972) | user_type_0 (+0.3862) | device_type_1 (-0.1768),Candidate for promotion - higher score
23849,0.59014242,1,added_to_cart (+3.3972) | user_type_0 (-0.3160) | device_type_0 (-0.1811),Candidate for promotion - threshold-qualified
11315,0.53212274,0,added_to_cart (+3.3972) | user_type_0 (-0.3160) | visit_season_0 (-0.1830),Investigate checkout/discount friction
19841,0.69253766,1,added_to_cart (+3.3972) | user_type_0 (+0.3862) | device_type_1 (-0.1768),Candidate for promotion - higher score
21311,0.00064866,0,added_to_cart (-4.8886) | user_type_0 (+0.3862) | visit_season_0 (-0.1830),Retention/engagement nudge
18586,0.00026921,0,added_to_cart (-4.8886) | user_type_0 (-0.3160) | device_type_1 (-0.1768),Retention/engagement nudge
12994,0.66749883,1,added_to_cart (+3.3972) | user_type_0 (+0.3862) | visit_season_0 (-0.1830),Candidate for promotion - threshold-qualified
14410,0.68670341,1,added_to_cart (+3.3972) | user_type_0 (+0.3862) | device_type_0 (-0.1811),Candidate for promotion - higher score
5495,0.00048875,0,added_to_cart (-4.8886) | user_type_0 (+0.3862) | visit_season_1 (-0.1783),Retention/engagement nudge
21080,0.00035283,0,added_to_cart (-4.8886) | user_type_0 (-0.3160) | visit_season_0 (-0.1830),Retention/engagement nudge
23800,0.00040674,0,added_to_cart (-4.8886) | user_type_0 (-0.3160) | device_type_2 (-0.2368),Retention/engagement nudge
24806,0.69110541,1,added_to_cart (+3.3972) | user_type_0 (+0.3862) | device_type_1 (-0.1768),Candidate for promotion - higher score
6492,0.60267933,1,added_to_cart (+3.3972) | user_type_0 (-0.3160) | device_type_2 (-0.2368),Candidate for promotion - threshold-qualified
22600,0.68965985,1,added_to_cart (+3.3972) | user_type_0 (+0.3862) | visit_season_1 (-0.1783),Candidate for promotion - higher score
9925,0.67249888,1,added_to_cart (+3.3972) | user_type_0 (+0.3862) | time_on_site_sec (-0.2037),Candidate for promotion - threshold-qualified
20097,0.59013446,1,added_to_cart (+3.3972) | user_type_0 (-0.3160) | visit_season_0 (-0.1830),Candidate for promotion - threshold-qualified
10257,0.53442824,0,added_to_cart (+3.3972) | user_type_0 (-0.3160) | device_type_0 (-0.1811),Investigate checkout/discount friction
15306,0.74664615,1,added_to_cart (+3.3972) | user_type_0 (+0.3862) | visit_season_0 (-0.1830),Candidate for promotion - higher score
7367,0.69435812,1,added_to_cart (+3.3972) | user_type_0 (+0.3862) | device_type_0 (-0.1811),Candidate for promotion - higher score
17881,0.00034854,0,added_to_cart (-4.8886) | user_type_0 (-0.3160) | device_type_1 (-0.1768),Retention/engagement nudge
4237,0.66685364,1,added_to_cart (+3.3972) | user_type_0 (+0.3862) | visit_season_1 (-0.1783),Candidate for promotion - threshold-qualified
24997,0.00031742,0,added_to_cart (-4.8886) | user_type_0 (-0.3160) | device_type_2 (-0.2368),Retention/engagement nudge
15121,0.00070856,0,added_to_cart (-4.8886) | user_type_0 (+0.3862) | visit_season_0 (-0.1830),Retention/engagement nudge
4461,0.53241081,0,added_to_cart (+3.3972) | user_type_0 (-0.3160) | device_type_2 (-0.2368),Investigate checkout/discount friction
4132,0.54558533,0,added_to_cart (+3.3972) | user_type_0 (-0.3160) | device_type_1 (-0.1768),Investigate checkout/discount friction
4831,0.00037697,0,added_to_cart (-4.8886) | user_type_0 (-0.3160) | device_type_2 (-0.2368),Retention/engagement nudge
7291,0.68765948,1,added_to_cart (+3.3972) | user_type_0 (+0.3862) | device_type_0 (-0.1811),Candidate for promotion - higher score
16998,0.73619836,1,added_to_cart (+3.3972) | user_type_0 (+0.3862) | device_type_1 (-0.1768),Candidate for promotion - higher score
7748,0.60080274,1,added_to_cart (+3.3972) | user_type_0 (-0.3160) | visit_season_1 (-0.1783),Candidate for promotion - threshold-qualified
5711,0.00030451,0,added_to_cart (-4.8886) | user_type_0 (-0.3160) | device_type_0 (-0.1811),Retention/engagement nudge
9558,0.73649473,1,added_to_cart (+3.3972) | user_type_0 (+0.3862) | device_type_0 (-0.1811),Candidate for promotion - higher score
16361,0.70301831,1,added_to_cart (+3.3972) | user_type_0 (+0.3862) | device_type_1 (-0.1768),Candidate for promotion - higher score
9874,0.00056767,0,added_to_cart (-4.8886) | user_type_0 (+0.3862) | visit_season_1 (-0.1783),Retention/engagement nudge
17799,0.00041639,0,added_to_cart (-4.8886) | user_type_0 (-0.3160) | device_type_1 (-0.1768),Retention/engagement nudge
19792,0.00048976,0,added_to_cart (-4.8886) | user_type_0 (+0.3862) | device_type_1 (-0.1768),Retention/engagement nudge
8445,0.59053481,1,added_to_cart (+3.3972) | user_type_0 (-0.3160) | device_type_0 (-0.1811),Candidate for promotion - threshold-qualified
10456,0.60366772,1,added_to_cart (+3.3972) | user_type_0 (-0.3160) | device_type_1 (-0.1768),Candidate for promotion - threshold-qualified
10702,0.61847896,1,added_to_cart (+3.3972) | user_type_0 (-0.3160) | device_type_0 (-0.1811),Candidate for promotion - threshold-qualified
14893,0.00037326,0,added_to_cart (-4.8886) | user_type_0 (-0.3160) | device_type_2 (-0.2368),Retention/engagement nudge
19394,0.56477635,0,added_to_cart (+3.3972) | user_type_0 (-0.3160) | device_type_0 (-0.1811),Investigate checkout/discount friction
20399,0.69582412,1,added_to_cart (+3.3972) | user_type_0 (+0.3862) | visit_season_0 (-0.1830),Candidate for promotion - higher score
19698,0.66805827,1,added_to_cart (+3.3972) | user_type_0 (+0.3862) | visit_season_1 (-0.1783),Candidate for promotion - threshold-qualified
1810,0.75004806,1,added_to_cart (+3.3972) | user_type_0 (+0.3862) | device_type_1 (-0.1768),Candidate for promotion - higher score
21800,0.71294726,1,added_to_cart (+3.3972) | user_type_0 (+0.3862) | device_type_2 (-0.2368),Candidate for promotion - higher score
17720,0.54326439,0,added_to_cart (+3.3972) | user_type_0 (-0.3160) | device_type_1 (-0.1768),Investigate checkout/discount friction
17753,0.74572543,1,added_to_cart (+3.3972) | user_type_0 (+0.3862) | device_type_1 (-0.1768),Candidate for promotion - higher score
7483,0.59141703,1,added_to_cart (+3.3972) | user_type_0 (-0.3160) | visit_season_0 (-0.1830),Candidate for promotion - threshold-qualified
5372,0.00029035,0,added_to_cart (-4.8886) | user_type_0 (-0.3160) | visit_season_1 (-0.1783),Retention/engagement nudge
9075,0.00054461,0,added_to_cart (-4.8886) | user_type_0 (+0.3862) | device_type_0 (-0.1811),Retention/engagement nudge
21316,0.00052363,0,added_to_cart (-4.8886) | user_type_0 (+0.3862) | device_type_1 (-0.1768),Retention/engagement nudge
15802,0.00045422,0,added_to_cart (-4.8886) | user_type_0 (-0.3160) | device_type_2 (-0.2368),Retention/engagement nudge
2465,0.72157358,1,added_to_cart (+3.3972) | user_type_0 (+0.3862) | device_type_1 (-0.1768),Candidate for promotion - higher score
17747,0.00043419,0,added_to_cart (-4.8886) | user_type_0 (-0.3160) | device_type_2 (-0.2368),Retention/engagement nudge
8061,0.67928199,1,added_to_cart (+3.3972) | user_type_0 (+0.3862) | device_type_1 (-0.1768),Candidate for promotion - higher score
11950,0.00044620,0,added_to_cart (-4.8886) | user_type_0 (-0.3160) | device_type_0 (-0.1811),Retention/engagement nudge
1367,0.52737794,0,added_to_cart (+3.3972) | user_type_0 (-0.3160) | visit_season_1 (-0.1783),Investigate checkout/discount friction
11774,0.73753942,1,added_to_cart (+3.3972) | user_type_0 (+0.3862) | device_type_0 (-0.1811),Candidate for promotion - higher score
4270,0.59550651,1,added_to_cart (+3.3972) | user_type_0 (-0.3160) | device_type_1 (-0.1768),Candidate for promotion - threshold-qualified
19290,0.73305489,1,added_to_cart (+3.3972) | user_type_0 (+0.3862) | device_type_0 (-0.1811),Candidate for promotion - higher score
9020,0.67434344,1,added_to_cart (+3.3972) | user_type_0 (+0.3862) | device_type_0 (-0.1811),Candidate for promotion - higher score
11807,0.00042784,0,added_to_cart (-4.8886) | user_type_0 (-0.3160) | device_type_1 (-0.1768),Retention/engagement nudge
6499,0.00029484,0,added_to_cart (-4.8886) | user_type_0 (-0.3160) | visit_season_1 (-0.1783),Retention/engagement nudge
13156,0.00028743,0,added_to_cart (-4.8886) | user_type_0 (-0.3160) | visit_season_0 (-0.1830),Retention/engagement nudge
10236,0.60921358,1,added_to_cart (+3.3972) | user_type_0 (+0.3862) | time_on_site_sec (-0.1883),Candidate for promotion - threshold-qualified
9700,0.00090041,0,added_to_cart (-4.8886) | user_type_0 (+0.3862) | device_type_2 (-0.2368),Retention/engagement nudge
10302,0.51694993,0,added_to_cart (+3.3972) | user_type_0 (-0.3160) | visit_season_0 (-0.1830),Investigate checkout/discount friction
16301,0.68659984,1,added_to_cart (+3.3972) | user_type_0 (+0.3862) | visit_season_1 (-0.1783),Candidate for promotion - higher score
9173,0.00073362,0,added_to_cart (-4.8886) | user_type_0 (+0.3862) | device_type_0 (-0.1811),Retention/engagement nudge
10089,0.71854066,1,added_to_cart (+3.3972) | user_type_0 (+0.3862) | device_type_1 (-0.1768),Candidate for promotion - higher score
21055,0.00058523,0,added_to_cart (-4.8886) | user_type_0 (+0.3862) | visit_season_0 (-0.1830),Retention/engagement nudge
16749,0.00044975,0,added_to_cart (-4.8886) | user_type_0 (+0.3862) | device_type_2 (-0.2368),Retention/engagement nudge
6162,0.00048575,0,added_to_cart (-4.8886) | user_type_0 (+0.3862) | device_type_2 (-0.2368),Retention/engagement nudge
11838,0.71034778,1,added_to_cart (+3.3972) | user_type_0 (+0.3862) | device_type_1 (-0.1768),Candidate for promotion - higher score
13239,0.72805880,1,added_to_cart (+3.3972) | user_type_0 (+0.3862) | device_type_0 (-0.1811),Candidate for promotion - higher score
21011,0.55107752,0,added_to_cart (+3.3972) | user_type_0 (-0.3160) | device_type_1 (-0.1768),Investigate checkout/discount friction
2649,0.53290735,0,added_to_cart (+3.3972) | user_type_0 (-0.3160) | device_type_1 (-0.1768),Investigate checkout/discount friction
2802,0.66222914,1,added_to_cart (+3.3972) | user_type_0 (+0.3862) | time_on_site_sec (-0.1775),Candidate for promotion - threshold-qualified
22234,0.56484335,0,added_to_cart (+3.3972) | user_type_0 (-0.3160) | time_on_site_sec (-0.2001),Investigate checkout/discount friction
7338,0.55294883,0,added_to_cart (+3.3972) | user_type_0 (-0.3160) | visit_season_0 (-0.1830),Investigate checkout/discount friction
1364,0.60934522,1,added_to_cart (+3.3972) | user_type_0 (-0.3160) | device_type_1 (-0.1768),Candidate for promotion - threshold-qualified
2276,0.58086692,1,added_to_cart (+3.3972) | user_type_0 (-0.3160) | device_type_0 (-0.1811),Candidate for promotion - threshold-qualified
23056,0.69936961,1,added_to_cart (+3.3972) | user_type_0 (+0.3862) | device_type_0 (-0.1811),Candidate for promotion - higher score
5299,0.60972125,1,added_to_cart (+3.3972) | user_type_0 (-0.3160) | device_type_0 (-0.1811),Candidate for promotion - threshold-qualified
15031,0.00067313,0,added_to_cart (-4.8886) | user_type_0 (+0.3862) | visit_season_1 (-0.1783),Retention/engagement nudge
15510,0.65918316,1,added_to_cart (+3.3972) | user_type_0 (+0.3862) | visit_season_1 (-0.1783),Candidate for promotion - threshold-qualified
16354,0.65680664,1,added_to_cart (+3.3972) | user_type_0 (+0.3862) | visit_season_0 (-0.1830),Candidate for promotion - threshold-qualified
7917,0.58847843,1,added_to_cart (+3.3972) | user_type_0 (-0.3160) | time_on_site_sec (-0.1957),Candidate for promotion - threshold-qualified
7049,0.56522897,0,added_to_cart (+3.3972) | user_type_0 (-0.3160) | device_type_1 (-0.1768),Investigate checkout/discount friction
1743,0.58242704,1,added_to_cart (+3.3972) | user_type_0 (-0.3160) | device_type_1 (-0.1768),Candidate for promotion - threshold-qualified
23514,0.00051980,0,added_to_cart (-4.8886) | user_type_0 (+0.3862) | time_on_site_sec (-0.1955),Retention/engagement nudge
17105,0.00051616,0,added_to_cart (-4.8886) | user_type_0 (+0.3862) | visit_season_0 (-0.1830),Retention/engagement nudge
13020,0.59932605,1,added_to_cart (+3.3972) | user_type_0 (-0.3160) | visit_season_0 (-0.1830),Candidate for promotion - threshold-qualified
15917,0.00040571,0,added_to_cart (-4.8886) | user_type_0 (-0.3160) | device_type_2 (-0.2368),Retention/engagement nudge
4063,0.54754404,0,added_to_cart (+3.3972) | user_type_0 (-0.3160) | device_type_0 (-0.1811),Investigate checkout/discount friction
2959,0.60658746,1,added_to_cart (+3.3972) | user_type_0 (-0.3160) | visit_season_0 (-0.1830),Candidate for promotion - threshold-qualified
6068,0.70996907,1,added_to_cart (+3.3972) | user_type_0 (+0.3862) | visit_season_0 (-0.1830),Candidate for promotion - higher score
3588,0.00044531,0,added_to_cart (-4.8886) | user_type_0 (+0.3862) | device_type_1 (-0.1768),Retention/engagement nudge
18775,0.70132121,1,added_to_cart (+3.3972) | user_type_0 (+0.3862) | device_type_0 (-0.1811),Candidate for promotion - higher score
19559,0.70644511,1,added_to_cart (+3.3972) | user_type_0 (+0.3862) | device_type_0 (-0.1811),Candidate for promotion - higher score
5837,0.00035365,0,added_to_cart (-4.8886) | user_type_0 (-0.3160) | device_type_0 (-0.1811),Retention/engagement nudge
6798,0.00048193,0,added_to_cart (-4.8886) | user_type_0 (+0.3862) | visit_season_1 (-0.1783),Retention/engagement nudge
16389,0.72114351,1,added_to_cart (+3.3972) | user_type_0 (+0.3862) | device_type_0 (-0.1811),Candidate for promotion - higher score
11660,0.00034916,0,added_to_cart (-4.8886) | user_type_0 (-0.3160) | device_type_0 (-0.1811),Retention/engagement nudge
13689,0.00032298,0,added_to_cart (-4.8886) | user_type_0 (-0.3160) | device_type_0 (-0.1811),Retention/engagement nudge
6233,0.66589183,1,added_to_cart (+3.3972) | user_type_0 (+0.3862) | device_type_2 (-0.2368),Candidate for promotion - threshold-qualified
15626,0.64846752,1,added_to_cart (+3.3972) | user_type_0 (+0.3862) | device_type_1 (-0.1768),Candidate for promotion - threshold-qualified
17180,0.67523552,1,added_to_cart (+3.3972) | user_type_0 (+0.3862) | visit_season_0 (-0.1830),Candidate for promotion - higher score
12615,0.00039960,0,added_to_cart (-4.8886) | user_type_0 (-0.3160) | device_type_0 (-0.1811),Retention/engagement nudge
15169,0.57675690,1,added_to_cart (+3.3972) | user_type_0 (-0.3160) | device_type_0 (-0.1811),Candidate for promotion - threshold-qualified
8922,0.62330613,1,added_to_cart (+3.3972) | user_type_0 (-0.3160) | visit_season_0 (-0.1830),Candidate for promotion - threshold-qualified
12760,0.00046010,0,added_to_cart (-4.8886) | user_type_0 (+0.3862) | time_on_site_sec (-0.2003),Retention/engagement nudge
14914,0.70461435,1,added_to_cart (+3.3972) | user_type_0 (+0.3862) | device_type_0 (-0.1811),Candidate for promotion - higher score
7783,0.63727702,1,added_to_cart (+3.3972) | user_type_0 (-0.3160) | visit_season_0 (-0.1830),Candidate for promotion - threshold-qualified
490,0.68590337,1,added_to_cart (+3.3972) | user_type_0 (+0.3862) | visit_season_0 (-0.1830),Candidate for promotion - higher score
6610,0.59397799,1,added_to_cart (+3.3972) | user_type_0 (-0.3160) | visit_season_0 (-0.1830),Candidate for promotion - threshold-qualified
18844,0.00038949,0,added_to_cart (-4.8886) | user_type_0 (-0.3160) | device_type_0 (-0.1811),Retention/engagement nudge
5169,0.71060877,1,added_to_cart (+3.3972) | user_type_0 (+0.3862) | visit_season_1 (-0.1783),Candidate for promotion - higher score
11292,0.00064079,0,added_to_cart (-4.8886) | user_type_0 (+0.3862) | device_type_2 (-0.2368),Retention/engagement nudge
4069,0.73727005,1,added_to_cart (+3.3972) | user_type_0 (+0.3862) | visit_season_0 (-0.1830),Candidate for promotion - higher score
7256,0.65813904,1,added_to_cart (+3.3972) | user_type_0 (-0.3160) | visit_season_0 (-0.1830),Candidate for promotion - threshold-qualified
24999,0.58476227,1,added_to_cart (+3.3972) | user_type_0 (-0.3160) | device_type_2 (-0.2368),Candidate for promotion - threshold-qualified
6764,0.60574848,1,added_to_cart (+3.3972) | user_type_0 (-0.3160) | device_type_2 (-0.2368),Candidate for promotion - threshold-qualified
6753,0.00035453,0,added_to_cart (-4.8886) | user_type_0 (-0.3160) | visit_season_0 (-0.1830),Retention/engagement nudge
10263,0.00032733,0,added_to_cart (-4.8886) | user_type_0 (-0.3160) | visit_season_0 (-0.1830),Retention/engagement nudge
10341,0.00031412,0,added_to_cart (-4.8886) | user_type_0 (-0.3160) | time_on_site_sec (-0.1887),Retention/engagement nudge
5686,0.00066460,0,added_to_cart (-4.8886) | user_type_0 (+0.3862) | visit_season_0 (-0.1830),Retention/engagement nudge
13512,0.68991268,1,added_to_cart (+3.3972) | user_type_0 (+0.3862) | device_type_0 (-0.1811),Candidate for promotion - higher score
9756,0.00032617,0,added_to_cart (-4.8886) | user_type_0 (-0.3160) | visit_season_0 (-0.1830),Retention/engagement nudge
60,0.58615682,1,added_to_cart (+3.3972) | user_type_0 (-0.3160) | visit_season_0 (-0.1830),Candidate for promotion - threshold-qualified
15647,0.62298345,1,added_to_cart (+3.3972) | user_type_0 (-0.3160) | device_type_1 (-0.1768),Candidate for promotion - threshold-qualified
19494,0.00067476,0,added_to_cart (-4.8886) | user_type_0 (+0.3862) | device_type_2 (-0.2368),Retention/engagement nudge
9054,0.66474075,1,added_to_cart (+3.3972) | user_type_0 (+0.3862) | device_type_0 (-0.1811),Candidate for promotion - threshold-qualified
8283,0.00044550,0,added_to_cart (-4.8886) | user_type_0 (+0.3862) | device_type_0 (-0.1811),Retention/engagement nudge
23082,0.00031322,0,added_to_cart (-4.8886) | user_type_0 (-0.3160) | visit_season_1 (-0.1783),Retention/engagement nudge
8632,0.00032741,0,added_to_cart (-4.8886) | user_type_0 (-0.3160) | time_on_site_sec (-0.1889),Retention/engagement nudge
1372,0.67367491,1,added_to_cart (+3.3972) | user_type_0 (+0.3862) | device_type_1 (-0.1768),Candidate for promotion - higher score
9922,0.00058802,0,added_to_cart (-4.8886) | user_type_0 (+0.3862) | visit_season_1 (-0.1783),Retention/engagement nudge
16562,0.68129746,1,added_to_cart (+3.3972) | user_type_0 (+0.3862) | visit_season_1 (-0.1783),Candidate for promotion - higher score
15852,0.66206716,1,added_to_cart (+3.3972) | user_type_0 (+0.3862) | device_type_1 (-0.1768),Candidate for promotion - threshold-qualified
15620,0.00036868,0,added_to_cart (-4.8886) | user_type_0 (-0.3160) | time_on_site_sec (-0.1843),Retention/engagement nudge
13785,0.69060478,1,added_to_cart (+3.3972) | user_type_0 (+0.3862) | device_type_0 (-0.1811),Candidate for promotion - higher score
21988,0.00033835,0,added_to_cart (-4.8886) | user_type_0 (-0.3160) | device_type_0 (-0.1811),Retention/engagement nudge
1035,0.67215469,1,added_to_cart (+3.3972) | user_type_0 (-0.3160) | device_type_0 (-0.1811),Candidate for promotion - threshold-qualified
16834,0.00058571,0,added_to_cart (-4.8886) | user_type_0 (+0.3862) | device_type_0 (-0.1811),Retention/engagement nudge
14694,0.00055440,0,added_to_cart (-4.8886) | user_type_0 (+0.3862) | visit_season_1 (-0.1783),Retention/engagement nudge
17775,0.66701200,1,added_to_cart (+3.3972) | user_type_0 (+0.3862) | visit_season_0 (-0.1830),Candidate for promotion - threshold-qualified
12815,0.54106112,0,added_to_cart (+3.3972) | user_type_0 (-0.3160) | visit_season_1 (-0.1783),Investigate checkout/discount friction
21490,0.00045871,0,added_to_cart (-4.8886) | user_type_0 (+0.3862) | visit_season_0 (-0.1830),Retention/engagement nudge
2660,0.73498514,1,added_to_cart (+3.3972) | user_type_0 (+0.3862) | device_type_1 (-0.1768),Candidate for promotion - higher score
4740,0.53384519,0,added_to_cart (+3.3972) | user_type_0 (-0.3160) | visit_season_0 (-0.1830),Investigate checkout/discount friction
12710,0.59451012,1,added_to_cart (+3.3972) | user_type_0 (-0.3160) | device_type_2 (-0.2368),Candidate for promotion - threshold-qualified
9909,0.00063809,0,added_to_cart (-4.8886) | user_type_0 (+0.3862) | device_type_0 (-0.1811),Retention/engagement nudge
22829,0.55407794,0,added_to_cart (+3.3972) | user_type_0 (-0.3160) | visit_season_1 (-0.1783),Investigate checkout/discount friction
18588,0.00037879,0,added_to_cart (-4.8886) | user_type_0 (-0.3160) | visit_season_1 (-0.1783),Retention/engagement nudge
695,0.00056015,0,added_to_cart (-4.8886) | user_type_0 (+0.3862) | visit_season_0 (-0.1830),Retention/engagement nudge
21824,0.68125808,1,added_to_cart (+3.3972) | user_type_0 (+0.3862) | device_type_1 (-0.1768),Candidate for promotion - higher score
1470,0.75346932,1,added_to_cart (+3.3972) | user_type_0 (+0.3862) | visit_season_0 (-0.1830),Candidate for promotion - higher score
3417,0.00036660,0,added_to_cart (-4.8886) | user_type_0 (-0.3160) | device_type_0 (-0.1811),Retention/engagement nudge
8530,0.68306875,1,added_to_cart (+3.3972) | user_type_0 (+0.3862) | device_type_0 (-0.1811),Candidate for promotion - higher score
10736,0.00036637,0,added_to_cart (-4.8886) | user_type_0 (-0.3160) | device_type_0 (-0.1811),Retention/engagement nudge
6140,0.50746550,0,added_to_cart (+3.3972) | user_type_0 (-0.3160) | time_on_site_sec (-0.1895),Investigate checkout/discount friction
18655,0.00055869,0,added_to_cart (-4.8886) | user_type_0 (+0.3862) | device_type_1 (-0.1768),Retention/engagement nudge
24295,0.68936882,1,added_to_cart (+3.3972) | user_type_0 (+0.3862) | visit_season_0 (-0.1830),Candidate for promotion - higher score
11430,0.62184603,1,added_to_cart (+3.3972) | user_type_0 (-0.3160) | device_type_1 (-0.1768),Candidate for promotion - threshold-qualified
22431,0.72149885,1,added_to_cart (+3.3972) | user_type_0 (+0.3862) | device_type_0 (-0.1811),Candidate for promotion - higher score
10084,0.00073449,0,added_to_cart (-4.8886) | user_type_0 (+0.3862) | visit_season_0 (-0.1830),Retention/engagement nudge
19834,0.57115649,0,added_to_cart (+3.3972) | user_type_0 (-0.3160) | device_type_1 (-0.1768),Investigate checkout/discount friction
1983,0.00032375,0,added_to_cart (-4.8886) | user_type_0 (-0.3160) | visit_season_0 (-0.1830),Retention/engagement nudge
5810,0.00043569,0,added_to_cart (-4.8886) | user_type_0 (+0.3862) | visit_season_0 (-0.1830),Retention/engagement nudge
9604,0.72062754,1,added_to_cart (+3.3972) | user_type_0 (+0.3862) | device_type_0 (-0.1811),Candidate for promotion - higher score
4733,0.54345204,0,added_to_cart (+3.3972) | user_type_0 (-0.3160) | device_type_2 (-0.2368),Investigate checkout/discount friction
10699,0.65362199,1,added_to_cart (+3.3972) | user_type_0 (+0.3862) | device_type_1 (-0.1768),Candidate for promotion - threshold-qualified
6741,0.63736526,1,added_to_cart (+3.3972) | user_type_0 (-0.3160) | device_type_2 (-0.2368),Candidate for promotion - threshold-qualified
7077,0.59807943,1,added_to_cart (+3.3972) | user_type_0 (-0.3160) | device_type_0 (-0.1811),Candidate for promotion - threshold-qualified
13005,0.70325797,1,added_to_cart (+3.3972) | user_type_0 (+0.3862) | device_type_1 (-0.1768),Candidate for promotion - higher score
13914,0.00039136,0,added_to_cart (-4.8886) | user_type_0 (+0.3862) | time_on_site_sec (-0.1936),Retention/engagement nudge
2530,0.00028242,0,added_to_cart (-4.8886) | user_type_0 (-0.3160) | visit_season_1 (-0.1783),Retention/engagement nudge
23737,0.58128000,1,added_to_cart (+3.3972) | user_type_0 (-0.3160) | device_type_2 (-0.2368),Candidate for promotion - threshold-qualified
19057,0.67840924,1,added_to_cart (+3.3972) | user_type_0 (+0.3862) | visit_season_0 (-0.1830),Candidate for promotion - higher score
21419,0.52192875,0,added_to_cart (+3.3972) | user_type_0 (-0.3160) | visit_season_0 (-0.1830),Investigate checkout/discount friction
13316,0.57245156,0,added_to_cart (+3.3972) | user_type_0 (-0.3160) | device_type_0 (-0.1811),Investigate checkout/discount friction
16569,0.65872465,1,added_to_cart (+3.3972) | user_type_0 (+0.3862) | device_type_1 (-0.1768),Candidate for promotion - threshold-qualified
9564,0.71505002,1,added_to_cart (+3.3972) | user_type_0 (+0.3862) | device_type_0 (-0.1811),Candidate for promotion - higher score
16378,0.60301438,1,added_to_cart (+3.3972) | user_type_0 (-0.3160) | visit_season_0 (-0.1830),Candidate for promotion - threshold-qualified
977,0.00059037,0,added_to_cart (-4.8886) | user_type_0 (+0.3862) | device_type_1 (-0.1768),Retention/engagement nudge
23881,0.00043311,0,added_to_cart (-4.8886) | user_type_0 (-0.3160) | visit_season_1 (-0.1783),Retention/engagement nudge
14434,0.71045748,1,added_to_cart (+3.3972) | user_type_0 (+0.3862) | device_type_0 (-0.1811),Candidate for promotion - higher score
3981,0.00053897,0,added_to_cart (-4.8886) | user_type_0 (+0.3862) | visit_season_0 (-0.1830),Retention/engagement nudge
6205,0.59064622,1,added_to_cart (+3.3972) | user_type_0 (-0.3160) | visit_season_0 (-0.1830),Candidate for promotion - threshold-qualified
1296,0.69702781,1,added_to_cart (+3.3972) | user_type_0 (+0.3862) | device_type_2 (-0.2368),Candidate for promotion - higher score
14564,0.00044160,0,added_to_cart (-4.8886) | user_type_0 (-0.3160) | device_type_0 (-0.1811),Retention/engagement nudge
4653,0.57943236,1,added_to_cart (+3.3972) | user_type_0 (-0.3160) | visit_season_0 (-0.1830),Candidate for promotion - threshold-qualified
12341,0.54601499,0,added_to_cart (+3.3972) | user_type_0 (-0.3160) | device_type_2 (-0.2368),Investigate checkout/discount friction
8489,0.00041065,0,added_to_cart (-4.8886) | user_type_0 (-0.3160) | device_type_1 (-0.1768),Retention/engagement nudge
19399,0.67742774,1,added_to_cart (+3.3972) | user_type_0 (+0.3862) | visit_season_0 (-0.1830),Candidate for promotion - higher score
19951,0.69364629,1,added_to_cart (+3.3972) | user_type_0 (+0.3862) | device_type_1 (-0.1768),Candidate for promotion - higher score
18117,0.66377965,1,added_to_cart (+3.3972) | user_type_0 (+0.3862) | visit_season_0 (-0.1830),Candidate for promotion - threshold-qualified
15657,0.73275126,1,added_to_cart (+3.3972) | user_type_0 (+0.3862) | device_type_2 (-0.2368),Candidate for promotion - higher score
6761,0.66633117,1,added_to_cart (+3.3972) | user_type_0 (+0.3862) | device_type_0 (-0.1811),Candidate for promotion - threshold-qualified
5356,0.64107177,1,added_to_cart (+3.3972) | user_type_0 (-0.3160) | device_type_0 (-0.1811),Candidate for promotion - threshold-qualified
13643,0.00063300,0,added_to_cart (-4.8886) | user_type_0 (+0.3862) | device_type_1 (-0.1768),Retention/engagement nudge
20713,0.56081643,0,added_to_cart (+3.3972) | user_type_0 (-0.3160) | device_type_0 (-0.1811),Investigate checkout/discount friction
11862,0.57619050,1,added_to_cart (+3.3972) | user_type_0 (-0.3160) | device_type_1 (-0.1768),Candidate for promotion - threshold-qualified
7949,0.52468938,0,added_to_cart (+3.3972) | user_type_0 (-0.3160) | device_type_2 (-0.2368),Investigate checkout/discount friction
4731,0.68029868,1,added_to_cart (+3.3972) | user_type_0 (+0.3862) | device_type_0 (-0.1811),Candidate for promotion - higher score
11280,0.54653535,0,added_to_cart (+3.3972) | user_type_0 (-0.3160) | device_type_0 (-0.1811),Investigate checkout/discount friction
2452,0.00047858,0,added_to_cart (-4.8886) | user_type_0 (+0.3862) | time_on_site_sec (-0.1944),Retention/engagement nudge
135,0.57372310,1,added_to_cart (+3.3972) | user_type_0 (-0.3160) | visit_season_1 (-0.1783),Candidate for promotion - threshold-qualified
11169,0.00055693,0,added_to_cart (-4.8886) | user_type_0 (+0.3862) | device_type_0 (-0.1811),Retention/engagement nudge
23797,0.54971533,0,added_to_cart (+3.3972) | user_type_0 (-0.3160) | visit_season_0 (-0.1830),Investigate checkout/discount friction
18602,0.57176251,0,added_to_cart (+3.3972) | user_type_0 (-0.3160) | visit_season_0 (-0.1830),Investigate checkout/discount friction
17061,0.00029106,0,added_to_cart (-4.8886) | user_type_0 (-0.3160) | device_type_0 (-0.1811),Retention/engagement nudge
13211,0.58780192,1,added_to_cart (+3.3972) | user_type_0 (-0.3160) | device_type_1 (-0.1768),Candidate for promotion - threshold-qualified
18330,0.00032882,0,added_to_cart (-4.8886) | user_type_0 (-0.3160) | device_type_2 (-0.2368),Retention/engagement nudge
23867,0.63114793,1,added_to_cart (+3.3972) | user_type_0 (-0.3160) | device_type_0 (-0.1811),Candidate for promotion - threshold-qualified
214,0.00056814,0,added_to_cart (-4.8886) | user_type_0 (+0.3862) | device_type_0 (-0.1811),Retention/engagement nudge
6157,0.00044057,0,added_to_cart (-4.8886) | user_type_0 (+0.3862) | time_on_site_sec (-0.1811),Retention/engagement nudge
16595,0.00034788,0,added_to_cart (-4.8886) | user_type_0 (-0.3160) | device_type_0 (-0.1811),Retention/engagement nudge
10395,0.00033789,0,added_to_cart (-4.8886) | user_type_0 (-0.3160) | visit_season_0 (-0.1830),Retention/engagement nudge
15934,0.70913101,1,added_to_cart (+3.3972) | user_type_0 (+0.3862) | visit_season_1 (-0.1783),Candidate for promotion - higher score
12775,0.58013609,1,added_to_cart (+3.3972) | user_type_0 (-0.3160) | device_type_0 (-0.1811),Candidate for promotion - threshold-qualified
21888,0.71186273,1,added_to_cart (+3.3972) | user_type_0 (+0.3862) | device_type_0 (-0.1811),Candidate for promotion - higher score
17352,0.69432160,1,added_to_cart (+3.3972) | user_type_0 (+0.3862) | device_type_0 (-0.1811),Candidate for promotion - higher score
15365,0.00033036,0,added_to_cart (-4.8886) | user_type_0 (-0.3160) | visit_season_0 (-0.1830),Retention/engagement nudge
7760,0.00037670,0,added_to_cart (-4.8886) | user_type_0 (-0.3160) | device_type_0 (-0.1811),Retention/engagement nudge
22073,0.56286809,0,added_to_cart (+3.3972) | user_type_0 (-0.3160) | time_on_site_sec (-0.1803),Investigate checkout/discount friction
4486,0.61020692,1,added_to_cart (+3.3972) | user_type_0 (-0.3160) | visit_season_1 (-0.1783),Candidate for promotion - threshold-qualified
682,0.71841419,1,added_to_cart (+3.3972) | user_type_0 (+0.3862) | device_type_1 (-0.1768),Candidate for promotion - higher score
22356,0.00033429,0,added_to_cart (-4.8886) | user_type_0 (-0.3160) | device_type_0 (-0.1811),Retention/engagement nudge
15018,0.58535658,1,added_to_cart (+3.3972) | user_type_0 (-0.3160) | visit_season_1 (-0.1783),Candidate for promotion - threshold-qualified
14626,0.53853984,0,added_to_cart (+3.3972) | user_type_0 (-0.3160) | visit_season_0 (-0.1830),Investigate checkout/discount friction
4882,0.65155170,1,added_to_cart (+3.3972) | user_type_0 (+0.3862) | time_on_site_sec (-0.1957),Candidate for promotion - threshold-qualified
5404,0.67553513,1,added_to_cart (+3.3972) | user_type_0 (+0.3862) | visit_season_0 (-0.1830),Candidate for promotion - higher score
23446,0.58741529,1,added_to_cart (+3.3972) | user_type_0 (-0.3160) | visit_season_0 (-0.1830),Candidate for promotion - threshold-qualified
22826,0.00030732,0,added_to_cart (-4.8886) | user_type_0 (-0.3160) | device_type_0 (-0.1811),Retention/engagement nudge
21339,0.58372182,1,added_to_cart (+3.3972) | user_type_0 (-0.3160) | visit_season_0 (-0.1830),Candidate for promotion - threshold-qualified
12005,0.56872600,0,added_to_cart (+3.3972) | user_type_0 (-0.3160) | visit_season_0 (-0.1830),Investigate checkout/discount friction
17102,0.00046847,0,added_to_cart (-4.8886) | user_type_0 (+0.3862) | visit_season_0 (-0.1830),Retention/engagement nudge
12875,0.66204777,1,added_to_cart (+3.3972) | user_type_0 (+0.3862) | visit_season_0 (-0.1830),Candidate for promotion - threshold-qualified
23218,0.00070703,0,added_to_cart (-4.8886) | user_type_0 (+0.3862) | visit_season_0 (-0.1830),Retention/engagement nudge
23752,0.63890885,1,added_to_cart (+3.3972) | user_type_0 (-0.3160) | visit_season_0 (-0.1830),Candidate for promotion - threshold-qualified
11999,0.69065829,1,added_to_cart (+3.3972) | user_type_0 (+0.3862) | device_type_0 (-0.1811),Candidate for promotion - higher score
23348,0.65230744,1,added_to_cart (+3.3972) | user_type_0 (+0.3862) | time_on_site_sec (-0.1967),Candidate for promotion - threshold-qualified
8464,0.68268922,1,added_to_cart (+3.3972) | user_type_0 (+0.3862) | device_type_0 (-0.1811),Candidate for promotion - higher score
16461,0.00067168,0,added_to_cart (-4.8886) | user_type_0 (+0.3862) | device_type_2 (-0.2368),Retention/engagement nudge
14604,0.68540627,1,added_to_cart (+3.3972) | user_type_0 (+0.3862) | device_type_0 (-0.1811),Candidate for promotion - higher score
17073,0.60482816,1,added_to_cart (+3.3972) | user_type_0 (-0.3160) | device_type_0 (-0.1811),Candidate for promotion - threshold-qualified
10871,0.00046099,0,added_to_cart (-4.8886) | user_type_0 (-0.3160) | device_type_1 (-0.1768),Retention/engagement nudge
24781,0.00072373,0,added_to_cart (-4.8886) | user_type_0 (+0.3862) | visit_season_1 (-0.1783),Retention/engagement nudge
6972,0.58778600,1,added_to_cart (+3.3972) | user_type_0 (-0.3160) | visit_season_0 (-0.1830),Candidate for promotion - threshold-qualified
14663,0.00054797,0,added_to_cart (-4.8886) | user_type_0 (+0.3862) | device_type_0 (-0.1811),Retention/engagement nudge
20682,0.58607299,1,added_to_cart (+3.3972) | user_type_0 (-0.3160) | visit_season_0 (-0.1830),Candidate for promotion - threshold-qualified
21665,0.64218425,1,added_to_cart (+3.3972) | user_type_0 (+0.3862) | visit_season_0 (-0.1830),Candidate for promotion - threshold-qualified
12643,0.00028556,0,added_to_cart (-4.8886) | user_type_0 (-0.3160) | time_on_site_sec (-0.1855),Retention/engagement nudge
1546,0.56687124,0,added_to_cart (+3.3972) | user_type_0 (-0.3160) | visit_season_0 (-0.1830),Investigate checkout/discount friction
11966,0.68774292,1,added_to_cart (+3.3972) | user_type_0 (-0.3160) | device_type_1 (-0.1768),Candidate for promotion - higher score
13972,0.70975972,1,added_to_cart (+3.3972) | user_type_0 (+0.3862) | device_type_1 (-0.1768),Candidate for promotion - higher score
5379,0.70289944,1,added_to_cart (+3.3972) | user_type_0 (+0.3862) | visit_season_1 (-0.1783),Candidate for promotion - higher score
3676,0.58292425,1,added_to_cart (+3.3972) | user_type_0 (-0.3160) | device_type_2 (-0.2368),Candidate for promotion - threshold-qualified
14982,0.00062038,0,added_to_cart (-4.8886) | user_type_0 (+0.3862) | device_type_1 (-0.1768),Retention/engagement nudge
6002,0.74087569,1,added_to_cart (+3.3972) | user_type_0 (+0.3862) | visit_season_1 (-0.1783),Candidate for promotion - higher score
6596,0.65288009,1,added_to_cart (+3.3972) | user_type_0 (+0.3862) | device_type_1 (-0.1768),Candidate for promotion - threshold-qualified
22929,0.69134649,1,added_to_cart (+3.3972) | user_type_0 (+0.3862) | device_type_0 (-0.1811),Candidate for promotion - higher score
10065,0.00052533,0,added_to_cart (-4.8886) | user_type_0 (+0.3862) | visit_season_1 (-0.1783),Retention/engagement nudge
22350,0.60973842,1,added_to_cart (+3.3972) | user_type_0 (-0.3160) | device_type_0 (-0.1811),Candidate for promotion - threshold-qualified
9589,0.00058931,0,added_to_cart (-4.8886) | user_type_0 (+0.3862) | device_type_0 (-0.1811),Retention/engagement nudge
3327,0.00058140,0,added_to_cart (-4.8886) | user_type_0 (+0.3862) | visit_season_0 (-0.1830),Retention/engagement nudge
6217,0.70276451,1,added_to_cart (+3.3972) | user_type_0 (+0.3862) | visit_season_1 (-0.1783),Candidate for promotion - higher score
445,0.00033434,0,added_to_cart (-4.8886) | user_type_0 (-0.3160) | device_type_1 (-0.1768),Retention/engagement nudge
3481,0.56352888,0,added_to_cart (+3.3972) | user_type_0 (-0.3160) | device_type_1 (-0.1768),Investigate checkout/discount friction
523,0.54136778,0,added_to_cart (+3.3972) | user_type_0 (-0.3160) | device_type_1 (-0.1768),Investigate checkout/discount friction
2455,0.64605549,1,added_to_cart (+3.3972) | user_type_0 (+0.3862) | visit_season_0 (-0.1830),Candidate for promotion - threshold-qualified
6480,0.60051285,1,added_to_cart (+3.3972) | user_type_0 (-0.3160) | device_type_1 (-0.1768),Candidate for promotion - threshold-qualified
7065,0.00049843,0,added_to_cart (-4.8886) | user_type_0 (+0.3862) | device_type_0 (-0.1811),Retention/engagement nudge
2472,0.00055029,0,added_to_cart (-4.8886) | user_type_0 (+0.3862) | visit_season_0 (-0.1830),Retention/engagement nudge
1409,0.00054220,0,added_to_cart (-4.8886) | user_type_0 (+0.3862) | visit_season_1 (-0.1783),Retention/engagement nudge
4410,0.00054860,0,added_to_cart (-4.8886) | user_type_0 (+0.3862) | device_type_0 (-0.1811),Retention/engagement nudge
19689,0.00061144,0,added_to_cart (-4.8886) | user_type_0 (+0.3862) | device_type_0 (-0.1811),Retention/engagement nudge
12048,0.00050808,0,added_to_cart (-4.8886) | user_type_0 (-0.3160) | device_type_0 (-0.1811),Retention/engagement nudge
10549,0.00063466,0,added_to_cart (-4.8886) | user_type_0 (+0.3862) | visit_season_0 (-0.1830),Retention/engagement nudge
24744,0.70982935,1,added_to_cart (+3.3972) | user_type_0 (+0.3862) | device_type_2 (-0.2368),Candidate for promotion - higher score
14560,0.00049173,0,added_to_cart (-4.8886) | user_type_0 (+0.3862) | visit_season_1 (-0.1783),Retention/engagement nudge
7343,0.58824844,1,added_to_cart (+3.3972) | user_type_0 (-0.3160) | device_type_2 (-0.2368),Candidate for promotion - threshold-qualified
13774,0.00040493,0,added_to_cart (-4.8886) | user_type_0 (-0.3160) | visit_season_0 (-0.1830),Retention/engagement nudge
2816,0.00058344,0,added_to_cart (-4.8886) | user_type_0 (+0.3862) | device_type_1 (-0.1768),Retention/engagement nudge
131,0.70002749,1,added_to_cart (+3.3972) | user_type_0 (+0.3862) | device_type_2 (-0.2368),Candidate for promotion - higher score
13896,0.00030546,0,added_to_cart (-4.8886) | user_type_0 (-0.3160) | time_on_site_sec (-0.1874),Retention/engagement nudge
5598,0.60080557,1,added_to_cart (+3.3972) | user_type_0 (-0.3160) | device_type_1 (-0.1768),Candidate for promotion - threshold-qualified
24420,0.00077797,0,added_to_cart (-4.8886) | user_type_0 (+0.3862) | device_type_1 (-0.1768),Retention/engagement nudge
7788,0.56728485,0,added_to_cart (+3.3972) | user_type_0 (-0.3160) | time_on_site_sec (-0.1902),Investigate checkout/discount friction
10843,0.58221807,1,added_to_cart (+3.3972) | user_type_0 (-0.3160) | device_type_0 (-0.1811),Candidate for promotion - threshold-qualified
6800,0.73694688,1,added_to_cart (+3.3972) | user_type_0 (+0.3862) | device_type_0 (-0.1811),Candidate for promotion - higher score
4966,0.00077984,0,added_to_cart (-4.8886) | user_type_0 (+0.3862) | visit_season_0 (-0.1830),Retention/engagement nudge
20438,0.00040661,0,added_to_cart (-4.8886) | user_type_0 (-0.3160) | visit_season_0 (-0.1830),Retention/engagement nudge
21500,0.70286940,1,added_to_cart (+3.3972) | user_type_0 (+0.3862) | visit_season_1 (-0.1783),Candidate for promotion - higher score
2086,0.00053980,0,added_to_cart (-4.8886) | user_type_0 (+0.3862) | device_type_2 (-0.2368),Retention/engagement nudge
24873,0.66210338,1,added_to_cart (+3.3972) | user_type_0 (+0.3862) | visit_season_0 (-0.1830),Candidate for promotion - threshold-qualified
8298,0.57698847,1,added_to_cart (+3.3972) | user_type_0 (-0.3160) | device_type_1 (-0.1768),Candidate for promotion - threshold-qualified
18149,0.61864141,1,added_to_cart (+3.3972) | user_type_0 (+0.3862) | visit_season_0 (-0.1830),Candidate for promotion - threshold-qualified
16620,0.55374379,0,added_to_cart (+3.3972) | user_type_0 (-0.3160) | device_type_0 (-0.1811),Investigate checkout/discount friction
8844,0.00050476,0,added_to_cart (-4.8886) | user_type_0 (+0.3862) | visit_season_1 (-0.1783),Retention/engagement nudge
563,0.73142937,1,added_to_cart (+3.3972) | user_type_0 (+0.3862) | visit_season_0 (-0.1830),Candidate for promotion - higher score
8595,0.53430355,0,added_to_cart (+3.3972) | user_type_0 (-0.3160) | device_type_1 (-0.1768),Investigate checkout/discount friction
17432,0.58175258,1,added_to_cart (+3.3972) | user_type_0 (-0.3160) | visit_season_1 (-0.1783),Candidate for promotion - threshold-qualified
16079,0.00037134,0,added_to_cart (-4.8886) | user_type_0 (-0.3160) | device_type_1 (-0.1768),Retention/engagement nudge
9612,0.00031885,0,added_to_cart (-4.8886) | user_type_0 (-0.3160) | device_type_1 (-0.1768),Retention/engagement nudge
20772,0.00049247,0,added_to_cart (-4.8886) | user_type_0 (+0.3862) | time_on_site_sec (-0.2022),Retention/engagement nudge
23847,0.00033379,0,added_to_cart (-4.8886) | user_type_0 (-0.3160) | visit_season_0 (-0.1830),Retention/engagement nudge
6646,0.69380745,1,added_to_cart (+3.3972) | user_type_0 (+0.3862) | visit_season_1 (-0.1783),Candidate for promotion - higher score
16414,0.61017629,1,added_to_cart (+3.3972) | user_type_0 (-0.3160) | visit_season_0 (-0.1830),Candidate for promotion - threshold-qualified
11510,0.71495961,1,added_to_cart (+3.3972) | user_type_0 (+0.3862) | device_type_1 (-0.1768),Candidate for promotion - higher score
2820,0.00034274,0,added_to_cart (-4.8886) | user_type_0 (-0.3160) | visit_season_1 (-0.1783),Retention/engagement nudge
17645,0.54314559,0,added_to_cart (+3.3972) | user_type_0 (-0.3160) | time_on_site_sec (-0.2022),Investigate checkout/discount friction
16575,0.00058566,0,added_to_cart (-4.8886) | user_type_0 (+0.3862) | device_type_0 (-0.1811),Retention/engagement nudge
17047,0.64485266,1,added_to_cart (+3.3972) | user_type_0 (+0.3862) | time_on_site_sec (-0.1891),Candidate for promotion - threshold-qualified
14972,0.69802135,1,added_to_cart (+3.3972) | user_type_0 (+0.3862) | device_type_1 (-0.1768),Candidate for promotion - higher score
12249,0.00038768,0,added_to_cart (-4.8886) | user_type_0 (-0.3160) | device_type_0 (-0.1811),Retention/engagement nudge
5624,0.67386280,1,added_to_cart (+3.3972) | user_type_0 (+0.3862) | device_type_2 (-0.2368),Candidate for promotion - higher score
16930,0.00037608,0,added_to_cart (-4.8886) | user_type_0 (-0.3160) | visit_season_1 (-0.1783),Retention/engagement nudge
8766,0.00045244,0,added_to_cart (-4.8886) | user_type_0 (+0.3862) | device_type_0 (-0.1811),Retention/engagement nudge
4353,0.57933132,1,added_to_cart (+3.3972) | user_type_0 (-0.3160) | device_type_1 (-0.1768),Candidate for promotion - threshold-qualified
19427,0.62396453,1,added_to_cart (+3.3972) | user_type_0 (+0.3862) | time_on_site_sec (-0.1879),Candidate for promotion - threshold-qualified
19154,0.71627529,1,added_to_cart (+3.3972) | user_type_0 (+0.3862) | device_type_2 (-0.2368),Candidate for promotion - higher score
15037,0.56627318,0,added_to_cart (+3.3972) | user_type_0 (-0.3160) | visit_season_0 (-0.1830),Investigate checkout/discount friction
1490,0.65988357,1,added_to_cart (+3.3972) | user_type_0 (+0.3862) | time_on_site_sec (-0.1908),Candidate for promotion - threshold-qualified
2427,0.00031926,0,added_to_cart (-4.8886) | user_type_0 (-0.3160) | device_type_0 (-0.1811),Retention/engagement nudge
19937,0.00045004,0,added_to_cart (-4.8886) | user_type_0 (-0.3160) | device_type_0 (-0.1811),Retention/engagement nudge
4281,0.00040429,0,added_to_cart (-4.8886) | user_type_0 (-0.3160) | device_type_0 (-0.1811),Retention/engagement nudge
16965,0.00037168,0,added_to_cart (-4.8886) | user_type_0 (-0.3160) | visit_season_0 (-0.1830),Retention/engagement nudge
17739,0.60514648,1,added_to_cart (+3.3972) | user_type_0 (-0.3160) | device_type_0 (-0.1811),Candidate for promotion - threshold-qualified
7042,0.00055934,0,added_to_cart (-4.8886) | user_type_0 (+0.3862) | device_type_1 (-0.1768),Retention/engagement nudge
13258,0.00032777,0,added_to_cart (-4.8886) | user_type_0 (-0.3160) | device_type_0 (-0.1811),Retention/engagement nudge
24699,0.00033352,0,added_to_cart (-4.8886) | user_type_0 (-0.3160) | visit_season_1 (-0.1783),Retention/engagement nudge
2364,0.71382157,1,added_to_cart (+3.3972) | user_type_0 (+0.3862) | device_type_1 (-0.1768),Candidate for promotion - higher score
11252,0.00029041,0,added_to_cart (-4.8886) | user_type_0 (-0.3160) | device_type_0 (-0.1811),Retention/engagement nudge
17947,0.58925747,1,added_to_cart (+3.3972) | user_type_0 (-0.3160) | visit_season_1 (-0.1783),Candidate for promotion - threshold-qualified
14383,0.54469589,0,added_to_cart (+3.3972) | user_type_0 (-0.3160) | device_type_0 (-0.1811),Investigate checkout/discount friction
13771,0.00033967,0,added_to_cart (-4.8886) | user_type_0 (-0.3160) | device_type_2 (-0.2368),Retention/engagement nudge
24643,0.00028618,0,added_to_cart (-4.8886) | user_type_0 (-0.3160) | visit_season_1 (-0.1783),Retention/engagement nudge
5328,0.00047807,0,added_to_cart (-4.8886) | user_type_0 (+0.3862) | visit_season_1 (-0.1783),Retention/engagement nudge
4035,0.00048815,0,added_to_cart (-4.8886) | user_type_0 (-0.3160) | device_type_1 (-0.1768),Retention/engagement nudge
5457,0.73793677,1,added_to_cart (+3.3972) | user_type_0 (+0.3862) | device_type_1 (-0.1768),Candidate for promotion - higher score
4222,0.00032083,0,added_to_cart (-4.8886) | user_type_0 (-0.3160) | device_type_0 (-0.1811),Retention/engagement nudge
23315,0.73243785,1,added_to_cart (+3.3972) | user_type_0 (+0.3862) | visit_season_1 (-0.1783),Candidate for promotion - higher score
14806,0.66382289,1,added_to_cart (+3.3972) | user_type_0 (+0.3862) | device_type_0 (-0.1811),Candidate for promotion - threshold-qualified
22463,0.00055104,0,added_to_cart (-4.8886) | user_type_0 (+0.3862) | visit_season_1 (-0.1783),Retention/engagement nudge
17258,0.00028602,0,added_to_cart (-4.8886) | user_type_0 (-0.3160) | device_type_0 (-0.1811),Retention/engagement nudge
16007,0.60435122,1,added_to_cart (+3.3972) | user_type_0 (-0.3160) | device_type_1 (-0.1768),Candidate for promotion - threshold-qualified
11675,0.00048578,0,added_to_cart (-4.8886) | user_type_0 (-0.3160) | visit_season_0 (-0.1830),Retention/engagement nudge
19581,0.67095079,1,added_to_cart (+3.3972) | user_type_0 (+0.3862) | device_type_1 (-0.1768),Candidate for promotion - threshold-qualified
13071,0.00054503,0,added_to_cart (-4.8886) | user_type_0 (+0.3862) | device_type_1 (-0.1768),Retention/engagement nudge
14367,0.62494560,1,added_to_cart (+3.3972) | user_type_0 (-0.3160) | device_type_0 (-0.1811),Candidate for promotion - threshold-qualified
23846,0.00093460,0,added_to_cart (-4.8886) | user_type_0 (+0.3862) | device_type_0 (-0.1811),Retention/engagement nudge
2038,0.00037034,0,added_to_cart (-4.8886) | user_type_0 (-0.3160) | device_type_0 (-0.1811),Retention/engagement nudge
545,0.69323997,1,added_to_cart (+3.3972) | user_type_0 (+0.3862) | visit_season_0 (-0.1830),Candidate for promotion - higher score
795,0.63939494,1,added_to_cart (+3.3972) | user_type_0 (+0.3862) | time_on_site_sec (-0.1936),Candidate for promotion - threshold-qualified
19506,0.00059988,0,added_to_cart (-4.8886) | user_type_0 (+0.3862) | device_type_0 (-0.1811),Retention/engagement nudge
8168,0.00035131,0,added_to_cart (-4.8886) | user_type_0 (-0.3160) | visit_season_1 (-0.1783),Retention/engagement nudge
24075,0.60738891,1,added_to_cart (+3.3972) | user_type_0 (-0.3160) | device_type_1 (-0.1768),Candidate for promotion - threshold-qualified
16310,0.66642818,1,added_to_cart (+3.3972) | user_type_0 (+0.3862) | device_type_1 (-0.1768),Candidate for promotion - threshold-qualified
2493,0.57259600,1,added_to_cart (+3.3972) | user_type_0 (-0.3160) | visit_season_0 (-0.1830),Candidate for promotion - threshold-qualified
2596,0.66606150,1,added_to_cart (+3.3972) | user_type_0 (+0.3862) | device_type_1 (-0.1768),Candidate for promotion - threshold-qualified
1583,0.65353598,1,added_to_cart (+3.3972) | user_type_0 (-0.3160) | device_type_0 (-0.1811),Candidate for promotion - threshold-qualified
14527,0.68996754,1,added_to_cart (+3.3972) | user_type_0 (+0.3862) | visit_season_0 (-0.1830),Candidate for promotion - higher score
9090,0.00049026,0,added_to_cart (-4.8886) | user_type_0 (+0.3862) | visit_season_1 (-0.1783),Retention/engagement nudge
1075,0.72203051,1,added_to_cart (+3.3972) | user_type_0 (+0.3862) | device_type_0 (-0.1811),Candidate for promotion - higher score
20379,0.74234803,1,added_to_cart (+3.3972) | user_type_0 (+0.3862) | device_type_2 (-0.2368),Candidate for promotion - higher score
8108,0.55232770,0,added_to_cart (+3.3972) | user_type_0 (-0.3160) | time_on_site_sec (-0.1902),Investigate checkout/discount friction
1812,0.70443758,1,added_to_cart (+3.3972) | user_type_0 (+0.3862) | device_type_0 (-0.1811),Candidate for promotion - higher score
5445,0.72397650,1,added_to_cart (+3.3972) | user_type_0 (+0.3862) | device_type_2 (-0.2368),Candidate for promotion - higher score
14686,0.00067911,0,added_to_cart (-4.8886) | user_type_0 (+0.3862) | device_type_1 (-0.1768),Retention/engagement nudge
4652,0.58286671,1,added_to_cart (+3.3972) | user_type_0 (-0.3160) | device_type_2 (-0.2368),Candidate for promotion - threshold-qualified
8998,0.00062482,0,added_to_cart (-4.8886) | user_type_0 (+0.3862) | device_type_1 (-0.1768),Retention/engagement nudge
20178,0.72629669,1,added_to_cart (+3.3972) | user_type_0 (+0.3862) | device_type_0 (-0.1811),Candidate for promotion - higher score
14758,0.00049366,0,added_to_cart (-4.8886) | user_type_0 (+0.3862) | device_type_1 (-0.1768),Retention/engagement nudge
1675,0.00071986,0,added_to_cart (-4.8886) | user_type_0 (+0.3862) | visit_season_0 (-0.1830),Retention/engagement nudge
17072,0.71501814,1,added_to_cart (+3.3972) | user_type_0 (+0.3862) | device_type_2 (-0.2368),Candidate for promotion - higher score
20273,0.00052100,0,added_to_cart (-4.8886) | user_type_0 (+0.3862) | device_type_0 (-0.1811),Retention/engagement nudge
1148,0.66353228,1,added_to_cart (+3.3972) | user_type_0 (+0.3862) | visit_season_1 (-0.1783),Candidate for promotion - threshold-qualified
23769,0.56477775,0,added_to_cart (+3.3972) | user_type_0 (-0.3160) | device_type_0 (-0.1811),Investigate checkout/discount friction
21628,0.77405168,1,added_to_cart (+3.3972) | user_type_0 (+0.3862) | device_type_1 (-0.1768),Candidate for promotion - higher score
6155,0.57997215,1,added_to_cart (+3.3972) | user_type_0 (-0.3160) | device_type_0 (-0.1811),Candidate for promotion - threshold-qualified
9381,0.69382258,1,added_to_cart (+3.3972) | user_type_0 (+0.3862) | device_type_1 (-0.1768),Candidate for promotion - higher score
20233,0.74502345,1,added_to_cart (+3.3972) | user_type_0 (+0.3862) | device_type_0 (-0.1811),Candidate for promotion - higher score
15560,0.00051025,0,added_to_cart (-4.8886) | user_type_0 (+0.3862) | device_type_1 (-0.1768),Retention/engagement nudge
13428,0.65744251,1,added_to_cart (+3.3972) | user_type_0 (+0.3862) | device_type_1 (-0.1768),Candidate for promotion - threshold-qualified
6422,0.00044285,0,added_to_cart (-4.8886) | user_type_0 (-0.3160) | device_type_1 (-0.1768),Retention/engagement nudge
432,0.55370472,0,added_to_cart (+3.3972) | user_type_0 (-0.3160) | device_type_0 (-0.1811),Investigate checkout/discount friction
24646,0.62836907,1,added_to_cart (+3.3972) | user_type_0 (+0.3862) | time_on_site_sec (-0.1881),Candidate for promotion - threshold-qualified
8206,0.75253033,1,added_to_cart (+3.3972) | user_type_0 (+0.3862) | visit_season_0 (-0.1830),Candidate for promotion - higher score
1131,0.71588361,1,added_to_cart (+3.3972) | user_type_0 (+0.3862) | device_type_2 (-0.2368),Candidate for promotion - higher score
15220,0.67087721,1,added_to_cart (+3.3972) | user_type_0 (+0.3862) | visit_season_0 (-0.1830),Candidate for promotion - threshold-qualified
23794,0.72501642,1,added_to_cart (+3.3972) | user_type_0 (+0.3862) | device_type_1 (-0.1768),Candidate for promotion - higher score
9179,0.68461526,1,added_to_cart (+3.3972) | user_type_0 (+0.3862) | device_type_2 (-0.2368),Candidate for promotion - higher score
1662,0.64841443,1,added_to_cart (+3.3972) | user_type_0 (+0.3862) | visit_season_0 (-0.1830),Candidate for promotion - threshold-qualified
6970,0.69305610,1,added_to_cart (+3.3972) | user_type_0 (+0.3862) | visit_season_0 (-0.1830),Candidate for promotion - higher score
18805,0.69000084,1,added_to_cart (+3.3972) | user_type_0 (+0.3862) | visit_season_0 (-0.1830),Candidate for promotion - higher score
24402,0.00040783,0,added_to_cart (-4.8886) | user_type_0 (-0.3160) | device_type_2 (-0.2368),Retention/engagement nudge
5149,0.58000148,1,added_to_cart (+3.3972) | user_type_0 (-0.3160) | device_type_1 (-0.1768),Candidate for promotion - threshold-qualified
1310,0.71156496,1,added_to_cart (+3.3972) | user_type_0 (+0.3862) | device_type_0 (-0.1811),Candidate for promotion - higher score
13738,0.00030703,0,added_to_cart (-4.8886) | user_type_0 (-0.3160) | visit_season_0 (-0.1830),Retention/engagement nudge
4198,0.00028760,0,added_to_cart (-4.8886) | user_type_0 (-0.3160) | device_type_1 (-0.1768),Retention/engagement nudge
12256,0.00053738,0,added_to_cart (-4.8886) | user_type_0 (+0.3862) | visit_season_1 (-0.1783),Retention/engagement nudge
161,0.67569972,1,added_to_cart (+3.3972) | user_type_0 (+0.3862) | device_type_1 (-0.1768),Candidate for promotion - higher score
7288,0.00041287,0,added_to_cart (-4.8886) | user_type_0 (-0.3160) | visit_season_0 (-0.1830),Retention/engagement nudge
24683,0.55728734,0,added_to_cart (+3.3972) | user_type_0 (-0.3160) | visit_season_1 (-0.1783),Investigate checkout/discount friction
13246,0.66117083,1,added_to_cart (+3.3972) | user_type_0 (+0.3862) | device_type_0 (-0.1811),Candidate for promotion - threshold-qualified
8561,0.58225132,1,added_to_cart (+3.3972) | user_type_0 (-0.3160) | time_on_site_sec (-0.1853),Candidate for promotion - threshold-qualified
3401,0.71258724,1,added_to_cart (+3.3972) | user_type_0 (+0.3862) | device_type_0 (-0.1811),Candidate for promotion - higher score
15441,0.00028109,0,added_to_cart (-4.8886) | user_type_0 (-0.3160) | time_on_site_sec (-0.1955),Retention/engagement nudge
2661,0.00057658,0,added_to_cart (-4.8886) | user_type_0 (+0.3862) | device_type_0 (-0.1811),Retention/engagement nudge
15570,0.00061124,0,added_to_cart (-4.8886) | user_type_0 (+0.3862) | visit_season_0 (-0.1830),Retention/engagement nudge
1181,0.72329929,1,added_to_cart (+3.3972) | user_type_0 (+0.3862) | device_type_0 (-0.1811),Candidate for promotion - higher score
12144,0.57052348,0,added_to_cart (+3.3972) | user_type_0 (-0.3160) | visit_season_1 (-0.1783),Investigate checkout/discount friction
8995,0.00026981,0,added_to_cart (-4.8886) | user_type_0 (-0.3160) | visit_season_0 (-0.1830),Retention/engagement nudge
11842,0.58048377,1,added_to_cart (+3.3972) | user_type_0 (-0.3160) | device_type_0 (-0.1811),Candidate for promotion - threshold-qualified
3336,0.00036746,0,added_to_cart (-4.8886) | user_type_0 (-0.3160) | device_type_0 (-0.1811),Retention/engagement nudge
3213,0.00060549,0,added_to_cart (-4.8886) | user_type_0 (+0.3862) | visit_season_0 (-0.1830),Retention/engagement nudge
24431,0.00062032,0,added_to_cart (-4.8886) | user_type_0 (+0.3862) | device_type_0 (-0.1811),Retention/engagement nudge
9030,0.67234064,1,added_to_cart (+3.3972) | user_type_0 (+0.3862) | device_type_0 (-0.1811),Candidate for promotion - threshold-qualified
13340,0.00033537,0,added_to_cart (-4.8886) | user_type_0 (-0.3160) | visit_season_1 (-0.1783),Retention/engagement nudge
8851,0.69181419,1,added_to_cart (+3.3972) | user_type_0 (+0.3862) | device_type_1 (-0.1768),Candidate for promotion - higher score
13457,0.55714388,0,added_to_cart (+3.3972) | user_type_0 (-0.3160) | visit_season_0 (-0.1830),Investigate checkout/discount friction
13778,0.00085794,0,added_to_cart (-4.8886) | user_type_0 (+0.3862) | device_type_2 (-0.2368),Retention/engagement nudge
11040,0.59877193,1,added_to_cart (+3.3972) | user_type_0 (-0.3160) | visit_season_1 (-0.1783),Candidate for promotion - threshold-qualified
4291,0.68188928,1,added_to_cart (+3.3972) | user_type_0 (+0.3862) | device_type_0 (-0.1811),Candidate for promotion - higher score
1178,0.67836060,1,added_to_cart (+3.3972) | user_type_0 (+0.3862) | visit_season_1 (-0.1783),Candidate for promotion - higher score
18236,0.69677609,1,added_to_cart (+3.3972) | user_type_0 (+0.3862) | device_type_2 (-0.2368),Candidate for promotion - higher score
13018,0.65710520,1,added_to_cart (+3.3972) | user_type_0 (+0.3862) | visit_season_0 (-0.1830),Candidate for promotion - threshold-qualified
15082,0.00030350,0,added_to_cart (-4.8886) | user_type_0 (-0.3160) | device_type_0 (-0.1811),Retention/engagement nudge
5765,0.59141551,1,added_to_cart (+3.3972) | user_type_0 (-0.3160) | visit_season_0 (-0.1830),Candidate for promotion - threshold-qualified
11266,0.72015624,1,added_to_cart (+3.3972) | user_type_0 (+0.3862) | device_type_1 (-0.1768),Candidate for promotion - higher score
16619,0.00029785,0,added_to_cart (-4.8886) | user_type_0 (-0.3160) | time_on_site_sec (-0.1784),Retention/engagement nudge
11741,0.00029623,0,added_to_cart (-4.8886) | user_type_0 (-0.3160) | visit_season_0 (-0.1830),Retention/engagement nudge
14583,0.58140955,1,added_to_cart (+3.3972) | user_type_0 (-0.3160) | device_type_1 (-0.1768),Candidate for promotion - threshold-qualified
4725,0.69836050,1,added_to_cart (+3.3972) | user_type_0 (+0.3862) | visit_season_1 (-0.1783),Candidate for promotion - higher score
6365,0.55956275,0,added_to_cart (+3.3972) | user_type_0 (-0.3160) | device_type_1 (-0.1768),Investigate checkout/discount friction
652,0.69421509,1,added_to_cart (+3.3972) | user_type_0 (+0.3862) | device_type_0 (-0.1811),Candidate for promotion - higher score
21681,0.00034577,0,added_to_cart (-4.8886) | user_type_0 (-0.3160) | visit_season_0 (-0.1830),Retention/engagement nudge
6439,0.58400948,1,added_to_cart (+3.3972) | user_type_0 (-0.3160) | device_type_2 (-0.2368),Candidate for promotion - threshold-qualified
15009,0.00057645,0,added_to_cart (-4.8886) | user_type_0 (+0.3862) | device_type_0 (-0.1811),Retention/engagement nudge
21668,0.60496403,1,added_to_cart (+3.3972) | user_type_0 (-0.3160) | visit_season_1 (-0.1783),Candidate for promotion - threshold-qualified
13002,0.68548089,1,added_to_cart (+3.3972) | user_type_0 (+0.3862) | device_type_0 (-0.1811),Candidate for promotion - higher score
17275,0.71054482,1,added_to_cart (+3.3972) | user_type_0 (+0.3862) | device_type_0 (-0.1811),Candidate for promotion - higher score
20102,0.68783034,1,added_to_cart (+3.3972) | user_type_0 (+0.3862) | device_type_0 (-0.1811),Candidate for promotion - higher score
16729,0.00053453,0,added_to_cart (-4.8886) | user_type_0 (+0.3862) | device_type_1 (-0.1768),Retention/engagement nudge
6110,0.00043652,0,added_to_cart (-4.8886) | user_type_0 (-0.3160) | visit_season_1 (-0.1783),Retention/engagement nudge
18883,0.00034991,0,added_to_cart (-4.8886) | user_type_0 (-0.3160) | device_type_1 (-0.1768),Retention/engagement nudge
12415,0.00038872,0,added_to_cart (-4.8886) | user_type_0 (-0.3160) | visit_season_1 (-0.1783),Retention/engagement nudge
18507,0.73715153,1,added_to_cart (+3.3972) | user_type_0 (+0.3862) | device_type_2 (-0.2368),Candidate for promotion - higher score
13573,0.49330407,0,added_to_cart (+3.3972) | user_type_0 (-0.3160) | visit_season_0 (-0.1830),Investigate checkout/discount friction
10844,0.59708461,1,added_to_cart (+3.3972) | user_type_0 (-0.3160) | visit_season_0 (-0.1830),Candidate for promotion - threshold-qualified
17065,0.00040353,0,added_to_cart (-4.8886) | user_type_0 (-0.3160) | device_type_1 (-0.1768),Retention/engagement nudge
20346,0.00040841,0,added_to_cart (-4.8886) | user_type_0 (-0.3160) | device_type_1 (-0.1768),Retention/engagement nudge
13150,0.59037811,1,added_to_cart (+3.3972) | user_type_0 (-0.3160) | device_type_0 (-0.1811),Candidate for promotion - threshold-qualified
21337,0.72328846,1,added_to_cart (+3.3972) | user_type_0 (+0.3862) | device_type_0 (-0.1811),Candidate for promotion - higher score
10486,0.00055549,0,added_to_cart (-4.8886) | user_type_0 (+0.3862) | device_type_0 (-0.1811),Retention/engagement nudge
22361,0.55451080,0,added_to_cart (+3.3972) | user_type_0 (-0.3160) | device_type_0 (-0.1811),Investigate checkout/discount friction
11571,0.57998447,1,added_to_cart (+3.3972) | user_type_0 (-0.3160) | device_type_0 (-0.1811),Candidate for promotion - threshold-qualified
382,0.66897905,1,added_to_cart (+3.3972) | user_type_0 (+0.3862) | device_type_0 (-0.1811),Candidate for promotion - threshold-qualified
4847,0.64145818,1,added_to_cart (+3.3972) | user_type_0 (-0.3160) | device_type_0 (-0.1811),Candidate for promotion - threshold-qualified
1022,0.00033482,0,added_to_cart (-4.8886) | user_type_0 (-0.3160) | device_type_0 (-0.1811),Retention/engagement nudge
13834,0.00030947,0,added_to_cart (-4.8886) | user_type_0 (-0.3160) | device_type_2 (-0.2368),Retention/engagement nudge
11736,0.61591595,1,added_to_cart (+3.3972) | user_type_0 (-0.3160) | device_type_0 (-0.1811),Candidate for promotion - threshold-qualified
1492,0.67210082,1,added_to_cart (+3.3972) | user_type_0 (+0.3862) | device_type_0 (-0.1811),Candidate for promotion - threshold-qualified
19524,0.63587263,1,added_to_cart (+3.3972) | user_type_0 (+0.3862) | time_on_site_sec (-0.1974),Candidate for promotion - threshold-qualified
17198,0.69111230,1,added_to_cart (+3.3972) | user_type_0 (+0.3862) | visit_season_0 (-0.1830),Candidate for promotion - higher score
16957,0.00037052,0,added_to_cart (-4.8886) | user_type_0 (-0.3160) | device_type_0 (-0.1811),Retention/engagement nudge
17056,0.65241317,1,added_to_cart (+3.3972) | user_type_0 (+0.3862) | device_type_2 (-0.2368),Candidate for promotion - threshold-qualified
440,0.54451384,0,added_to_cart (+3.3972) | user_type_0 (-0.3160) | visit_season_0 (-0.1830),Investigate checkout/discount friction
5216,0.62850849,1,added_to_cart (+3.3972) | user_type_0 (-0.3160) | visit_season_0 (-0.1830),Candidate for promotion - threshold-qualified
9237,0.68509978,1,added_to_cart (+3.3972) | user_type_0 (+0.3862) | device_type_0 (-0.1811),Candidate for promotion - higher score
20489,0.00049113,0,added_to_cart (-4.8886) | user_type_0 (-0.3160) | device_type_1 (-0.1768),Retention/engagement nudge
10413,0.53660768,0,added_to_cart (+3.3972) | user_type_0 (-0.3160) | device_type_1 (-0.1768),Investigate checkout/discount friction
17491,0.65691357,1,added_to_cart (+3.3972) | user_type_0 (+0.3862) | visit_season_0 (-0.1830),Candidate for promotion - threshold-qualified
13214,0.55833316,0,added_to_cart (+3.3972) | user_type_0 (-0.3160) | visit_season_0 (-0.1830),Investigate checkout/discount friction
5612,0.00034561,0,added_to_cart (-4.8886) | user_type_0 (-0.3160) | device_type_2 (-0.2368),Retention/engagement nudge
15538,0.00055281,0,added_to_cart (-4.8886) | user_type_0 (+0.3862) | device_type_0 (-0.1811),Retention/engagement nudge
15521,0.64002147,1,added_to_cart (+3.3972) | user_type_0 (+0.3862) | visit_season_0 (-0.1830),Candidate for promotion - threshold-qualified
3573,0.00025933,0,added_to_cart (-4.8886) | user_type_0 (-0.3160) | device_type_1 (-0.1768),Retention/engagement nudge
16591,0.00059554,0,added_to_cart (-4.8886) | user_type_0 (+0.3862) | device_type_0 (-0.1811),Retention/engagement nudge
5980,0.00043279,0,added_to_cart (-4.8886) | user_type_0 (+0.3862) | device_type_0 (-0.1811),Retention/engagement nudge
16750,0.00042170,0,added_to_cart (-4.8886) | user_type_0 (-0.3160) | visit_season_1 (-0.1783),Retention/engagement nudge
4666,0.65938205,1,added_to_cart (+3.3972) | user_type_0 (+0.3862) | device_type_1 (-0.1768),Candidate for promotion - threshold-qualified
8463,0.00046757,0,added_to_cart (-4.8886) | user_type_0 (+0.3862) | device_type_0 (-0.1811),Retention/engagement nudge
6266,0.00057001,0,added_to_cart (-4.8886) | user_type_0 (+0.3862) | device_type_0 (-0.1811),Retention/engagement nudge
12759,0.00054169,0,added_to_cart (-4.8886) | user_type_0 (+0.3862) | device_type_1 (-0.1768),Retention/engagement nudge
13115,0.67872583,1,added_to_cart (+3.3972) | user_type_0 (+0.3862) | device_type_0 (-0.1811),Candidate for promotion - higher score
9221,0.63000267,1,added_to_cart (+3.3972) | user_type_0 (+0.3862) | time_on_site_sec (-0.1957),Candidate for promotion - threshold-qualified
15238,0.73106025,1,added_to_cart (+3.3972) | user_type_0 (+0.3862) | visit_season_1 (-0.1783),Candidate for promotion - higher score
19003,0.00057012,0,added_to_cart (-4.8886) | user_type_0 (+0.3862) | device_type_0 (-0.1811),Retention/engagement nudge
20032,0.00034750,0,added_to_cart (-4.8886) | user_type_0 (-0.3160) | device_type_1 (-0.1768),Retention/engagement nudge
14870,0.71303614,1,added_to_cart (+3.3972) | user_type_0 (+0.3862) | device_type_0 (-0.1811),Candidate for promotion - higher score
11164,0.66159681,1,added_to_cart (+3.3972) | user_type_0 (+0.3862) | device_type_2 (-0.2368),Candidate for promotion - threshold-qualified
12664,0.00061573,0,added_to_cart (-4.8886) | user_type_0 (+0.3862) | device_type_0 (-0.1811),Retention/engagement nudge
1669,0.00081729,0,added_to_cart (-4.8886) | user_type_0 (+0.3862) | device_type_0 (-0.1811),Retention/engagement nudge
76,0.00037709,0,added_to_cart (-4.8886) | user_type_0 (-0.3160) | device_type_0 (-0.1811),Retention/engagement nudge
14702,0.00060421,0,added_to_cart (-4.8886) | user_type_0 (+0.3862) | device_type_0 (-0.1811),Retention/engagement nudge
5661,0.00034435,0,added_to_cart (-4.8886) | user_type_0 (-0.3160) | visit_season_0 (-0.1830),Retention/engagement nudge
2880,0.00050468,0,added_to_cart (-4.8886) | user_type_0 (+0.3862) | device_type_2 (-0.2368),Retention/engagement nudge
641,0.69653204,1,added_to_cart (+3.3972) | user_type_0 (+0.3862) | visit_season_1 (-0.1783),Candidate for promotion - higher score
16985,0.64897596,1,added_to_cart (+3.3972) | user_type_0 (-0.3160) | device_type_0 (-0.1811),Candidate for promotion - threshold-qualified
19114,0.59672004,1,added_to_cart (+3.3972) | user_type_0 (-0.3160) | device_type_1 (-0.1768),Candidate for promotion - threshold-qualified
21972,0.56245608,0,added_to_cart (+3.3972) | user_type_0 (-0.3160) | visit_season_0 (-0.1830),Investigate checkout/discount friction
8202,0.70718698,1,added_to_cart (+3.3972) | user_type_0 (+0.3862) | visit_season_0 (-0.1830),Candidate for promotion - higher score
5336,0.70702684,1,added_to_cart (+3.3972) | user_type_0 (+0.3862) | device_type_1 (-0.1768),Candidate for promotion - higher score
9119,0.68189896,1,added_to_cart (+3.3972) | user_type_0 (+0.3862) | device_type_0 (-0.1811),Candidate for promotion - higher score
5541,0.67858675,1,added_to_cart (+3.3972) | user_type_0 (+0.3862) | visit_season_1 (-0.1783),Candidate for promotion - higher score
3065,0.00058193,0,added_to_cart (-4.8886) | user_type_0 (+0.3862) | time_on_site_sec (-0.1883),Retention/engagement nudge
11980,0.66229519,1,added_to_cart (+3.3972) | user_type_0 (-0.3160) | visit_season_0 (-0.1830),Candidate for promotion - threshold-qualified
6993,0.00043576,0,added_to_cart (-4.8886) | user_type_0 (+0.3862) | device_type_1 (-0.1768),Retention/engagement nudge
1969,0.73231156,1,added_to_cart (+3.3972) | user_type_0 (+0.3862) | visit_season_1 (-0.1783),Candidate for promotion - higher score
3107,0.69006425,1,added_to_cart (+3.3972) | user_type_0 (+0.3862) | visit_season_0 (-0.1830),Candidate for promotion - higher score
19263,0.00050653,0,added_to_cart (-4.8886) | user_type_0 (+0.3862) | time_on_site_sec (-0.1788),Retention/engagement nudge
19067,0.59366182,1,added_to_cart (+3.3972) | user_type_0 (-0.3160) | time_on_site_sec (-0.1995),Candidate for promotion - threshold-qualified
4322,0.66858625,1,added_to_cart (+3.3972) | user_type_0 (+0.3862) | device_type_0 (-0.1811),Candidate for promotion - threshold-qualified
20422,0.00056783,0,added_to_cart (-4.8886) | user_type_0 (+0.3862) | device_type_2 (-0.2368),Retention/engagement nudge
7616,0.55190733,0,added_to_cart (+3.3972) | user_type_0 (-0.3160) | device_type_0 (-0.1811),Investigate checkout/discount friction
2897,0.54635902,0,added_to_cart (+3.3972) | user_type_0 (-0.3160) | device_type_0 (-0.1811),Investigate checkout/discount friction
22704,0.59736922,1,added_to_cart (+3.3972) | user_type_0 (+0.3862) | device_type_1 (-0.1768),Candidate for promotion - threshold-qualified
21732,0.00058437,0,added_to_cart (-4.8886) | user_type_0 (+0.3862) | device_type_1 (-0.1768),Retention/engagement nudge
22743,0.55062955,0,added_to_cart (+3.3972) | user_type_0 (-0.3160) | visit_season_0 (-0.1830),Investigate checkout/discount friction
23200,0.72119000,1,added_to_cart (+3.3972) | user_type_0 (+0.3862) | device_type_1 (-0.1768),Candidate for promotion - higher score
294,0.00036988,0,added_to_cart (-4.8886) | user_type_0 (-0.3160) | device_type_1 (-0.1768),Retention/engagement nudge
19480,0.00070405,0,added_to_cart (-4.8886) | user_type_0 (+0.3862) | device_type_2 (-0.2368),Retention/engagement nudge
454,0.58785273,1,added_to_cart (+3.3972) | user_type_0 (-0.3160) | device_type_0 (-0.1811),Candidate for promotion - threshold-qualified
12023,0.66190406,1,added_to_cart (+3.3972) | user_type_0 (+0.3862) | device_type_0 (-0.1811),Candidate for promotion - threshold-qualified
21394,0.00048289,0,added_to_cart (-4.8886) | user_type_0 (+0.3862) | device_type_1 (-0.1768),Retention/engagement nudge
22269,0.00028953,0,added_to_cart (-4.8886) | user_type_0 (-0.3160) | visit_season_1 (-0.1783),Retention/engagement nudge
15286,0.67084876,1,added_to_cart (+3.3972) | user_type_0 (+0.3862) | visit_season_1 (-0.1783),Candidate for promotion - threshold-qualified
22834,0.00029234,0,added_to_cart (-4.8886) | user_type_0 (-0.3160) | visit_season_0 (-0.1830),Retention/engagement nudge
19804,0.62394179,1,added_to_cart (+3.3972) | user_type_0 (-0.3160) | device_type_2 (-0.2368),Candidate for promotion - threshold-qualified
8192,0.58442312,1,added_to_cart (+3.3972) | user_type_0 (-0.3160) | device_type_0 (-0.1811),Candidate for promotion - threshold-qualified
23539,0.72444184,1,added_to_cart (+3.3972) | user_type_0 (+0.3862) | device_type_0 (-0.1811),Candidate for promotion - higher score
23301,0.00031869,0,added_to_cart (-4.8886) | user_type_0 (-0.3160) | visit_season_1 (-0.1783),Retention/engagement nudge
24985,0.70394702,1,added_to_cart (+3.3972) | user_type_0 (+0.3862) | visit_season_1 (-0.1783),Candidate for promotion - higher score
2780,0.68978759,1,added_to_cart (+3.3972) | user_type_0 (+0.3862) | device_type_0 (-0.1811),Candidate for promotion - higher score
17470,0.58092967,1,added_to_cart (+3.3972) | user_type_0 (-0.3160) | device_type_0 (-0.1811),Candidate for promotion - threshold-qualified
1567,0.58960214,1,added_to_cart (+3.3972) | user_type_0 (-0.3160) | device_type_2 (-0.2368),Candidate for promotion - threshold-qualified
21166,0.61250092,1,added_to_cart (+3.3972) | user_type_0 (-0.3160) | device_type_2 (-0.2368),Candidate for promotion - threshold-qualified
21072,0.67036861,1,added_to_cart (+3.3972) | user_type_0 (+0.3862) | device_type_1 (-0.1768),Candidate for promotion - threshold-qualified
7536,0.00059659,0,added_to_cart (-4.8886) | user_type_0 (+0.3862) | device_type_1 (-0.1768),Retention/engagement nudge
19784,0.64502719,1,added_to_cart (+3.3972) | user_type_0 (-0.3160) | device_type_2 (-0.2368),Candidate for promotion - threshold-qualified
21865,0.00034063,0,added_to_cart (-4.8886) | user_type_0 (-0.3160) | time_on_site_sec (-0.2028),Retention/engagement nudge
17796,0.70718537,1,added_to_cart (+3.3972) | user_type_0 (+0.3862) | device_type_0 (-0.1811),Candidate for promotion - higher score
19445,0.72245014,1,added_to_cart (+3.3972) | user_type_0 (+0.3862) | device_type_1 (-0.1768),Candidate for promotion - higher score
3541,0.64688519,1,added_to_cart (+3.3972) | user_type_0 (-0.3160) | visit_season_0 (-0.1830),Candidate for promotion - threshold-qualified
2676,0.60195421,1,added_to_cart (+3.3972) | user_type_0 (-0.3160) | device_type_1 (-0.1768),Candidate for promotion - threshold-qualified
3282,0.74041151,1,added_to_cart (+3.3972) | user_type_0 (+0.3862) | device_type_0 (-0.1811),Candidate for promotion - higher score
24724,0.00059119,0,added_to_cart (-4.8886) | user_type_0 (+0.3862) | device_type_2 (-0.2368),Retention/engagement nudge
18757,0.68264862,1,added_to_cart (+3.3972) | user_type_0 (+0.3862) | visit_season_0 (-0.1830),Candidate for promotion - higher score
184,0.00032714,0,added_to_cart (-4.8886) | user_type_0 (-0.3160) | visit_season_1 (-0.1783),Retention/engagement nudge
7717,0.59415064,1,added_to_cart (+3.3972) | user_type_0 (-0.3160) | device_type_1 (-0.1768),Candidate for promotion - threshold-qualified
15194,0.00036936,0,added_to_cart (-4.8886) | user_type_0 (-0.3160) | visit_season_0 (-0.1830),Retention/engagement nudge
12918,0.64621021,1,added_to_cart (+3.3972) | user_type_0 (-0.3160) | device_type_2 (-0.2368),Candidate for promotion - threshold-qualified
14788,0.00048246,0,added_to_cart (-4.8886) | user_type_0 (+0.3862) | device_type_0 (-0.1811),Retention/engagement nudge
14350,0.68674437,1,added_to_cart (+3.3972) | user_type_0 (+0.3862) | device_type_0 (-0.1811),Candidate for promotion - higher score
17515,0.00051189,0,added_to_cart (-4.8886) | user_type_0 (+0.3862) | device_type_0 (-0.1811),Retention/engagement nudge
20629,0.63800964,1,added_to_cart (+3.3972) | user_type_0 (-0.3160) | device_type_0 (-0.1811),Candidate for promotion - threshold-qualified
22828,0.62212959,1,added_to_cart (+3.3972) | user_type_0 (-0.3160) | device_type_2 (-0.2368),Candidate for promotion - threshold-qualified
759,0.70039356,1,added_to_cart (+3.3972) | user_type_0 (+0.3862) | device_type_2 (-0.2368),Candidate for promotion - higher score
648,0.56939642,0,added_to_cart (+3.3972) | user_type_0 (-0.3160) | device_type_1 (-0.1768),Investigate checkout/discount friction
14021,0.71320323,1,added_to_cart (+3.3972) | user_type_0 (+0.3862) | device_type_0 (-0.1811),Candidate for promotion - higher score
22151,0.65439709,1,added_to_cart (+3.3972) | user_type_0 (+0.3862) | device_type_2 (-0.2368),Candidate for promotion - threshold-qualified
21894,0.73180062,1,added_to_cart (+3.3972) | user_type_0 (+0.3862) | device_type_2 (-0.2368),Candidate for promotion - higher score
8195,0.72173223,1,added_to_cart (+3.3972) | user_type_0 (+0.3862) | visit_season_1 (-0.1783),Candidate for promotion - higher score
5084,0.00033952,0,added_to_cart (-4.8886) | user_type_0 (-0.3160) | device_type_0 (-0.1811),Retention/engagement nudge
19803,0.63708037,1,added_to_cart (+3.3972) | user_type_0 (+0.3862) | device_type_1 (-0.1768),Candidate for promotion - threshold-qualified
16882,0.65614441,1,added_to_cart (+3.3972) | user_type_0 (+0.3862) | time_on_site_sec (-0.1870),Candidate for promotion - threshold-qualified
9216,0.00032893,0,added_to_cart (-4.8886) | user_type_0 (-0.3160) | visit_season_0 (-0.1830),Retention/engagement nudge
15907,0.00055440,0,added_to_cart (-4.8886) | user_type_0 (+0.3862) | visit_season_1 (-0.1783),Retention/engagement nudge
2726,0.00085304,0,added_to_cart (-4.8886) | user_type_0 (+0.3862) | device_type_2 (-0.2368),Retention/engagement nudge
14263,0.53266207,0,added_to_cart (+3.3972) | user_type_0 (-0.3160) | time_on_site_sec (-0.1995),Investigate checkout/discount friction
5648,0.00052836,0,added_to_cart (-4.8886) | user_type_0 (+0.3862) | device_type_1 (-0.1768),Retention/engagement nudge
11933,0.00029036,0,added_to_cart (-4.8886) | user_type_0 (-0.3160) | visit_season_1 (-0.1783),Retention/engagement nudge
175,0.00064832,0,added_to_cart (-4.8886) | user_type_0 (+0.3862) | device_type_1 (-0.1768),Retention/engagement nudge
1988,0.61406885,1,added_to_cart (+3.3972) | user_type_0 (-0.3160) | visit_season_1 (-0.1783),Candidate for promotion - threshold-qualified
19734,0.67210565,1,added_to_cart (+3.3972) | user_type_0 (+0.3862) | visit_season_1 (-0.1783),Candidate for promotion - threshold-qualified
21555,0.66283141,1,added_to_cart (+3.3972) | user_type_0 (+0.3862) | visit_season_0 (-0.1830),Candidate for promotion - threshold-qualified
3682,0.66568580,1,added_to_cart (+3.3972) | user_type_0 (+0.3862) | time_on_site_sec (-0.2041),Candidate for promotion - threshold-qualified
8552,0.54166295,0,added_to_cart (+3.3972) | user_type_0 (-0.3160) | time_on_site_sec (-0.1942),Investigate checkout/discount friction
105,0.66288352,1,added_to_cart (+3.3972) | user_type_0 (+0.3862) | device_type_1 (-0.1768),Candidate for promotion - threshold-qualified
19434,0.66398677,1,added_to_cart (+3.3972) | user_type_0 (+0.3862) | device_type_0 (-0.1811),Candidate for promotion - threshold-qualified
11598,0.68804731,1,added_to_cart (+3.3972) | user_type_0 (+0.3862) | device_type_0 (-0.1811),Candidate for promotion - higher score
4112,0.70192689,1,added_to_cart (+3.3972) | user_type_0 (+0.3862) | visit_season_0 (-0.1830),Candidate for promotion - higher score
11742,0.00049186,0,added_to_cart (-4.8886) | user_type_0 (+0.3862) | visit_season_1 (-0.1783),Retention/engagement nudge
21885,0.00075559,0,added_to_cart (-4.8886) | user_type_0 (+0.3862) | device_type_0 (-0.1811),Retention/engagement nudge
5162,0.51127838,0,added_to_cart (+3.3972) | user_type_0 (-0.3160) | device_type_0 (-0.1811),Investigate checkout/discount friction
1253,0.59006030,1,added_to_cart (+3.3972) | user_type_0 (-0.3160) | device_type_1 (-0.1768),Candidate for promotion - threshold-qualified
1169,0.67383984,1,added_to_cart (+3.3972) | user_type_0 (+0.3862) | device_type_1 (-0.1768),Candidate for promotion - higher score
9525,0.00041383,0,added_to_cart (-4.8886) | user_type_0 (-0.3160) | device_type_0 (-0.1811),Retention/engagement nudge
6302,0.58573530,1,added_to_cart (+3.3972) | user_type_0 (-0.3160) | device_type_0 (-0.1811),Candidate for promotion - threshold-qualified
10460,0.00074149,0,added_to_cart (-4.8886) | user_type_0 (+0.3862) | device_type_1 (-0.1768),Retention/engagement nudge
6034,0.69309894,1,added_to_cart (+3.3972) | user_type_0 (+0.3862) | device_type_1 (-0.1768),Candidate for promotion - higher score
9636,0.64546581,1,added_to_cart (+3.3972) | user_type_0 (-0.3160) | device_type_0 (-0.1811),Candidate for promotion - threshold-qualified
10935,0.51848092,0,added_to_cart (+3.3972) | user_type_0 (-0.3160) | device_type_1 (-0.1768),Investigate checkout/discount friction
24250,0.68208959,1,added_to_cart (+3.3972) | user_type_0 (+0.3862) | device_type_0 (-0.1811),Candidate for promotion - higher score
2257,0.71636411,1,added_to_cart (+3.3972) | user_type_0 (+0.3862) | visit_season_0 (-0.1830),Candidate for promotion - higher score
9313,0.00068488,0,added_to_cart (-4.8886) | user_type_0 (+0.3862) | device_type_0 (-0.1811),Retention/engagement nudge
15154,0.61282877,1,added_to_cart (+3.3972) | user_type_0 (-0.3160) | device_type_0 (-0.1811),Candidate for promotion - threshold-qualified
12669,0.59852200,1,added_to_cart (+3.3972) | user_type_0 (-0.3160) | visit_season_1 (-0.1783),Candidate for promotion - threshold-qualified
24144,0.71907354,1,added_to_cart (+3.3972) | user_type_0 (+0.3862) | device_type_1 (-0.1768),Candidate for promotion - higher score
16074,0.00059516,0,added_to_cart (-4.8886) | user_type_0 (+0.3862) | visit_season_0 (-0.1830),Retention/engagement nudge
2043,0.00064413,0,added_to_cart (-4.8886) | user_type_0 (+0.3862) | visit_season_0 (-0.1830),Retention/engagement nudge
8532,0.00051249,0,added_to_cart (-4.8886) | user_type_0 (+0.3862) | device_type_0 (-0.1811),Retention/engagement nudge
11297,0.00070776,0,added_to_cart (-4.8886) | user_type_0 (+0.3862) | visit_season_0 (-0.1830),Retention/engagement nudge
13859,0.73910526,1,added_to_cart (+3.3972) | user_type_0 (+0.3862) | device_type_0 (-0.1811),Candidate for promotion - higher score
13690,0.54324428,0,added_to_cart (+3.3972) | user_type_0 (-0.3160) | device_type_0 (-0.1811),Investigate checkout/discount friction
24513,0.00065664,0,added_to_cart (-4.8886) | user_type_0 (+0.3862) | visit_season_0 (-0.1830),Retention/engagement nudge
7942,0.71058996,1,added_to_cart (+3.3972) | user_type_0 (+0.3862) | device_type_0 (-0.1811),Candidate for promotion - higher score
16225,0.00032758,0,added_to_cart (-4.8886) | user_type_0 (-0.3160) | visit_season_1 (-0.1783),Retention/engagement nudge
15857,0.70793737,1,added_to_cart (+3.3972) | user_type_0 (+0.3862) | device_type_0 (-0.1811),Candidate for promotion - higher score
8717,0.59324542,1,added_to_cart (+3.3972) | user_type_0 (-0.3160) | device_type_1 (-0.1768),Candidate for promotion - threshold-qualified
18731,0.67485010,1,added_to_cart (+3.3972) | user_type_0 (+0.3862) | device_type_2 (-0.2368),Candidate for promotion - higher score
9818,0.00073803,0,added_to_cart (-4.8886) | user_type_0 (+0.3862) | device_type_0 (-0.1811),Retention/engagement nudge
2149,0.66158008,1,added_to_cart (+3.3972) | user_type_0 (+0.3862) | device_type_1 (-0.1768),Candidate for promotion - threshold-qualified
13269,0.70638527,1,added_to_cart (+3.3972) | user_type_0 (+0.3862) | visit_season_1 (-0.1783),Candidate for promotion - higher score
12336,0.73291671,1,added_to_cart (+3.3972) | user_type_0 (+0.3862) | device_type_0 (-0.1811),Candidate for promotion - higher score
13515,0.00034691,0,added_to_cart (-4.8886) | user_type_0 (-0.3160) | device_type_1 (-0.1768),Retention/engagement nudge
7713,0.57482073,1,added_to_cart (+3.3972) | user_type_0 (-0.3160) | visit_season_0 (-0.1830),Candidate for promotion - threshold-qualified
22168,0.71333688,1,added_to_cart (+3.3972) | user_type_0 (+0.3862) | device_type_1 (-0.1768),Candidate for promotion - higher score
19406,0.00065749,0,added_to_cart (-4.8886) | user_type_0 (+0.3862) | visit_season_1 (-0.1783),Retention/engagement nudge
6278,0.71994742,1,added_to_cart (+3.3972) | user_type_0 (+0.3862) | device_type_1 (-0.1768),Candidate for promotion - higher score
1706,0.00033729,0,added_to_cart (-4.8886) | user_type_0 (-0.3160) | visit_season_0 (-0.1830),Retention/engagement nudge
1287,0.56888562,0,added_to_cart (+3.3972) | user_type_0 (-0.3160) | visit_season_0 (-0.1830),Investigate checkout/discount friction
7303,0.69080136,1,added_to_cart (+3.3972) | user_type_0 (+0.3862) | device_type_1 (-0.1768),Candidate for promotion - higher score
10627,0.72102782,1,added_to_cart (+3.3972) | user_type_0 (+0.3862) | device_type_0 (-0.1811),Candidate for promotion - higher score
21615,0.00055936,0,added_to_cart (-4.8886) | user_type_0 (+0.3862) | device_type_1 (-0.1768),Retention/engagement nudge
24465,0.65492569,1,added_to_cart (+3.3972) | user_type_0 (+0.3862) | device_type_2 (-0.2368),Candidate for promotion - threshold-qualified
22343,0.55561128,0,added_to_cart (+3.3972) | user_type_0 (-0.3160) | device_type_0 (-0.1811),Investigate checkout/discount friction
5599,0.65745482,1,added_to_cart (+3.3972) | user_type_0 (-0.3160) | device_type_2 (-0.2368),Candidate for promotion - threshold-qualified
19749,0.71336773,1,added_to_cart (+3.3972) | user_type_0 (+0.3862) | visit_season_1 (-0.1783),Candidate for promotion - higher score
14128,0.72716322,1,added_to_cart (+3.3972) | user_type_0 (+0.3862) | device_type_0 (-0.1811),Candidate for promotion - higher score
4310,0.00063053,0,added_to_cart (-4.8886) | user_type_0 (+0.3862) | device_type_1 (-0.1768),Retention/engagement nudge
9153,0.73381917,1,added_to_cart (+3.3972) | user_type_0 (+0.3862) | device_type_0 (-0.1811),Candidate for promotion - higher score
233,0.00047047,0,added_to_cart (-4.8886) | user_type_0 (+0.3862) | device_type_1 (-0.1768),Retention/engagement nudge
7052,0.00032744,0,added_to_cart (-4.8886) | user_type_0 (-0.3160) | visit_season_1 (-0.1783),Retention/engagement nudge
5942,0.66899338,1,added_to_cart (+3.3972) | user_type_0 (+0.3862) | device_type_0 (-0.1811),Candidate for promotion - threshold-qualified
3815,0.00028673,0,added_to_cart (-4.8886) | user_type_0 (-0.3160) | time_on_site_sec (-0.1967),Retention/engagement nudge
10300,0.00036161,0,added_to_cart (-4.8886) | user_type_0 (-0.3160) | device_type_1 (-0.1768),Retention/engagement nudge
17128,0.56383128,0,added_to_cart (+3.3972) | user_type_0 (-0.3160) | visit_season_0 (-0.1830),Investigate checkout/discount friction
21389,0.67213040,1,added_to_cart (+3.3972) | user_type_0 (+0.3862) | device_type_0 (-0.1811),Candidate for promotion - threshold-qualified
20705,0.00047391,0,added_to_cart (-4.8886) | user_type_0 (+0.3862) | device_type_1 (-0.1768),Retention/engagement nudge
19395,0.00034991,0,added_to_cart (-4.8886) | user_type_0 (-0.3160) | device_type_0 (-0.1811),Retention/engagement nudge
2588,0.71464370,1,added_to_cart (+3.3972) | user_type_0 (+0.3862) | visit_season_1 (-0.1783),Candidate for promotion - higher score
1494,0.61984985,1,added_to_cart (+3.3972) | user_type_0 (-0.3160) | device_type_2 (-0.2368),Candidate for promotion - threshold-qualified
6587,0.65594389,1,added_to_cart (+3.3972) | user_type_0 (+0.3862) | device_type_0 (-0.1811),Candidate for promotion - threshold-qualified
14186,0.00033307,0,added_to_cart (-4.8886) | user_type_0 (-0.3160) | device_type_0 (-0.1811),Retention/engagement nudge
486,0.58910204,1,added_to_cart (+3.3972) | user_type_0 (-0.3160) | device_type_1 (-0.1768),Candidate for promotion - threshold-qualified
3326,0.00063452,0,added_to_cart (-4.8886) | user_type_0 (+0.3862) | device_type_2 (-0.2368),Retention/engagement nudge
4579,0.47935086,0,added_to_cart (+3.3972) | user_type_0 (-0.3160) | time_on_site_sec (-0.1813),Investigate checkout/discount friction
11059,0.70232469,1,added_to_cart (+3.3972) | user_type_0 (+0.3862) | device_type_0 (-0.1811),Candidate for promotion - higher score
602,0.70461647,1,added_to_cart (+3.3972) | user_type_0 (+0.3862) | visit_season_1 (-0.1783),Candidate for promotion - higher score
23162,0.73293322,1,added_to_cart (+3.3972) | user_type_0 (+0.3862) | visit_season_0 (-0.1830),Candidate for promotion - higher score
21648,0.74188651,1,added_to_cart (+3.3972) | user_type_0 (+0.3862) | device_type_0 (-0.1811),Candidate for promotion - higher score
3124,0.66844211,1,added_to_cart (+3.3972) | user_type_0 (+0.3862) | device_type_0 (-0.1811),Candidate for promotion - threshold-qualified
4490,0.00055017,0,added_to_cart (-4.8886) | user_type_0 (+0.3862) | visit_season_0 (-0.1830),Retention/engagement nudge
16160,0.67543683,1,added_to_cart (+3.3972) | user_type_0 (+0.3862) | device_type_0 (-0.1811),Candidate for promotion - higher score
20632,0.00044690,0,added_to_cart (-4.8886) | user_type_0 (+0.3862) | visit_season_1 (-0.1783),Retention/engagement nudge
3773,0.53329372,0,added_to_cart (+3.3972) | user_type_0 (-0.3160) | device_type_1 (-0.1768),Investigate checkout/discount friction
2394,0.00042314,0,added_to_cart (-4.8886) | user_type_0 (-0.3160) | device_type_0 (-0.1811),Retention/engagement nudge
1821,0.00028669,0,added_to_cart (-4.8886) | user_type_0 (-0.3160) | visit_season_0 (-0.1830),Retention/engagement nudge
11612,0.61600380,1,added_to_cart (+3.3972) | user_type_0 (-0.3160) | device_type_0 (-0.1811),Candidate for promotion - threshold-qualified
9460,0.67401109,1,added_to_cart (+3.3972) | user_type_0 (+0.3862) | visit_season_1 (-0.1783),Candidate for promotion - higher score
17362,0.69886962,1,added_to_cart (+3.3972) | user_type_0 (+0.3862) | device_type_0 (-0.1811),Candidate for promotion - higher score
22113,0.67871675,1,added_to_cart (+3.3972) | user_type_0 (+0.3862) | visit_season_0 (-0.1830),Candidate for promotion - higher score
12941,0.00031698,0,added_to_cart (-4.8886) | user_type_0 (-0.3160) | device_type_1 (-0.1768),Retention/engagement nudge
11951,0.66804809,1,added_to_cart (+3.3972) | user_type_0 (+0.3862) | visit_season_1 (-0.1783),Candidate for promotion - threshold-qualified
1755,0.00061407,0,added_to_cart (-4.8886) | user_type_0 (+0.3862) | visit_season_0 (-0.1830),Retention/engagement nudge
18320,0.00065757,0,added_to_cart (-4.8886) | user_type_0 (+0.3862) | device_type_0 (-0.1811),Retention/engagement nudge
21454,0.00069604,0,added_to_cart (-4.8886) | user_type_0 (+0.3862) | visit_season_0 (-0.1830),Retention/engagement nudge
6966,0.00064922,0,added_to_cart (-4.8886) | user_type_0 (+0.3862) | visit_season_1 (-0.1783),Retention/engagement nudge
20111,0.00080675,0,added_to_cart (-4.8886) | user_type_0 (+0.3862) | device_type_0 (-0.1811),Retention/engagement nudge
7860,0.00036118,0,added_to_cart (-4.8886) | user_type_0 (-0.3160) | visit_season_1 (-0.1783),Retention/engagement nudge
23980,0.52708842,0,added_to_cart (+3.3972) | user_type_0 (-0.3160) | device_type_0 (-0.1811),Investigate checkout/discount friction
8316,0.67877100,1,added_to_cart (+3.3972) | user_type_0 (+0.3862) | device_type_2 (-0.2368),Candidate for promotion - higher score
5323,0.68347431,1,added_to_cart (+3.3972) | user_type_0 (+0.3862) | device_type_0 (-0.1811),Candidate for promotion - higher score
4978,0.00034945,0,added_to_cart (-4.8886) | user_type_0 (-0.3160) | device_type_0 (-0.1811),Retention/engagement nudge
10828,0.65939924,1,added_to_cart (+3.3972) | user_type_0 (+0.3862) | time_on_site_sec (-0.1898),Candidate for promotion - threshold-qualified
15063,0.00050337,0,added_to_cart (-4.8886) | user_type_0 (+0.3862) | device_type_1 (-0.1768),Retention/engagement nudge
14150,0.63626065,1,added_to_cart (+3.3972) | user_type_0 (-0.3160) | device_type_1 (-0.1768),Candidate for promotion - threshold-qualified
17414,0.00050525,0,added_to_cart (-4.8886) | user_type_0 (+0.3862) | visit_season_0 (-0.1830),Retention/engagement nudge
12245,0.00027881,0,added_to_cart (-4.8886) | user_type_0 (-0.3160) | device_type_1 (-0.1768),Retention/engagement nudge
19919,0.00063104,0,added_to_cart (-4.8886) | user_type_0 (+0.3862) | device_type_2 (-0.2368),Retention/engagement nudge
3926,0.57181334,0,added_to_cart (+3.3972) | user_type_0 (-0.3160) | visit_season_1 (-0.1783),Investigate checkout/discount friction
12184,0.68908253,1,added_to_cart (+3.3972) | user_type_0 (+0.3862) | device_type_0 (-0.1811),Candidate for promotion - higher score
15569,0.00070461,0,added_to_cart (-4.8886) | user_type_0 (+0.3862) | device_type_0 (-0.1811),Retention/engagement nudge
19119,0.00029504,0,added_to_cart (-4.8886) | user_type_0 (-0.3160) | visit_season_0 (-0.1830),Retention/engagement nudge
14812,0.61806915,1,added_to_cart (+3.3972) | user_type_0 (-0.3160) | device_type_1 (-0.1768),Candidate for promotion - threshold-qualified
10856,0.72329968,1,added_to_cart (+3.3972) | user_type_0 (+0.3862) | device_type_1 (-0.1768),Candidate for promotion - higher score
5749,0.00035051,0,added_to_cart (-4.8886) | user_type_0 (-0.3160) | visit_season_0 (-0.1830),Retention/engagement nudge
20003,0.58046614,1,added_to_cart (+3.3972) | user_type_0 (-0.3160) | device_type_0 (-0.1811),Candidate for promotion - threshold-qualified
19538,0.57223937,0,added_to_cart (+3.3972) | user_type_0 (-0.3160) | device_type_1 (-0.1768),Investigate checkout/discount friction
11840,0.00056754,0,added_to_cart (-4.8886) | user_type_0 (+0.3862) | device_type_0 (-0.1811),Retention/engagement nudge
265,0.67484732,1,added_to_cart (+3.3972) | user_type_0 (+0.3862) | device_type_1 (-0.1768),Candidate for promotion - higher score
3521,0.00032913,0,added_to_cart (-4.8886) | user_type_0 (-0.3160) | device_type_0 (-0.1811),Retention/engagement nudge
3464,0.67193120,1,added_to_cart (+3.3972) | user_type_0 (+0.3862) | device_type_0 (-0.1811),Candidate for promotion - threshold-qualified
9117,0.52843027,0,added_to_cart (+3.3972) | user_type_0 (-0.3160) | time_on_site_sec (-0.1834),Investigate checkout/discount friction
20294,0.62670374,1,added_to_cart (+3.3972) | user_type_0 (-0.3160) | device_type_0 (-0.1811),Candidate for promotion - threshold-qualified
11308,0.59595965,1,added_to_cart (+3.3972) | user_type_0 (-0.3160) | device_type_0 (-0.1811),Candidate for promotion - threshold-qualified
8075,0.00038232,0,added_to_cart (-4.8886) | user_type_0 (-0.3160) | visit_season_0 (-0.1830),Retention/engagement nudge
6521,0.54407032,0,added_to_cart (+3.3972) | user_type_0 (-0.3160) | time_on_site_sec (-0.1917),Investigate checkout/discount friction
1738,0.56081259,0,added_to_cart (+3.3972) | user_type_0 (-0.3160) | device_type_2 (-0.2368),Investigate checkout/discount friction
7223,0.71006029,1,added_to_cart (+3.3972) | user_type_0 (+0.3862) | device_type_2 (-0.2368),Candidate for promotion - higher score
5365,0.00071335,0,added_to_cart (-4.8886) | user_type_0 (+0.3862) | visit_season_0 (-0.1830),Retention/engagement nudge
18628,0.71830612,1,added_to_cart (+3.3972) | user_type_0 (+0.3862) | device_type_0 (-0.1811),Candidate for promotion - higher score
2998,0.00028727,0,added_to_cart (-4.8886) | user_type_0 (-0.3160) | device_type_0 (-0.1811),Retention/engagement nudge
13183,0.61495136,1,added_to_cart (+3.3972) | user_type_0 (-0.3160) | device_type_0 (-0.1811),Candidate for promotion - threshold-qualified
10301,0.56805997,0,added_to_cart (+3.3972) | user_type_0 (-0.3160) | device_type_1 (-0.1768),Investigate checkout/discount friction
7187,0.62858379,1,added_to_cart (+3.3972) | user_type_0 (-0.3160) | device_type_1 (-0.1768),Candidate for promotion - threshold-qualified
23545,0.00052823,0,added_to_cart (-4.8886) | user_type_0 (+0.3862) | device_type_0 (-0.1811),Retention/engagement nudge
9632,0.73189232,1,added_to_cart (+3.3972) | user_type_0 (+0.3862) | device_type_2 (-0.2368),Candidate for promotion - higher score
19564,0.68512909,1,added_to_cart (+3.3972) | user_type_0 (+0.3862) | device_type_1 (-0.1768),Candidate for promotion - higher score
11171,0.57296785,1,added_to_cart (+3.3972) | user_type_0 (-0.3160) | device_type_1 (-0.1768),Candidate for promotion - threshold-qualified
17682,0.55932899,0,added_to_cart (+3.3972) | user_type_0 (-0.3160) | device_type_0 (-0.1811),Investigate checkout/discount friction
8946,0.00057658,0,added_to_cart (-4.8886) | user_type_0 (+0.3862) | visit_season_1 (-0.1783),Retention/engagement nudge
6745,0.00042601,0,added_to_cart (-4.8886) | user_type_0 (-0.3160) | device_type_1 (-0.1768),Retention/engagement nudge
13058,0.00024694,0,added_to_cart (-4.8886) | user_type_0 (-0.3160) | device_type_1 (-0.1768),Retention/engagement nudge
1349,0.68554384,1,added_to_cart (+3.3972) | user_type_0 (+0.3862) | device_type_0 (-0.1811),Candidate for promotion - higher score
1926,0.69640981,1,added_to_cart (+3.3972) | user_type_0 (+0.3862) | visit_season_0 (-0.1830),Candidate for promotion - higher score
22980,0.61353664,1,added_to_cart (+3.3972) | user_type_0 (-0.3160) | visit_season_1 (-0.1783),Candidate for promotion - threshold-qualified
17436,0.69529393,1,added_to_cart (+3.3972) | user_type_0 (+0.3862) | device_type_1 (-0.1768),Candidate for promotion - higher score
16030,0.70309321,1,added_to_cart (+3.3972) | user_type_0 (+0.3862) | device_type_0 (-0.1811),Candidate for promotion - higher score
505,0.51768429,0,added_to_cart (+3.3972) | user_type_0 (-0.3160) | time_on_site_sec (-0.1841),Investigate checkout/discount friction
9804,0.74942519,1,added_to_cart (+3.3972) | user_type_0 (+0.3862) | device_type_1 (-0.1768),Candidate for promotion - higher score
17913,0.61112807,1,added_to_cart (+3.3972) | user_type_0 (-0.3160) | visit_season_0 (-0.1830),Candidate for promotion - threshold-qualified
187,0.00033471,0,added_to_cart (-4.8886) | user_type_0 (-0.3160) | visit_season_1 (-0.1783),Retention/engagement nudge
1496,0.00047576,0,added_to_cart (-4.8886) | user_type_0 (+0.3862) | time_on_site_sec (-0.1912),Retention/engagement nudge
21789,0.64486006,1,added_to_cart (+3.3972) | user_type_0 (+0.3862) | visit_season_1 (-0.1783),Candidate for promotion - threshold-qualified
22585,0.66436686,1,added_to_cart (+3.3972) | user_type_0 (+0.3862) | device_type_2 (-0.2368),Candidate for promotion - threshold-qualified
18327,0.59555895,1,added_to_cart (+3.3972) | user_type_0 (-0.3160) | device_type_1 (-0.1768),Candidate for promotion - threshold-qualified
5990,0.66805081,1,added_to_cart (+3.3972) | user_type_0 (+0.3862) | device_type_0 (-0.1811),Candidate for promotion - threshold-qualified
23835,0.00046661,0,added_to_cart (-4.8886) | user_type_0 (+0.3862) | visit_season_1 (-0.1783),Retention/engagement nudge
20110,0.00048544,0,added_to_cart (-4.8886) | user_type_0 (+0.3862) | device_type_2 (-0.2368),Retention/engagement nudge
349,0.62323722,1,added_to_cart (+3.3972) | user_type_0 (-0.3160) | visit_season_1 (-0.1783),Candidate for promotion - threshold-qualified
18367,0.00032243,0,added_to_cart (-4.8886) | user_type_0 (-0.3160) | visit_season_0 (-0.1830),Retention/engagement nudge
21845,0.65887992,1,added_to_cart (+3.3972) | user_type_0 (+0.3862) | visit_season_0 (-0.1830),Candidate for promotion - threshold-qualified
19015,0.00066201,0,added_to_cart (-4.8886) | user_type_0 (+0.3862) | device_type_1 (-0.1768),Retention/engagement nudge
2720,0.60933622,1,added_to_cart (+3.3972) | user_type_0 (-0.3160) | device_type_1 (-0.1768),Candidate for promotion - threshold-qualified
24692,0.58146376,1,added_to_cart (+3.3972) | user_type_0 (-0.3160) | device_type_0 (-0.1811),Candidate for promotion - threshold-qualified
1785,0.00047471,0,added_to_cart (-4.8886) | user_type_0 (+0.3862) | visit_season_0 (-0.1830),Retention/engagement nudge
17911,0.56567319,0,added_to_cart (+3.3972) | user_type_0 (-0.3160) | device_type_2 (-0.2368),Investigate checkout/discount friction
13975,0.61008901,1,added_to_cart (+3.3972) | user_type_0 (-0.3160) | device_type_1 (-0.1768),Candidate for promotion - threshold-qualified
7140,0.55622787,0,added_to_cart (+3.3972) | user_type_0 (-0.3160) | device_type_1 (-0.1768),Investigate checkout/discount friction
4775,0.72986933,1,added_to_cart (+3.3972) | user_type_0 (+0.3862) | visit_season_0 (-0.1830),Candidate for promotion - higher score
19071,0.00042870,0,added_to_cart (-4.8886) | user_type_0 (-0.3160) | device_type_1 (-0.1768),Retention/engagement nudge
4779,0.00050311,0,added_to_cart (-4.8886) | user_type_0 (+0.3862) | device_type_0 (-0.1811),Retention/engagement nudge
13933,0.69320807,1,added_to_cart (+3.3972) | user_type_0 (+0.3862) | device_type_0 (-0.1811),Candidate for promotion - higher score
13918,0.72059812,1,added_to_cart (+3.3972) | user_type_0 (+0.3862) | device_type_1 (-0.1768),Candidate for promotion - higher score
23417,0.60801362,1,added_to_cart (+3.3972) | user_type_0 (-0.3160) | device_type_2 (-0.2368),Candidate for promotion - threshold-qualified
14755,0.00034383,0,added_to_cart (-4.8886) | user_type_0 (-0.3160) | device_type_2 (-0.2368),Retention/engagement nudge
13469,0.00068796,0,added_to_cart (-4.8886) | user_type_0 (+0.3862) | device_type_1 (-0.1768),Retention/engagement nudge
20914,0.67205609,1,added_to_cart (+3.3972) | user_type_0 (+0.3862) | device_type_2 (-0.2368),Candidate for promotion - threshold-qualified
17551,0.66880944,1,added_to_cart (+3.3972) | user_type_0 (+0.3862) | visit_season_0 (-0.1830),Candidate for promotion - threshold-qualified
4429,0.00039697,0,added_to_cart (-4.8886) | user_type_0 (-0.3160) | device_type_0 (-0.1811),Retention/engagement nudge
18428,0.00070802,0,added_to_cart (-4.8886) | user_type_0 (+0.3862) | visit_season_0 (-0.1830),Retention/engagement nudge
24698,0.00053570,0,added_to_cart (-4.8886) | user_type_0 (+0.3862) | visit_season_1 (-0.1783),Retention/engagement nudge
17758,0.64908733,1,added_to_cart (+3.3972) | user_type_0 (+0.3862) | time_on_site_sec (-0.1942),Candidate for promotion - threshold-qualified
20069,0.71076989,1,added_to_cart (+3.3972) | user_type_0 (+0.3862) | visit_season_0 (-0.1830),Candidate for promotion - higher score
23318,0.64845281,1,added_to_cart (+3.3972) | user_type_0 (+0.3862) | visit_season_1 (-0.1783),Candidate for promotion - threshold-qualified
10610,0.64679595,1,added_to_cart (+3.3972) | user_type_0 (+0.3862) | device_type_0 (-0.1811),Candidate for promotion - threshold-qualified
14862,0.00057251,0,added_to_cart (-4.8886) | user_type_0 (+0.3862) | visit_season_1 (-0.1783),Retention/engagement nudge
7507,0.75046555,1,added_to_cart (+3.3972) | user_type_0 (+0.3862) | device_type_1 (-0.1768),Candidate for promotion - higher score
4375,0.54909473,0,added_to_cart (+3.3972) | user_type_0 (-0.3160) | device_type_0 (-0.1811),Investigate checkout/discount friction
18722,0.73849569,1,added_to_cart (+3.3972) | user_type_0 (+0.3862) | visit_season_1 (-0.1783),Candidate for promotion - higher score
7323,0.00047475,0,added_to_cart (-4.8886) | user_type_0 (-0.3160) | device_type_0 (-0.1811),Retention/engagement nudge
108,0.73986016,1,added_to_cart (+3.3972) | user_type_0 (+0.3862) | device_type_1 (-0.1768),Candidate for promotion - higher score
14264,0.58199456,1,added_to_cart (+3.3972) | user_type_0 (-0.3160) | visit_season_1 (-0.1783),Candidate for promotion - threshold-qualified
9407,0.66291838,1,added_to_cart (+3.3972) | user_type_0 (+0.3862) | device_type_1 (-0.1768),Candidate for promotion - threshold-qualified
21018,0.71691599,1,added_to_cart (+3.3972) | user_type_0 (+0.3862) | device_type_2 (-0.2368),Candidate for promotion - higher score
2088,0.00046955,0,added_to_cart (-4.8886) | user_type_0 (+0.3862) | visit_season_0 (-0.1830),Retention/engagement nudge
14625,0.56279309,0,added_to_cart (+3.3972) | user_type_0 (-0.3160) | device_type_1 (-0.1768),Investigate checkout/discount friction
12224,0.00049145,0,added_to_cart (-4.8886) | user_type_0 (+0.3862) | device_type_1 (-0.1768),Retention/engagement nudge
23447,0.63568305,1,added_to_cart (+3.3972) | user_type_0 (+0.3862) | time_on_site_sec (-0.1980),Candidate for promotion - threshold-qualified
4975,0.00057048,0,added_to_cart (-4.8886) | user_type_0 (+0.3862) | device_type_0 (-0.1811),Retention/engagement nudge
24389,0.66524124,1,added_to_cart (+3.3972) | user_type_0 (+0.3862) | device_type_1 (-0.1768),Candidate for promotion - threshold-qualified
5182,0.59163755,1,added_to_cart (+3.3972) | user_type_0 (-0.3160) | device_type_1 (-0.1768),Candidate for promotion - threshold-qualified
12365,0.73167483,1,added_to_cart (+3.3972) | user_type_0 (+0.3862) | device_type_1 (-0.1768),Candidate for promotion - higher score
2155,0.00036726,0,added_to_cart (-4.8886) | user_type_0 (-0.3160) | device_type_1 (-0.1768),Retention/engagement nudge
18442,0.00037793,0,added_to_cart (-4.8886) | user_type_0 (-0.3160) | device_type_0 (-0.1811),Retention/engagement nudge
22017,0.58907126,1,added_to_cart (+3.3972) | user_type_0 (-0.3160) | device_type_1 (-0.1768),Candidate for promotion - threshold-qualified
19176,0.69535588,1,added_to_cart (+3.3972) | user_type_0 (+0.3862) | visit_season_0 (-0.1830),Candidate for promotion - higher score
15762,0.65004048,1,added_to_cart (+3.3972) | user_type_0 (+0.3862) | device_type_0 (-0.1811),Candidate for promotion - threshold-qualified
5135,0.00057280,0,added_to_cart (-4.8886) | user_type_0 (+0.3862) | visit_season_0 (-0.1830),Retention/engagement nudge
21601,0.71505791,1,added_to_cart (+3.3972) | user_type_0 (+0.3862) | visit_season_1 (-0.1783),Candidate for promotion - higher score
15075,0.64701933,1,added_to_cart (+3.3972) | user_type_0 (+0.3862) | visit_season_1 (-0.1783),Candidate for promotion - threshold-qualified
5836,0.00037814,0,added_to_cart (-4.8886) | user_type_0 (-0.3160) | visit_season_1 (-0.1783),Retention/engagement nudge
15427,0.62823231,1,added_to_cart (+3.3972) | user_type_0 (-0.3160) | visit_season_0 (-0.1830),Candidate for promotion - threshold-qualified
24925,0.00049953,0,added_to_cart (-4.8886) | user_type_0 (+0.3862) | visit_season_0 (-0.1830),Retention/engagement nudge
21292,0.61745196,1,added_to_cart (+3.3972) | user_type_0 (-0.3160) | device_type_1 (-0.1768),Candidate for promotion - threshold-qualified
5177,0.64145966,1,added_to_cart (+3.3972) | user_type_0 (+0.3862) | time_on_site_sec (-0.2035),Candidate for promotion - threshold-qualified
1539,0.68578328,1,added_to_cart (+3.3972) | user_type_0 (+0.3862) | visit_season_0 (-0.1830),Candidate for promotion - higher score
9162,0.00043124,0,added_to_cart (-4.8886) | user_type_0 (+0.3862) | device_type_0 (-0.1811),Retention/engagement nudge
24956,0.70493165,1,added_to_cart (+3.3972) | user_type_0 (+0.3862) | device_type_0 (-0.1811),Candidate for promotion - higher score
15511,0.67092347,1,added_to_cart (+3.3972) | user_type_0 (+0.3862) | device_type_0 (-0.1811),Candidate for promotion - threshold-qualified
7517,0.66459033,1,added_to_cart (+3.3972) | user_type_0 (+0.3862) | device_type_2 (-0.2368),Candidate for promotion - threshold-qualified
5620,0.72354400,1,added_to_cart (+3.3972) | user_type_0 (+0.3862) | device_type_0 (-0.1811),Candidate for promotion - higher score
20763,0.56725264,0,added_to_cart (+3.3972) | user_type_0 (-0.3160) | device_type_0 (-0.1811),Investigate checkout/discount friction
15470,0.69357789,1,added_to_cart (+3.3972) | user_type_0 (+0.3862) | visit_season_0 (-0.1830),Candidate for promotion - higher score
18598,0.70977110,1,added_to_cart (+3.3972) | user_type_0 (+0.3862) | device_type_0 (-0.1811),Candidate for promotion - higher score
21157,0.74659830,1,added_to_cart (+3.3972) | user_type_0 (+0.3862) | device_type_1 (-0.1768),Candidate for promotion - higher score
19282,0.00057972,0,added_to_cart (-4.8886) | user_type_0 (+0.3862) | visit_season_0 (-0.1830),Retention/engagement nudge
3868,0.67898506,1,added_to_cart (+3.3972) | user_type_0 (+0.3862) | device_type_0 (-0.1811),Candidate for promotion - higher score
15573,0.63739853,1,added_to_cart (+3.3972) | user_type_0 (-0.3160) | device_type_2 (-0.2368),Candidate for promotion - threshold-qualified
22750,0.00031155,0,added_to_cart (-4.8886) | user_type_0 (-0.3160) | device_type_0 (-0.1811),Retention/engagement nudge
17583,0.63217728,1,added_to_cart (+3.3972) | user_type_0 (-0.3160) | device_type_0 (-0.1811),Candidate for promotion - threshold-qualified
2370,0.00061250,0,added_to_cart (-4.8886) | user_type_0 (+0.3862) | device_type_1 (-0.1768),Retention/engagement nudge
22462,0.00049064,0,added_to_cart (-4.8886) | user_type_0 (+0.3862) | device_type_0 (-0.1811),Retention/engagement nudge
669,0.71999636,1,added_to_cart (+3.3972) | user_type_0 (+0.3862) | visit_season_1 (-0.1783),Candidate for promotion - higher score
22548,0.00051579,0,added_to_cart (-4.8886) | user_type_0 (+0.3862) | device_type_0 (-0.1811),Retention/engagement nudge
20022,0.55975852,0,added_to_cart (+3.3972) | user_type_0 (-0.3160) | device_type_0 (-0.1811),Investigate checkout/discount friction
14283,0.70470764,1,added_to_cart (+3.3972) | user_type_0 (+0.3862) | device_type_1 (-0.1768),Candidate for promotion - higher score
15769,0.00056011,0,added_to_cart (-4.8886) | user_type_0 (+0.3862) | device_type_0 (-0.1811),Retention/engagement nudge
15795,0.00063883,0,added_to_cart (-4.8886) | user_type_0 (+0.3862) | device_type_0 (-0.1811),Retention/engagement nudge
17801,0.00034046,0,added_to_cart (-4.8886) | user_type_0 (-0.3160) | device_type_1 (-0.1768),Retention/engagement nudge
4351,0.00036930,0,added_to_cart (-4.8886) | user_type_0 (-0.3160) | device_type_0 (-0.1811),Retention/engagement nudge
14681,0.60709288,1,added_to_cart (+3.3972) | user_type_0 (-0.3160) | device_type_0 (-0.1811),Candidate for promotion - threshold-qualified
15106,0.63379181,1,added_to_cart (+3.3972) | user_type_0 (-0.3160) | visit_season_0 (-0.1830),Candidate for promotion - threshold-qualified
17115,0.63669627,1,added_to_cart (+3.3972) | user_type_0 (-0.3160) | device_type_0 (-0.1811),Candidate for promotion - threshold-qualified
15864,0.58364524,1,added_to_cart (+3.3972) | user_type_0 (-0.3160) | device_type_2 (-0.2368),Candidate for promotion - threshold-qualified
11816,0.67858440,1,added_to_cart (+3.3972) | user_type_0 (-0.3160) | device_type_2 (-0.2368),Candidate for promotion - higher score
16349,0.56631581,0,added_to_cart (+3.3972) | user_type_0 (-0.3160) | device_type_1 (-0.1768),Investigate checkout/discount friction
16221,0.73652396,1,added_to_cart (+3.3972) | user_type_0 (+0.3862) | device_type_1 (-0.1768),Candidate for promotion - higher score
22217,0.00053325,0,added_to_cart (-4.8886) | user_type_0 (+0.3862) | visit_season_0 (-0.1830),Retention/engagement nudge
1252,0.72637854,1,added_to_cart (+3.3972) | user_type_0 (+0.3862) | visit_season_0 (-0.1830),Candidate for promotion - higher score
16953,0.54585623,0,added_to_cart (+3.3972) | user_type_0 (-0.3160) | device_type_1 (-0.1768),Investigate checkout/discount friction
16322,0.00047733,0,added_to_cart (-4.8886) | user_type_0 (+0.3862) | time_on_site_sec (-0.1864),Retention/engagement nudge
8166,0.00050956,0,added_to_cart (-4.8886) | user_type_0 (+0.3862) | device_type_0 (-0.1811),Retention/engagement nudge
22498,0.59838426,1,added_to_cart (+3.3972) | user_type_0 (-0.3160) | device_type_0 (-0.1811),Candidate for promotion - threshold-qualified
5038,0.61821474,1,added_to_cart (+3.3972) | user_type_0 (-0.3160) | visit_season_0 (-0.1830),Candidate for promotion - threshold-qualified
21398,0.71406211,1,added_to_cart (+3.3972) | user_type_0 (+0.3862) | device_type_1 (-0.1768),Candidate for promotion - higher score
21017,0.66897137,1,added_to_cart (+3.3972) | user_type_0 (+0.3862) | visit_season_0 (-0.1830),Candidate for promotion - threshold-qualified
12480,0.62393573,1,added_to_cart (+3.3972) | user_type_0 (+0.3862) | visit_season_0 (-0.1830),Candidate for promotion - threshold-qualified
13598,0.73455100,1,added_to_cart (+3.3972) | user_type_0 (+0.3862) | device_type_0 (-0.1811),Candidate for promotion - higher score
15933,0.56723956,0,added_to_cart (+3.3972) | user_type_0 (-0.3160) | visit_season_0 (-0.1830),Investigate checkout/discount friction
8137,0.00066516,0,added_to_cart (-4.8886) | user_type_0 (+0.3862) | visit_season_0 (-0.1830),Retention/engagement nudge
10715,0.55178497,0,added_to_cart (+3.3972) | user_type_0 (-0.3160) | device_type_0 (-0.1811),Investigate checkout/discount friction
8685,0.70394911,1,added_to_cart (+3.3972) | user_type_0 (+0.3862) | visit_season_1 (-0.1783),Candidate for promotion - higher score
10445,0.00033125,0,added_to_cart (-4.8886) | user_type_0 (-0.3160) | visit_season_0 (-0.1830),Retention/engagement nudge
18526,0.54385388,0,added_to_cart (+3.3972) | user_type_0 (-0.3160) | visit_season_1 (-0.1783),Investigate checkout/discount friction
3887,0.00041152,0,added_to_cart (-4.8886) | user_type_0 (+0.3862) | device_type_0 (-0.1811),Retention/engagement nudge
13022,0.62415453,1,added_to_cart (+3.3972) | user_type_0 (-0.3160) | device_type_1 (-0.1768),Candidate for promotion - threshold-qualified
8392,0.61183389,1,added_to_cart (+3.3972) | user_type_0 (-0.3160) | device_type_1 (-0.1768),Candidate for promotion - threshold-qualified
2696,0.51502664,0,added_to_cart (+3.3972) | user_type_0 (-0.3160) | device_type_0 (-0.1811),Investigate checkout/discount friction
20986,0.60674689,1,added_to_cart (+3.3972) | user_type_0 (-0.3160) | visit_season_0 (-0.1830),Candidate for promotion - threshold-qualified
11996,0.55771176,0,added_to_cart (+3.3972) | user_type_0 (-0.3160) | device_type_2 (-0.2368),Investigate checkout/discount friction
16666,0.00034489,0,added_to_cart (-4.8886) | user_type_0 (-0.3160) | visit_season_0 (-0.1830),Retention/engagement nudge
21420,0.55509467,0,added_to_cart (+3.3972) | user_type_0 (-0.3160) | device_type_1 (-0.1768),Investigate checkout/discount friction
12731,0.72142654,1,added_to_cart (+3.3972) | user_type_0 (+0.3862) | device_type_1 (-0.1768),Candidate for promotion - higher score
13533,0.67017004,1,added_to_cart (+3.3972) | user_type_0 (+0.3862) | time_on_site_sec (-0.1997),Candidate for promotion - threshold-qualified
1280,0.65124088,1,added_to_cart (+3.3972) | user_type_0 (+0.3862) | visit_season_1 (-0.1783),Candidate for promotion - threshold-qualified
4928,0.63381094,1,added_to_cart (+3.3972) | user_type_0 (+0.3862) | visit_season_1 (-0.1783),Candidate for promotion - threshold-qualified
18862,0.60797713,1,added_to_cart (+3.3972) | user_type_0 (-0.3160) | visit_season_1 (-0.1783),Candidate for promotion - threshold-qualified
18699,0.70941898,1,added_to_cart (+3.3972) | user_type_0 (+0.3862) | device_type_0 (-0.1811),Candidate for promotion - higher score
6835,0.00028810,0,added_to_cart (-4.8886) | user_type_0 (-0.3160) | device_type_0 (-0.1811),Retention/engagement nudge
21121,0.00032320,0,added_to_cart (-4.8886) | user_type_0 (-0.3160) | visit_season_1 (-0.1783),Retention/engagement nudge
14920,0.00071369,0,added_to_cart (-4.8886) | user_type_0 (+0.3862) | device_type_1 (-0.1768),Retention/engagement nudge
24935,0.56099948,0,added_to_cart (+3.3972) | user_type_0 (-0.3160) | device_type_2 (-0.2368),Investigate checkout/discount friction
16081,0.59552095,1,added_to_cart (+3.3972) | user_type_0 (-0.3160) | device_type_1 (-0.1768),Candidate for promotion - threshold-qualified
15402,0.59470323,1,added_to_cart (+3.3972) | user_type_0 (-0.3160) | device_type_0 (-0.1811),Candidate for promotion - threshold-qualified
17668,0.63777724,1,added_to_cart (+3.3972) | user_type_0 (-0.3160) | device_type_2 (-0.2368),Candidate for promotion - threshold-qualified
10181,0.68097869,1,added_to_cart (+3.3972) | user_type_0 (+0.3862) | device_type_2 (-0.2368),Candidate for promotion - higher score
19042,0.72351259,1,added_to_cart (+3.3972) | user_type_0 (+0.3862) | device_type_2 (-0.2368),Candidate for promotion - higher score
418,0.70461261,1,added_to_cart (+3.3972) | user_type_0 (+0.3862) | visit_season_1 (-0.1783),Candidate for promotion - higher score
7311,0.66716614,1,added_to_cart (+3.3972) | user_type_0 (+0.3862) | visit_season_0 (-0.1830),Candidate for promotion - threshold-qualified
19186,0.72437449,1,added_to_cart (+3.3972) | user_type_0 (+0.3862) | device_type_1 (-0.1768),Candidate for promotion - higher score
8784,0.00049684,0,added_to_cart (-4.8886) | user_type_0 (+0.3862) | device_type_0 (-0.1811),Retention/engagement nudge
24728,0.00032433,0,added_to_cart (-4.8886) | user_type_0 (-0.3160) | device_type_2 (-0.2368),Retention/engagement nudge
3063,0.72776502,1,added_to_cart (+3.3972) | user_type_0 (+0.3862) | visit_season_0 (-0.1830),Candidate for promotion - higher score
9013,0.00059334,0,added_to_cart (-4.8886) | user_type_0 (+0.3862) | visit_season_0 (-0.1830),Retention/engagement nudge
15642,0.00054138,0,added_to_cart (-4.8886) | user_type_0 (+0.3862) | device_type_0 (-0.1811),Retention/engagement nudge
17282,0.00034170,0,added_to_cart (-4.8886) | user_type_0 (-0.3160) | visit_season_0 (-0.1830),Retention/engagement nudge
12625,0.75878198,1,added_to_cart (+3.3972) | user_type_0 (+0.3862) | visit_season_0 (-0.1830),Candidate for promotion - higher score
4258,0.00039349,0,added_to_cart (-4.8886) | user_type_0 (-0.3160) | device_type_2 (-0.2368),Retention/engagement nudge
23347,0.60936817,1,added_to_cart (+3.3972) | user_type_0 (-0.3160) | device_type_1 (-0.1768),Candidate for promotion - threshold-qualified
20223,0.00034957,0,added_to_cart (-4.8886) | user_type_0 (-0.3160) | device_type_1 (-0.1768),Retention/engagement nudge
8257,0.00051902,0,added_to_cart (-4.8886) | user_type_0 (+0.3862) | device_type_0 (-0.1811),Retention/engagement nudge
21971,0.67073199,1,added_to_cart (+3.3972) | user_type_0 (+0.3862) | device_type_1 (-0.1768),Candidate for promotion - threshold-qualified
10102,0.62075314,1,added_to_cart (+3.3972) | user_type_0 (-0.3160) | device_type_1 (-0.1768),Candidate for promotion - threshold-qualified
9892,0.00031246,0,added_to_cart (-4.8886) | user_type_0 (-0.3160) | device_type_0 (-0.1811),Retention/engagement nudge
16049,0.72197621,1,added_to_cart (+3.3972) | user_type_0 (+0.3862) | device_type_0 (-0.1811),Candidate for promotion - higher score
3788,0.00037751,0,added_to_cart (-4.8886) | user_type_0 (-0.3160) | visit_season_0 (-0.1830),Retention/engagement nudge
8033,0.00054575,0,added_to_cart (-4.8886) | user_type_0 (+0.3862) | device_type_1 (-0.1768),Retention/engagement nudge
20861,0.59941778,1,added_to_cart (+3.3972) | user_type_0 (-0.3160) | device_type_1 (-0.1768),Candidate for promotion - threshold-qualified
24209,0.72280548,1,added_to_cart (+3.3972) | user_type_0 (+0.3862) | device_type_0 (-0.1811),Candidate for promotion - higher score
15555,0.71533668,1,added_to_cart (+3.3972) | user_type_0 (+0.3862) | device_type_0 (-0.1811),Candidate for promotion - higher score
13347,0.58018613,1,added_to_cart (+3.3972) | user_type_0 (-0.3160) | visit_season_1 (-0.1783),Candidate for promotion - threshold-qualified
7873,0.65542140,1,added_to_cart (+3.3972) | user_type_0 (+0.3862) | time_on_site_sec (-0.1895),Candidate for promotion - threshold-qualified
24237,0.74529189,1,added_to_cart (+3.3972) | user_type_0 (+0.3862) | visit_season_1 (-0.1783),Candidate for promotion - higher score
21874,0.67912539,1,added_to_cart (+3.3972) | user_type_0 (+0.3862) | visit_season_1 (-0.1783),Candidate for promotion - higher score
9174,0.70132006,1,added_to_cart (+3.3972) | user_type_0 (+0.3862) | device_type_1 (-0.1768),Candidate for promotion - higher score
3019,0.69109089,1,added_to_cart (+3.3972) | user_type_0 (+0.3862) | device_type_1 (-0.1768),Candidate for promotion - higher score
2325,0.66488841,1,added_to_cart (+3.3972) | user_type_0 (+0.3862) | device_type_1 (-0.1768),Candidate for promotion - threshold-qualified
19930,0.65044572,1,added_to_cart (+3.3972) | user_type_0 (+0.3862) | device_type_0 (-0.1811),Candidate for promotion - threshold-qualified
9213,0.54104948,0,added_to_cart (+3.3972) | user_type_0 (-0.3160) | time_on_site_sec (-0.2037),Investigate checkout/discount friction
20593,0.70712584,1,added_to_cart (+3.3972) | user_type_0 (+0.3862) | device_type_1 (-0.1768),Candidate for promotion - higher score
7885,0.64278816,1,added_to_cart (+3.3972) | user_type_0 (-0.3160) | device_type_0 (-0.1811),Candidate for promotion - threshold-qualified
10732,0.59781489,1,added_to_cart (+3.3972) | user_type_0 (-0.3160) | device_type_0 (-0.1811),Candidate for promotion - threshold-qualified
4254,0.75181108,1,added_to_cart (+3.3972) | user_type_0 (+0.3862) | visit_season_0 (-0.1830),Candidate for promotion - higher score
17662,0.62238090,1,added_to_cart (+3.3972) | user_type_0 (-0.3160) | device_type_1 (-0.1768),Candidate for promotion - threshold-qualified
12825,0.00037698,0,added_to_cart (-4.8886) | user_type_0 (-0.3160) | device_type_1 (-0.1768),Retention/engagement nudge
17257,0.00059038,0,added_to_cart (-4.8886) | user_type_0 (+0.3862) | device_type_0 (-0.1811),Retention/engagement nudge
3474,0.57928766,1,added_to_cart (+3.3972) | user_type_0 (-0.3160) | device_type_0 (-0.1811),Candidate for promotion - threshold-qualified
3261,0.00070993,0,added_to_cart (-4.8886) | user_type_0 (+0.3862) | device_type_2 (-0.2368),Retention/engagement nudge
3286,0.60693311,1,added_to_cart (+3.3972) | user_type_0 (-0.3160) | device_type_1 (-0.1768),Candidate for promotion - threshold-qualified
6145,0.59466952,1,added_to_cart (+3.3972) | user_type_0 (-0.3160) | device_type_0 (-0.1811),Candidate for promotion - threshold-qualified
9404,0.56737833,0,added_to_cart (+3.3972) | user_type_0 (-0.3160) | visit_season_1 (-0.1783),Investigate checkout/discount friction
7333,0.00067908,0,added_to_cart (-4.8886) | user_type_0 (+0.3862) | device_type_1 (-0.1768),Retention/engagement nudge
14127,0.00049042,0,added_to_cart (-4.8886) | user_type_0 (+0.3862) | device_type_0 (-0.1811),Retention/engagement nudge
19018,0.70518686,1,added_to_cart (+3.3972) | user_type_0 (+0.3862) | visit_season_0 (-0.1830),Candidate for promotion - higher score
22880,0.62290869,1,added_to_cart (+3.3972) | user_type_0 (-0.3160) | visit_season_1 (-0.1783),Candidate for promotion - threshold-qualified
6146,0.59045505,1,added_to_cart (+3.3972) | user_type_0 (-0.3160) | device_type_1 (-0.1768),Candidate for promotion - threshold-qualified
13646,0.58072940,1,added_to_cart (+3.3972) | user_type_0 (-0.3160) | device_type_1 (-0.1768),Candidate for promotion - threshold-qualified
17155,0.66038543,1,added_to_cart (+3.3972) | user_type_0 (+0.3862) | device_type_1 (-0.1768),Candidate for promotion - threshold-qualified
8633,0.69408707,1,added_to_cart (+3.3972) | user_type_0 (+0.3862) | visit_season_0 (-0.1830),Candidate for promotion - higher score
22788,0.72908126,1,added_to_cart (+3.3972) | user_type_0 (+0.3862) | visit_season_0 (-0.1830),Candidate for promotion - higher score
23839,0.65588243,1,added_to_cart (+3.3972) | user_type_0 (+0.3862) | visit_season_0 (-0.1830),Candidate for promotion - threshold-qualified
1399,0.60486102,1,added_to_cart (+3.3972) | user_type_0 (-0.3160) | visit_season_1 (-0.1783),Candidate for promotion - threshold-qualified
21924,0.69561735,1,added_to_cart (+3.3972) | user_type_0 (+0.3862) | visit_season_0 (-0.1830),Candidate for promotion - higher score
4370,0.00029513,0,added_to_cart (-4.8886) | user_type_0 (-0.3160) | time_on_site_sec (-0.1866),Retention/engagement nudge
2559,0.70898624,1,added_to_cart (+3.3972) | user_type_0 (+0.3862) | device_type_0 (-0.1811),Candidate for promotion - higher score
19815,0.71207224,1,added_to_cart (+3.3972) | user_type_0 (+0.3862) | visit_season_0 (-0.1830),Candidate for promotion - higher score
2082,0.00057716,0,added_to_cart (-4.8886) | user_type_0 (+0.3862) | visit_season_0 (-0.1830),Retention/engagement nudge
5283,0.64171884,1,added_to_cart (+3.3972) | user_type_0 (-0.3160) | device_type_0 (-0.1811),Candidate for promotion - threshold-qualified
3955,0.00047850,0,added_to_cart (-4.8886) | user_type_0 (+0.3862) | visit_season_0 (-0.1830),Retention/engagement nudge
7532,0.52379093,0,added_to_cart (+3.3972) | user_type_0 (-0.3160) | time_on_site_sec (-0.1999),Investigate checkout/discount friction
22631,0.62185922,1,added_to_cart (+3.3972) | user_type_0 (-0.3160) | device_type_2 (-0.2368),Candidate for promotion - threshold-qualified
22942,0.60953463,1,added_to_cart (+3.3972) | user_type_0 (+0.3862) | time_on_site_sec (-0.1872),Candidate for promotion - threshold-qualified
23927,0.67078395,1,added_to_cart (+3.3972) | user_type_0 (-0.3160) | device_type_1 (-0.1768),Candidate for promotion - threshold-qualified
554,0.50557807,0,added_to_cart (+3.3972) | user_type_0 (-0.3160) | device_type_0 (-0.1811),Investigate checkout/discount friction
22383,0.70606155,1,added_to_cart (+3.3972) | user_type_0 (+0.3862) | visit_season_0 (-0.1830),Candidate for promotion - higher score
7566,0.53700771,0,added_to_cart (+3.3972) | user_type_0 (-0.3160) | visit_season_0 (-0.1830),Investigate checkout/discount friction
21832,0.68159254,1,added_to_cart (+3.3972) | user_type_0 (+0.3862) | device_type_1 (-0.1768),Candidate for promotion - higher score
14098,0.71308187,1,added_to_cart (+3.3972) | user_type_0 (+0.3862) | device_type_2 (-0.2368),Candidate for promotion - higher score
16195,0.70060862,1,added_to_cart (+3.3972) | user_type_0 (+0.3862) | device_type_0 (-0.1811),Candidate for promotion - higher score
10288,0.00059396,0,added_to_cart (-4.8886) | user_type_0 (+0.3862) | visit_season_0 (-0.1830),Retention/engagement nudge
140,0.00029804,0,added_to_cart (-4.8886) | user_type_0 (-0.3160) | time_on_site_sec (-0.1841),Retention/engagement nudge
12057,0.00065897,0,added_to_cart (-4.8886) | user_type_0 (+0.3862) | device_type_2 (-0.2368),Retention/engagement nudge
14056,0.54390584,0,added_to_cart (+3.3972) | user_type_0 (-0.3160) | time_on_site_sec (-0.1959),Investigate checkout/discount friction
8988,0.64528905,1,added_to_cart (+3.3972) | user_type_0 (+0.3862) | visit_season_0 (-0.1830),Candidate for promotion - threshold-qualified
7386,0.64756878,1,added_to_cart (+3.3972) | user_type_0 (+0.3862) | time_on_site_sec (-0.1811),Candidate for promotion - threshold-qualified
7953,0.69555196,1,added_to_cart (+3.3972) | user_type_0 (+0.3862) | visit_season_0 (-0.1830),Candidate for promotion - higher score
20648,0.00058736,0,added_to_cart (-4.8886) | user_type_0 (+0.3862) | visit_season_0 (-0.1830),Retention/engagement nudge
11258,0.66919182,1,added_to_cart (+3.3972) | user_type_0 (-0.3160) | device_type_1 (-0.1768),Candidate for promotion - threshold-qualified
23247,0.00069778,0,added_to_cart (-4.8886) | user_type_0 (+0.3862) | device_type_0 (-0.1811),Retention/engagement nudge
2562,0.66121026,1,added_to_cart (+3.3972) | user_type_0 (+0.3862) | visit_season_1 (-0.1783),Candidate for promotion - threshold-qualified
17410,0.00035438,0,added_to_cart (-4.8886) | user_type_0 (-0.3160) | time_on_site_sec (-0.1805),Retention/engagement nudge
24086,0.72558769,1,added_to_cart (+3.3972) | user_type_0 (+0.3862) | device_type_2 (-0.2368),Candidate for promotion - higher score
22570,0.61944579,1,added_to_cart (+3.3972) | user_type_0 (-0.3160) | device_type_0 (-0.1811),Candidate for promotion - threshold-qualified
9219,0.71810770,1,added_to_cart (+3.3972) | user_type_0 (+0.3862) | device_type_0 (-0.1811),Candidate for promotion - higher score
14115,0.00055425,0,added_to_cart (-4.8886) | user_type_0 (+0.3862) | visit_season_0 (-0.1830),Retention/engagement nudge
19533,0.59167106,1,added_to_cart (+3.3972) | user_type_0 (-0.3160) | device_type_2 (-0.2368),Candidate for promotion - threshold-qualified
10041,0.59270495,1,added_to_cart (+3.3972) | user_type_0 (-0.3160) | device_type_1 (-0.1768),Candidate for promotion - threshold-qualified
21130,0.61057396,1,added_to_cart (+3.3972) | user_type_0 (-0.3160) | device_type_1 (-0.1768),Candidate for promotion - threshold-qualified
18864,0.57284287,1,added_to_cart (+3.3972) | user_type_0 (-0.3160) | device_type_1 (-0.1768),Candidate for promotion - threshold-qualified
17576,0.65295895,1,added_to_cart (+3.3972) | user_type_0 (+0.3862) | visit_season_1 (-0.1783),Candidate for promotion - threshold-qualified
21925,0.00064792,0,added_to_cart (-4.8886) | user_type_0 (+0.3862) | device_type_0 (-0.1811),Retention/engagement nudge
24933,0.69834669,1,added_to_cart (+3.3972) | user_type_0 (+0.3862) | device_type_0 (-0.1811),Candidate for promotion - higher score
18211,0.00031544,0,added_to_cart (-4.8886) | user_type_0 (-0.3160) | device_type_2 (-0.2368),Retention/engagement nudge
17847,0.53983783,0,added_to_cart (+3.3972) | user_type_0 (-0.3160) | visit_season_0 (-0.1830),Investigate checkout/discount friction
21088,0.52823617,0,added_to_cart (+3.3972) | user_type_0 (-0.3160) | device_type_1 (-0.1768),Investigate checkout/discount friction
17387,0.66215494,1,added_to_cart (+3.3972) | user_type_0 (+0.3862) | device_type_2 (-0.2368),Candidate for promotion - threshold-qualified
23202,0.68639478,1,added_to_cart (+3.3972) | user_type_0 (+0.3862) | device_type_1 (-0.1768),Candidate for promotion - higher score
9392,0.54428413,0,added_to_cart (+3.3972) | user_type_0 (-0.3160) | device_type_1 (-0.1768),Investigate checkout/discount friction
15761,0.72538636,1,added_to_cart (+3.3972) | user_type_0 (+0.3862) | device_type_1 (-0.1768),Candidate for promotion - higher score
8152,0.55220262,0,added_to_cart (+3.3972) | user_type_0 (-0.3160) | time_on_site_sec (-0.1986),Investigate checkout/discount friction
14195,0.00054973,0,added_to_cart (-4.8886) | user_type_0 (+0.3862) | device_type_0 (-0.1811),Retention/engagement nudge
2138,0.57700770,1,added_to_cart (+3.3972) | user_type_0 (-0.3160) | device_type_0 (-0.1811),Candidate for promotion - threshold-qualified
8763,0.57819732,1,added_to_cart (+3.3972) | user_type_0 (-0.3160) | device_type_1 (-0.1768),Candidate for promotion - threshold-qualified
2622,0.00073535,0,added_to_cart (-4.8886) | user_type_0 (+0.3862) | visit_season_0 (-0.1830),Retention/engagement nudge
13885,0.52910465,0,added_to_cart (+3.3972) | user_type_0 (-0.3160) | visit_season_1 (-0.1783),Investigate checkout/discount friction
22875,0.71077895,1,added_to_cart (+3.3972) | user_type_0 (+0.3862) | device_type_0 (-0.1811),Candidate for promotion - higher score
14468,0.58272075,1,added_to_cart (+3.3972) | user_type_0 (-0.3160) | device_type_0 (-0.1811),Candidate for promotion - threshold-qualified
7730,0.57905284,1,added_to_cart (+3.3972) | user_type_0 (-0.3160) | device_type_1 (-0.1768),Candidate for promotion - threshold-qualified
13558,0.60882088,1,added_to_cart (+3.3972) | user_type_0 (-0.3160) | device_type_0 (-0.1811),Candidate for promotion - threshold-qualified
3712,0.00028815,0,added_to_cart (-4.8886) | user_type_0 (-0.3160) | device_type_1 (-0.1768),Retention/engagement nudge
11006,0.60815711,1,added_to_cart (+3.3972) | user_type_0 (+0.3862) | time_on_site_sec (-0.1843),Candidate for promotion - threshold-qualified
24721,0.60073561,1,added_to_cart (+3.3972) | user_type_0 (-0.3160) | device_type_1 (-0.1768),Candidate for promotion - threshold-qualified
20036,0.00052462,0,added_to_cart (-4.8886) | user_type_0 (+0.3862) | time_on_site_sec (-0.2003),Retention/engagement nudge
13465,0.70913763,1,added_to_cart (+3.3972) | user_type_0 (+0.3862) | device_type_0 (-0.1811),Candidate for promotion - higher score
5522,0.00029604,0,added_to_cart (-4.8886) | user_type_0 (-0.3160) | time_on_site_sec (-0.1971),Retention/engagement nudge
6153,0.68522903,1,added_to_cart (+3.3972) | user_type_0 (+0.3862) | device_type_0 (-0.1811),Candidate for promotion - higher score
17942,0.00042502,0,added_to_cart (-4.8886) | user_type_0 (-0.3160) | device_type_0 (-0.1811),Retention/engagement nudge
22252,0.00050099,0,added_to_cart (-4.8886) | user_type_0 (+0.3862) | device_type_2 (-0.2368),Retention/engagement nudge
5773,0.00039045,0,added_to_cart (-4.8886) | user_type_0 (-0.3160) | visit_season_1 (-0.1783),Retention/engagement nudge
12575,0.72535884,1,added_to_cart (+3.3972) | user_type_0 (+0.3862) | device_type_2 (-0.2368),Candidate for promotion - higher score
6914,0.00036302,0,added_to_cart (-4.8886) | user_type_0 (-0.3160) | device_type_1 (-0.1768),Retention/engagement nudge
15766,0.53924004,0,added_to_cart (+3.3972) | user_type_0 (-0.3160) | visit_season_1 (-0.1783),Investigate checkout/discount friction
22080,0.55479896,0,added_to_cart (+3.3972) | user_type_0 (-0.3160) | device_type_2 (-0.2368),Investigate checkout/discount friction
23879,0.68261189,1,added_to_cart (+3.3972) | user_type_0 (+0.3862) | device_type_0 (-0.1811),Candidate for promotion - higher score
21568,0.53779699,0,added_to_cart (+3.3972) | user_type_0 (-0.3160) | visit_season_1 (-0.1783),Investigate checkout/discount friction
11179,0.57644358,1,added_to_cart (+3.3972) | user_type_0 (-0.3160) | device_type_0 (-0.1811),Candidate for promotion - threshold-qualified
14528,0.63131689,1,added_to_cart (+3.3972) | user_type_0 (+0.3862) | visit_season_0 (-0.1830),Candidate for promotion - threshold-qualified
753,0.00050192,0,added_to_cart (-4.8886) | user_type_0 (+0.3862) | visit_season_0 (-0.1830),Retention/engagement nudge
11259,0.56149567,0,added_to_cart (+3.3972) | user_type_0 (-0.3160) | device_type_0 (-0.1811),Investigate checkout/discount friction
12856,0.00062791,0,added_to_cart (-4.8886) | user_type_0 (+0.3862) | device_type_2 (-0.2368),Retention/engagement nudge
16609,0.59848520,1,added_to_cart (+3.3972) | user_type_0 (-0.3160) | visit_season_1 (-0.1783),Candidate for promotion - threshold-qualified
2693,0.62763293,1,added_to_cart (+3.3972) | user_type_0 (+0.3862) | device_type_2 (-0.2368),Candidate for promotion - threshold-qualified
19542,0.00073559,0,added_to_cart (-4.8886) | user_type_0 (+0.3862) | device_type_0 (-0.1811),Retention/engagement nudge
21527,0.00059022,0,added_to_cart (-4.8886) | user_type_0 (+0.3862) | device_type_0 (-0.1811),Retention/engagement nudge
22692,0.67760054,1,added_to_cart (+3.3972) | user_type_0 (+0.3862) | visit_season_0 (-0.1830),Candidate for promotion - higher score
3874,0.00031325,0,added_to_cart (-4.8886) | user_type_0 (-0.3160) | visit_season_0 (-0.1830),Retention/engagement nudge
10292,0.69565831,1,added_to_cart (+3.3972) | user_type_0 (+0.3862) | device_type_2 (-0.2368),Candidate for promotion - higher score
18232,0.69627087,1,added_to_cart (+3.3972) | user_type_0 (+0.3862) | visit_season_0 (-0.1830),Candidate for promotion - higher score
4323,0.69537343,1,added_to_cart (+3.3972) | user_type_0 (+0.3862) | device_type_0 (-0.1811),Candidate for promotion - higher score
12050,0.58451138,1,added_to_cart (+3.3972) | user_type_0 (-0.3160) | time_on_site_sec (-0.2028),Candidate for promotion - threshold-qualified
13179,0.50516566,0,added_to_cart (+3.3972) | user_type_0 (-0.3160) | time_on_site_sec (-0.1879),Investigate checkout/discount friction
13107,0.65177961,1,added_to_cart (+3.3972) | user_type_0 (+0.3862) | visit_season_0 (-0.1830),Candidate for promotion - threshold-qualified
8780,0.00035271,0,added_to_cart (-4.8886) | user_type_0 (-0.3160) | visit_season_0 (-0.1830),Retention/engagement nudge
21807,0.54305843,0,added_to_cart (+3.3972) | user_type_0 (-0.3160) | device_type_1 (-0.1768),Investigate checkout/discount friction
2717,0.00051130,0,added_to_cart (-4.8886) | user_type_0 (+0.3862) | device_type_1 (-0.1768),Retention/engagement nudge
1447,0.72519517,1,added_to_cart (+3.3972) | user_type_0 (+0.3862) | visit_season_1 (-0.1783),Candidate for promotion - higher score
7932,0.00064212,0,added_to_cart (-4.8886) | user_type_0 (+0.3862) | device_type_0 (-0.1811),Retention/engagement nudge
19748,0.66720807,1,added_to_cart (+3.3972) | user_type_0 (+0.3862) | visit_season_0 (-0.1830),Candidate for promotion - threshold-qualified
14496,0.00041434,0,added_to_cart (-4.8886) | user_type_0 (-0.3160) | device_type_0 (-0.1811),Retention/engagement nudge
23762,0.67671147,1,added_to_cart (+3.3972) | user_type_0 (+0.3862) | device_type_1 (-0.1768),Candidate for promotion - higher score
21467,0.68404976,1,added_to_cart (+3.3972) | user_type_0 (+0.3862) | visit_season_1 (-0.1783),Candidate for promotion - higher score
7663,0.00061460,0,added_to_cart (-4.8886) | user_type_0 (+0.3862) | device_type_1 (-0.1768),Retention/engagement nudge
23132,0.74228179,1,added_to_cart (+3.3972) | user_type_0 (+0.3862) | device_type_0 (-0.1811),Candidate for promotion - higher score
3352,0.60129611,1,added_to_cart (+3.3972) | user_type_0 (-0.3160) | visit_season_0 (-0.1830),Candidate for promotion - threshold-qualified
15043,0.00045296,0,added_to_cart (-4.8886) | user_type_0 (-0.3160) | visit_season_0 (-0.1830),Retention/engagement nudge
16338,0.59972356,1,added_to_cart (+3.3972) | user_type_0 (-0.3160) | device_type_1 (-0.1768),Candidate for promotion - threshold-qualified
17931,0.67693810,1,added_to_cart (+3.3972) | user_type_0 (+0.3862) | device_type_0 (-0.1811),Candidate for promotion - higher score
22597,0.00068727,0,added_to_cart (-4.8886) | user_type_0 (+0.3862) | device_type_1 (-0.1768),Retention/engagement nudge
6232,0.00042028,0,added_to_cart (-4.8886) | user_type_0 (+0.3862) | time_on_site_sec (-0.1853),Retention/engagement nudge
22792,0.65803669,1,added_to_cart (+3.3972) | user_type_0 (+0.3862) | time_on_site_sec (-0.1849),Candidate for promotion - threshold-qualified
20665,0.68785910,1,added_to_cart (+3.3972) | user_type_0 (+0.3862) | time_on_site_sec (-0.1881),Candidate for promotion - higher score
1754,0.54864921,0,added_to_cart (+3.3972) | user_type_0 (-0.3160) | device_type_0 (-0.1811),Investigate checkout/discount friction
5699,0.55133507,0,added_to_cart (+3.3972) | user_type_0 (-0.3160) | time_on_site_sec (-0.1974),Investigate checkout/discount friction
17305,0.63024582,1,added_to_cart (+3.3972) | user_type_0 (+0.3862) | visit_season_0 (-0.1830),Candidate for promotion - threshold-qualified
23340,0.73422558,1,added_to_cart (+3.3972) | user_type_0 (+0.3862) | device_type_1 (-0.1768),Candidate for promotion - higher score
23250,0.72704325,1,added_to_cart (+3.3972) | user_type_0 (+0.3862) | device_type_0 (-0.1811),Candidate for promotion - higher score
21002,0.73637942,1,added_to_cart (+3.3972) | user_type_0 (+0.3862) | device_type_0 (-0.1811),Candidate for promotion - higher score
23155,0.60409419,1,added_to_cart (+3.3972) | user_type_0 (-0.3160) | device_type_0 (-0.1811),Candidate for promotion - threshold-qualified
15192,0.59593888,1,added_to_cart (+3.3972) | user_type_0 (-0.3160) | device_type_0 (-0.1811),Candidate for promotion - threshold-qualified
8847,0.56405971,0,added_to_cart (+3.3972) | user_type_0 (-0.3160) | visit_season_0 (-0.1830),Investigate checkout/discount friction
19037,0.67979471,1,added_to_cart (+3.3972) | user_type_0 (+0.3862) | visit_season_0 (-0.1830),Candidate for promotion - higher score
18118,0.70272003,1,added_to_cart (+3.3972) | user_type_0 (+0.3862) | visit_season_0 (-0.1830),Candidate for promotion - higher score
12210,0.67359077,1,added_to_cart (+3.3972) | user_type_0 (+0.3862) | device_type_2 (-0.2368),Candidate for promotion - higher score
18853,0.00041927,0,added_to_cart (-4.8886) | user_type_0 (+0.3862) | time_on_site_sec (-0.1990),Retention/engagement nudge
22774,0.00049757,0,added_to_cart (-4.8886) | user_type_0 (+0.3862) | device_type_2 (-0.2368),Retention/engagement nudge
5688,0.00078448,0,added_to_cart (-4.8886) | user_type_0 (+0.3862) | device_type_1 (-0.1768),Retention/engagement nudge
11766,0.69251869,1,added_to_cart (+3.3972) | user_type_0 (+0.3862) | device_type_0 (-0.1811),Candidate for promotion - higher score
13167,0.73143214,1,added_to_cart (+3.3972) | user_type_0 (+0.3862) | device_type_0 (-0.1811),Candidate for promotion - higher score
8553,0.73520276,1,added_to_cart (+3.3972) | user_type_0 (+0.3862) | visit_season_0 (-0.1830),Candidate for promotion - higher score
6423,0.68171398,1,added_to_cart (+3.3972) | user_type_0 (+0.3862) | visit_season_1 (-0.1783),Candidate for promotion - higher score
7736,0.63115819,1,added_to_cart (+3.3972) | user_type_0 (-0.3160) | device_type_1 (-0.1768),Candidate for promotion - threshold-qualified
2656,0.63620706,1,added_to_cart (+3.3972) | user_type_0 (+0.3862) | visit_season_1 (-0.1783),Candidate for promotion - threshold-qualified
18321,0.00038062,0,added_to_cart (-4.8886) | user_type_0 (-0.3160) | device_type_1 (-0.1768),Retention/engagement nudge
12558,0.67459212,1,added_to_cart (+3.3972) | user_type_0 (+0.3862) | device_type_0 (-0.1811),Candidate for promotion - higher score
13171,0.55685036,0,added_to_cart (+3.3972) | user_type_0 (-0.3160) | device_type_0 (-0.1811),Investigate checkout/discount friction
9687,0.67740847,1,added_to_cart (+3.3972) | user_type_0 (+0.3862) | device_type_0 (-0.1811),Candidate for promotion - higher score
15453,0.00028014,0,added_to_cart (-4.8886) | user_type_0 (-0.3160) | visit_season_0 (-0.1830),Retention/engagement nudge
10420,0.61270260,1,added_to_cart (+3.3972) | user_type_0 (-0.3160) | visit_season_1 (-0.1783),Candidate for promotion - threshold-qualified
22510,0.00033189,0,added_to_cart (-4.8886) | user_type_0 (-0.3160) | device_type_0 (-0.1811),Retention/engagement nudge
2819,0.00028912,0,added_to_cart (-4.8886) | user_type_0 (-0.3160) | device_type_0 (-0.1811),Retention/engagement nudge
3330,0.62217170,1,added_to_cart (+3.3972) | user_type_0 (-0.3160) | device_type_0 (-0.1811),Candidate for promotion - threshold-qualified
14654,0.67387907,1,added_to_cart (+3.3972) | user_type_0 (+0.3862) | time_on_site_sec (-0.1950),Candidate for promotion - higher score
13777,0.76187624,1,added_to_cart (+3.3972) | user_type_0 (+0.3862) | device_type_2 (-0.2368),Candidate for promotion - higher score
12332,0.66221821,1,added_to_cart (+3.3972) | user_type_0 (-0.3160) | visit_season_0 (-0.1830),Candidate for promotion - threshold-qualified
19608,0.70349948,1,added_to_cart (+3.3972) | user_type_0 (+0.3862) | device_type_0 (-0.1811),Candidate for promotion - higher score
21753,0.69570732,1,added_to_cart (+3.3972) | user_type_0 (+0.3862) | visit_season_0 (-0.1830),Candidate for promotion - higher score
10756,0.69973294,1,added_to_cart (+3.3972) | user_type_0 (+0.3862) | device_type_2 (-0.2368),Candidate for promotion - higher score
21868,0.57686894,1,added_to_cart (+3.3972) | user_type_0 (-0.3160) | device_type_1 (-0.1768),Candidate for promotion - threshold-qualified
11248,0.68890263,1,added_to_cart (+3.3972) | user_type_0 (+0.3862) | visit_season_0 (-0.1830),Candidate for promotion - higher score
5370,0.51240612,0,added_to_cart (+3.3972) | user_type_0 (-0.3160) | device_type_1 (-0.1768),Investigate checkout/discount friction
8485,0.00071934,0,added_to_cart (-4.8886) | user_type_0 (+0.3862) | visit_season_0 (-0.1830),Retention/engagement nudge
24058,0.65947295,1,added_to_cart (+3.3972) | user_type_0 (+0.3862) | time_on_site_sec (-0.1942),Candidate for promotion - threshold-qualified
11995,0.56191516,0,added_to_cart (+3.3972) | user_type_0 (-0.3160) | device_type_0 (-0.1811),Investigate checkout/discount friction
21920,0.70082055,1,added_to_cart (+3.3972) | user_type_0 (+0.3862) | device_type_0 (-0.1811),Candidate for promotion - higher score
7174,0.57671224,1,added_to_cart (+3.3972) | user_type_0 (-0.3160) | visit_season_0 (-0.1830),Candidate for promotion - threshold-qualified
13591,0.65776685,1,added_to_cart (+3.3972) | user_type_0 (+0.3862) | device_type_0 (-0.1811),Candidate for promotion - threshold-qualified
3460,0.62759745,1,added_to_cart (+3.3972) | user_type_0 (-0.3160) | visit_season_0 (-0.1830),Candidate for promotion - threshold-qualified
16508,0.74175353,1,added_to_cart (+3.3972) | user_type_0 (+0.3862) | visit_season_0 (-0.1830),Candidate for promotion - higher score
995,0.00059394,0,added_to_cart (-4.8886) | user_type_0 (+0.3862) | device_type_0 (-0.1811),Retention/engagement nudge
18388,0.60339152,1,added_to_cart (+3.3972) | user_type_0 (-0.3160) | visit_season_1 (-0.1783),Candidate for promotion - threshold-qualified
13398,0.64207327,1,added_to_cart (+3.3972) | user_type_0 (-0.3160) | visit_season_0 (-0.1830),Candidate for promotion - threshold-qualified
6444,0.70508353,1,added_to_cart (+3.3972) | user_type_0 (+0.3862) | device_type_0 (-0.1811),Candidate for promotion - higher score
6341,0.57782588,1,added_to_cart (+3.3972) | user_type_0 (-0.3160) | visit_season_0 (-0.1830),Candidate for promotion - threshold-qualified
23727,0.00063061,0,added_to_cart (-4.8886) | user_type_0 (+0.3862) | device_type_2 (-0.2368),Retention/engagement nudge
6111,0.65462298,1,added_to_cart (+3.3972) | user_type_0 (+0.3862) | device_type_0 (-0.1811),Candidate for promotion - threshold-qualified
17826,0.00031631,0,added_to_cart (-4.8886) | user_type_0 (-0.3160) | visit_season_1 (-0.1783),Retention/engagement nudge
17338,0.53611546,0,added_to_cart (+3.3972) | user_type_0 (-0.3160) | device_type_0 (-0.1811),Investigate checkout/discount friction
22295,0.00031778,0,added_to_cart (-4.8886) | user_type_0 (-0.3160) | device_type_2 (-0.2368),Retention/engagement nudge
6931,0.70026414,1,added_to_cart (+3.3972) | user_type_0 (+0.3862) | visit_season_0 (-0.1830),Candidate for promotion - higher score
9062,0.68306790,1,added_to_cart (+3.3972) | user_type_0 (+0.3862) | device_type_2 (-0.2368),Candidate for promotion - higher score
10225,0.50646375,0,added_to_cart (+3.3972) | user_type_0 (-0.3160) | time_on_site_sec (-0.1887),Investigate checkout/discount friction
21926,0.61659885,1,added_to_cart (+3.3972) | user_type_0 (+0.3862) | time_on_site_sec (-0.1938),Candidate for promotion - threshold-qualified
5926,0.55880364,0,added_to_cart (+3.3972) | user_type_0 (-0.3160) | visit_season_1 (-0.1783),Investigate checkout/discount friction
11344,0.76285387,1,added_to_cart (+3.3972) | user_type_0 (+0.3862) | device_type_1 (-0.1768),Candidate for promotion - higher score
15714,0.00071386,0,added_to_cart (-4.8886) | user_type_0 (+0.3862) | device_type_1 (-0.1768),Retention/engagement nudge
4217,0.00039296,0,added_to_cart (-4.8886) | user_type_0 (-0.3160) | visit_season_0 (-0.1830),Retention/engagement nudge
17836,0.76483400,1,added_to_cart (+3.3972) | user_type_0 (+0.3862) | device_type_0 (-0.1811),Candidate for promotion - higher score
21533,0.67363861,1,added_to_cart (+3.3972) | user_type_0 (+0.3862) | device_type_0 (-0.1811),Candidate for promotion - higher score
13154,0.00058857,0,added_to_cart (-4.8886) | user_type_0 (+0.3862) | device_type_1 (-0.1768),Retention/engagement nudge
18038,0.73170558,1,added_to_cart (+3.3972) | user_type_0 (+0.3862) | device_type_1 (-0.1768),Candidate for promotion - higher score
19432,0.00036258,0,added_to_cart (-4.8886) | user_type_0 (-0.3160) | visit_season_0 (-0.1830),Retention/engagement nudge
24756,0.69274390,1,added_to_cart (+3.3972) | user_type_0 (+0.3862) | device_type_0 (-0.1811),Candidate for promotion - higher score
20264,0.00051806,0,added_to_cart (-4.8886) | user_type_0 (+0.3862) | device_type_2 (-0.2368),Retention/engagement nudge
1078,0.71258245,1,added_to_cart (+3.3972) | user_type_0 (+0.3862) | device_type_1 (-0.1768),Candidate for promotion - higher score
17236,0.70265062,1,added_to_cart (+3.3972) | user_type_0 (+0.3862) | device_type_1 (-0.1768),Candidate for promotion - higher score
14971,0.59539376,1,added_to_cart (+3.3972) | user_type_0 (-0.3160) | device_type_2 (-0.2368),Candidate for promotion - threshold-qualified
12903,0.68752440,1,added_to_cart (+3.3972) | user_type_0 (+0.3862) | visit_season_1 (-0.1783),Candidate for promotion - higher score
1556,0.55754431,0,added_to_cart (+3.3972) | user_type_0 (-0.3160) | device_type_1 (-0.1768),Investigate checkout/discount friction
2750,0.00046250,0,added_to_cart (-4.8886) | user_type_0 (+0.3862) | device_type_1 (-0.1768),Retention/engagement nudge
6868,0.67059528,1,added_to_cart (+3.3972) | user_type_0 (+0.3862) | visit_season_1 (-0.1783),Candidate for promotion - threshold-qualified
22467,0.75286680,1,added_to_cart (+3.3972) | user_type_0 (+0.3862) | device_type_1 (-0.1768),Candidate for promotion - higher score
3859,0.58113860,1,added_to_cart (+3.3972) | user_type_0 (-0.3160) | visit_season_0 (-0.1830),Candidate for promotion - threshold-qualified
4832,0.00032049,0,added_to_cart (-4.8886) | user_type_0 (-0.3160) | visit_season_0 (-0.1830),Retention/engagement nudge
4001,0.00053130,0,added_to_cart (-4.8886) | user_type_0 (+0.3862) | device_type_1 (-0.1768),Retention/engagement nudge
5722,0.00063926,0,added_to_cart (-4.8886) | user_type_0 (+0.3862) | visit_season_0 (-0.1830),Retention/engagement nudge
2272,0.00051593,0,added_to_cart (-4.8886) | user_type_0 (+0.3862) | device_type_1 (-0.1768),Retention/engagement nudge
16102,0.61731154,1,added_to_cart (+3.3972) | user_type_0 (-0.3160) | device_type_1 (-0.1768),Candidate for promotion - threshold-qualified
14873,0.72932991,1,added_to_cart (+3.3972) | user_type_0 (+0.3862) | device_type_0 (-0.1811),Candidate for promotion - higher score
6495,0.67604344,1,added_to_cart (+3.3972) | user_type_0 (+0.3862) | visit_season_0 (-0.1830),Candidate for promotion - higher score
15922,0.67714409,1,added_to_cart (+3.3972) | user_type_0 (+0.3862) | device_type_1 (-0.1768),Candidate for promotion - higher score
2630,0.54464780,0,added_to_cart (+3.3972) | user_type_0 (-0.3160) | visit_season_0 (-0.1830),Investigate checkout/discount friction
6050,0.70308636,1,added_to_cart (+3.3972) | user_type_0 (+0.3862) | visit_season_0 (-0.1830),Candidate for promotion - higher score
2328,0.68163178,1,added_to_cart (+3.3972) | user_type_0 (+0.3862) | device_type_1 (-0.1768),Candidate for promotion - higher score
6632,0.00032843,0,added_to_cart (-4.8886) | user_type_0 (-0.3160) | device_type_0 (-0.1811),Retention/engagement nudge
3865,0.00041891,0,added_to_cart (-4.8886) | user_type_0 (-0.3160) | visit_season_0 (-0.1830),Retention/engagement nudge
14055,0.56353820,0,added_to_cart (+3.3972) | user_type_0 (-0.3160) | visit_season_0 (-0.1830),Investigate checkout/discount friction
4142,0.62593834,1,added_to_cart (+3.3972) | user_type_0 (-0.3160) | device_type_1 (-0.1768),Candidate for promotion - threshold-qualified
2641,0.69564746,1,added_to_cart (+3.3972) | user_type_0 (+0.3862) | device_type_1 (-0.1768),Candidate for promotion - higher score
13851,0.58655465,1,added_to_cart (+3.3972) | user_type_0 (-0.3160) | device_type_0 (-0.1811),Candidate for promotion - threshold-qualified
18433,0.00033013,0,added_to_cart (-4.8886) | user_type_0 (-0.3160) | visit_season_1 (-0.1783),Retention/engagement nudge
16863,0.00063676,0,added_to_cart (-4.8886) | user_type_0 (+0.3862) | visit_season_0 (-0.1830),Retention/engagement nudge
20548,0.55699763,0,added_to_cart (+3.3972) | user_type_0 (-0.3160) | visit_season_0 (-0.1830),Investigate checkout/discount friction
18815,0.57303627,1,added_to_cart (+3.3972) | user_type_0 (-0.3160) | device_type_1 (-0.1768),Candidate for promotion - threshold-qualified
17665,0.00037567,0,added_to_cart (-4.8886) | user_type_0 (-0.3160) | device_type_1 (-0.1768),Retention/engagement nudge
15699,0.60968400,1,added_to_cart (+3.3972) | user_type_0 (-0.3160) | device_type_1 (-0.1768),Candidate for promotion - threshold-qualified
18172,0.68882533,1,added_to_cart (+3.3972) | user_type_0 (+0.3862) | device_type_0 (-0.1811),Candidate for promotion - higher score
20125,0.00055049,0,added_to_cart (-4.8886) | user_type_0 (+0.3862) | device_type_1 (-0.1768),Retention/engagement nudge
22853,0.69240865,1,added_to_cart (+3.3972) | user_type_0 (+0.3862) | visit_season_0 (-0.1830),Candidate for promotion - higher score
10536,0.00067288,0,added_to_cart (-4.8886) | user_type_0 (+0.3862) | device_type_1 (-0.1768),Retention/engagement nudge
7997,0.51181926,0,added_to_cart (+3.3972) | user_type_0 (-0.3160) | device_type_0 (-0.1811),Investigate checkout/discount friction
23071,0.58299579,1,added_to_cart (+3.3972) | user_type_0 (-0.3160) | device_type_0 (-0.1811),Candidate for promotion - threshold-qualified
3647,0.00041971,0,added_to_cart (-4.8886) | user_type_0 (+0.3862) | time_on_site_sec (-0.1946),Retention/engagement nudge
12416,0.56086430,0,added_to_cart (+3.3972) | user_type_0 (-0.3160) | device_type_0 (-0.1811),Investigate checkout/discount friction
14778,0.66529219,1,added_to_cart (+3.3972) | user_type_0 (+0.3862) | device_type_0 (-0.1811),Candidate for promotion - threshold-qualified
22823,0.68301075,1,added_to_cart (+3.3972) | user_type_0 (+0.3862) | device_type_1 (-0.1768),Candidate for promotion - higher score
3206,0.00053963,0,added_to_cart (-4.8886) | user_type_0 (+0.3862) | device_type_1 (-0.1768),Retention/engagement nudge
15134,0.52762646,0,added_to_cart (+3.3972) | user_type_0 (-0.3160) | time_on_site_sec (-0.2005),Investigate checkout/discount friction
14136,0.00042730,0,added_to_cart (-4.8886) | user_type_0 (-0.3160) | device_type_0 (-0.1811),Retention/engagement nudge
14474,0.54362821,0,added_to_cart (+3.3972) | user_type_0 (-0.3160) | visit_season_0 (-0.1830),Investigate checkout/discount friction
20412,0.57389466,1,added_to_cart (+3.3972) | user_type_0 (-0.3160) | device_type_0 (-0.1811),Candidate for promotion - threshold-qualified
6603,0.71503229,1,added_to_cart (+3.3972) | user_type_0 (+0.3862) | device_type_0 (-0.1811),Candidate for promotion - higher score
3450,0.64045351,1,added_to_cart (+3.3972) | user_type_0 (+0.3862) | device_type_0 (-0.1811),Candidate for promotion - threshold-qualified
14153,0.68243085,1,added_to_cart (+3.3972) | user_type_0 (+0.3862) | device_type_2 (-0.2368),Candidate for promotion - higher score
18919,0.62109200,1,added_to_cart (+3.3972) | user_type_0 (-0.3160) | visit_season_0 (-0.1830),Candidate for promotion - threshold-qualified
5513,0.55317962,0,added_to_cart (+3.3972) | user_type_0 (-0.3160) | visit_season_0 (-0.1830),Investigate checkout/discount friction
11395,0.00044777,0,added_to_cart (-4.8886) | user_type_0 (+0.3862) | device_type_1 (-0.1768),Retention/engagement nudge
22395,0.72600126,1,added_to_cart (+3.3972) | user_type_0 (+0.3862) | device_type_2 (-0.2368),Candidate for promotion - higher score
23711,0.67575199,1,added_to_cart (+3.3972) | user_type_0 (+0.3862) | device_type_0 (-0.1811),Candidate for promotion - higher score
18143,0.65042204,1,added_to_cart (+3.3972) | user_type_0 (+0.3862) | device_type_0 (-0.1811),Candidate for promotion - threshold-qualified
2098,0.00050932,0,added_to_cart (-4.8886) | user_type_0 (+0.3862) | device_type_2 (-0.2368),Retention/engagement nudge
23365,0.74585757,1,added_to_cart (+3.3972) | user_type_0 (+0.3862) | device_type_0 (-0.1811),Candidate for promotion - higher score
991,0.00038623,0,added_to_cart (-4.8886) | user_type_0 (-0.3160) | visit_season_1 (-0.1783),Retention/engagement nudge
2061,0.72597306,1,added_to_cart (+3.3972) | user_type_0 (+0.3862) | visit_season_0 (-0.1830),Candidate for promotion - higher score
719,0.71993223,1,added_to_cart (+3.3972) | user_type_0 (+0.3862) | device_type_1 (-0.1768),Candidate for promotion - higher score
10286,0.00043609,0,added_to_cart (-4.8886) | user_type_0 (-0.3160) | device_type_0 (-0.1811),Retention/engagement nudge
11449,0.59069538,1,added_to_cart (+3.3972) | user_type_0 (-0.3160) | device_type_1 (-0.1768),Candidate for promotion - threshold-qualified
13253,0.71335145,1,added_to_cart (+3.3972) | user_type_0 (+0.3862) | device_type_0 (-0.1811),Candidate for promotion - higher score
176,0.00030059,0,added_to_cart (-4.8886) | user_type_0 (-0.3160) | visit_season_1 (-0.1783),Retention/engagement nudge
1445,0.65761301,1,added_to_cart (+3.3972) | user_type_0 (-0.3160) | device_type_0 (-0.1811),Candidate for promotion - threshold-qualified
15299,0.00071524,0,added_to_cart (-4.8886) | user_type_0 (+0.3862) | device_type_0 (-0.1811),Retention/engagement nudge
1974,0.00057346,0,added_to_cart (-4.8886) | user_type_0 (+0.3862) | device_type_0 (-0.1811),Retention/engagement nudge
2095,0.66861725,1,added_to_cart (+3.3972) | user_type_0 (+0.3862) | device_type_2 (-0.2368),Candidate for promotion - threshold-qualified
3679,0.76341456,1,added_to_cart (+3.3972) | user_type_0 (+0.3862) | device_type_0 (-0.1811),Candidate for promotion - higher score
18419,0.00061938,0,added_to_cart (-4.8886) | user_type_0 (+0.3862) | visit_season_0 (-0.1830),Retention/engagement nudge
12467,0.00033409,0,added_to_cart (-4.8886) | user_type_0 (-0.3160) | device_type_1 (-0.1768),Retention/engagement nudge
4458,0.68167531,1,added_to_cart (+3.3972) | user_type_0 (+0.3862) | device_type_0 (-0.1811),Candidate for promotion - higher score
19105,0.00066178,0,added_to_cart (-4.8886) | user_type_0 (+0.3862) | device_type_1 (-0.1768),Retention/engagement nudge
10726,0.00075862,0,added_to_cart (-4.8886) | user_type_0 (+0.3862) | device_type_1 (-0.1768),Retention/engagement nudge
2100,0.70455268,1,added_to_cart (+3.3972) | user_type_0 (+0.3862) | device_type_0 (-0.1811),Candidate for promotion - higher score
23468,0.59113464,1,added_to_cart (+3.3972) | user_type_0 (-0.3160) | device_type_1 (-0.1768),Candidate for promotion - threshold-qualified
24258,0.00033331,0,added_to_cart (-4.8886) | user_type_0 (-0.3160) | device_type_0 (-0.1811),Retention/engagement nudge
13830,0.61647750,1,added_to_cart (+3.3972) | user_type_0 (-0.3160) | device_type_2 (-0.2368),Candidate for promotion - threshold-qualified
6167,0.67052460,1,added_to_cart (+3.3972) | user_type_0 (+0.3862) | device_type_0 (-0.1811),Candidate for promotion - threshold-qualified
20651,0.00034840,0,added_to_cart (-4.8886) | user_type_0 (-0.3160) | visit_season_0 (-0.1830),Retention/engagement nudge
2833,0.58558955,1,added_to_cart (+3.3972) | user_type_0 (-0.3160) | device_type_1 (-0.1768),Candidate for promotion - threshold-qualified
6201,0.00053868,0,added_to_cart (-4.8886) | user_type_0 (+0.3862) | device_type_0 (-0.1811),Retention/engagement nudge
6163,0.00043805,0,added_to_cart (-4.8886) | user_type_0 (-0.3160) | device_type_0 (-0.1811),Retention/engagement nudge
10027,0.60081313,1,added_to_cart (+3.3972) | user_type_0 (-0.3160) | device_type_2 (-0.2368),Candidate for promotion - threshold-qualified
18866,0.62705252,1,added_to_cart (+3.3972) | user_type_0 (+0.3862) | time_on_site_sec (-0.1843),Candidate for promotion - threshold-qualified
20157,0.71505613,1,added_to_cart (+3.3972) | user_type_0 (+0.3862) | device_type_1 (-0.1768),Candidate for promotion - higher score
6347,0.51725539,0,added_to_cart (+3.3972) | user_type_0 (-0.3160) | device_type_1 (-0.1768),Investigate checkout/discount friction
15394,0.68680122,1,added_to_cart (+3.3972) | user_type_0 (+0.3862) | device_type_1 (-0.1768),Candidate for promotion - higher score
633,0.69160202,1,added_to_cart (+3.3972) | user_type_0 (+0.3862) | time_on_site_sec (-0.1847),Candidate for promotion - higher score
5965,0.60044647,1,added_to_cart (+3.3972) | user_type_0 (-0.3160) | device_type_1 (-0.1768),Candidate for promotion - threshold-qualified
9656,0.52008114,0,added_to_cart (+3.3972) | user_type_0 (-0.3160) | visit_season_0 (-0.1830),Investigate checkout/discount friction
5703,0.74030259,1,added_to_cart (+3.3972) | user_type_0 (+0.3862) | device_type_0 (-0.1811),Candidate for promotion - higher score
2612,0.62035305,1,added_to_cart (+3.3972) | user_type_0 (-0.3160) | device_type_0 (-0.1811),Candidate for promotion - threshold-qualified
3970,0.00047333,0,added_to_cart (-4.8886) | user_type_0 (+0.3862) | visit_season_1 (-0.1783),Retention/engagement nudge
20918,0.73676720,1,added_to_cart (+3.3972) | user_type_0 (+0.3862) | visit_season_1 (-0.1783),Candidate for promotion - higher score
22652,0.00055525,0,added_to_cart (-4.8886) | user_type_0 (+0.3862) | device_type_1 (-0.1768),Retention/engagement nudge
22513,0.63399025,1,added_to_cart (+3.3972) | user_type_0 (+0.3862) | time_on_site_sec (-0.1900),Candidate for promotion - threshold-qualified
20685,0.51729141,0,added_to_cart (+3.3972) | user_type_0 (-0.3160) | visit_season_0 (-0.1830),Investigate checkout/discount friction
8093,0.00052635,0,added_to_cart (-4.8886) | user_type_0 (+0.3862) | visit_season_1 (-0.1783),Retention/engagement nudge
24348,0.70184895,1,added_to_cart (+3.3972) | user_type_0 (+0.3862) | device_type_2 (-0.2368),Candidate for promotion - higher score
6862,0.72130415,1,added_to_cart (+3.3972) | user_type_0 (+0.3862) | device_type_0 (-0.1811),Candidate for promotion - higher score
12733,0.73597188,1,added_to_cart (+3.3972) | user_type_0 (+0.3862) | device_type_0 (-0.1811),Candidate for promotion - higher score
1640,0.69260120,1,added_to_cart (+3.3972) | user_type_0 (+0.3862) | device_type_1 (-0.1768),Candidate for promotion - higher score
18643,0.55502590,0,added_to_cart (+3.3972) | user_type_0 (-0.3160) | device_type_1 (-0.1768),Investigate checkout/discount friction
4845,0.00038693,0,added_to_cart (-4.8886) | user_type_0 (-0.3160) | visit_season_1 (-0.1783),Retention/engagement nudge
22961,0.51517500,0,added_to_cart (+3.3972) | user_type_0 (-0.3160) | visit_season_1 (-0.1783),Investigate checkout/discount friction
1502,0.53162780,0,added_to_cart (+3.3972) | user_type_0 (-0.3160) | device_type_1 (-0.1768),Investigate checkout/discount friction
23931,0.72285708,1,added_to_cart (+3.3972) | user_type_0 (+0.3862) | device_type_2 (-0.2368),Candidate for promotion - higher score
4763,0.65743705,1,added_to_cart (+3.3972) | user_type_0 (+0.3862) | visit_season_0 (-0.1830),Candidate for promotion - threshold-qualified
11494,0.00059191,0,added_to_cart (-4.8886) | user_type_0 (+0.3862) | device_type_1 (-0.1768),Retention/engagement nudge
1275,0.70842410,1,added_to_cart (+3.3972) | user_type_0 (+0.3862) | device_type_2 (-0.2368),Candidate for promotion - higher score
15687,0.58136647,1,added_to_cart (+3.3972) | user_type_0 (-0.3160) | device_type_0 (-0.1811),Candidate for promotion - threshold-qualified
1607,0.70916436,1,added_to_cart (+3.3972) | user_type_0 (+0.3862) | visit_season_0 (-0.1830),Candidate for promotion - higher score
14333,0.58464436,1,added_to_cart (+3.3972) | user_type_0 (-0.3160) | device_type_2 (-0.2368),Candidate for promotion - threshold-qualified
20135,0.58198082,1,added_to_cart (+3.3972) | user_type_0 (-0.3160) | device_type_0 (-0.1811),Candidate for promotion - threshold-qualified
13189,0.68781500,1,added_to_cart (+3.3972) | user_type_0 (+0.3862) | visit_season_1 (-0.1783),Candidate for promotion - higher score
4057,0.71447068,1,added_to_cart (+3.3972) | user_type_0 (+0.3862) | device_type_0 (-0.1811),Candidate for promotion - higher score
24834,0.60297059,1,added_to_cart (+3.3972) | user_type_0 (-0.3160) | visit_season_0 (-0.1830),Candidate for promotion - threshold-qualified
22347,0.66268120,1,added_to_cart (+3.3972) | user_type_0 (+0.3862) | time_on_site_sec (-0.1872),Candidate for promotion - threshold-qualified
15381,0.00060804,0,added_to_cart (-4.8886) | user_type_0 (+0.3862) | visit_season_1 (-0.1783),Retention/engagement nudge
10635,0.69824723,1,added_to_cart (+3.3972) | user_type_0 (+0.3862) | visit_season_1 (-0.1783),Candidate for promotion - higher score
13116,0.71390262,1,added_to_cart (+3.3972) | user_type_0 (+0.3862) | visit_season_0 (-0.1830),Candidate for promotion - higher score
15034,0.57557736,1,added_to_cart (+3.3972) | user_type_0 (-0.3160) | device_type_1 (-0.1768),Candidate for promotion - threshold-qualified
9053,0.65937167,1,added_to_cart (+3.3972) | user_type_0 (-0.3160) | visit_season_0 (-0.1830),Candidate for promotion - threshold-qualified
8106,0.73070138,1,added_to_cart (+3.3972) | user_type_0 (+0.3862) | device_type_0 (-0.1811),Candidate for promotion - higher score
3681,0.00032670,0,added_to_cart (-4.8886) | user_type_0 (-0.3160) | device_type_1 (-0.1768),Retention/engagement nudge
18542,0.00030523,0,added_to_cart (-4.8886) | user_type_0 (-0.3160) | device_type_2 (-0.2368),Retention/engagement nudge
20633,0.60506285,1,added_to_cart (+3.3972) | user_type_0 (-0.3160) | device_type_0 (-0.1811),Candidate for promotion - threshold-qualified
1297,0.71544350,1,added_to_cart (+3.3972) | user_type_0 (+0.3862) | device_type_1 (-0.1768),Candidate for promotion - higher score
15607,0.59534746,1,added_to_cart (+3.3972) | user_type_0 (-0.3160) | device_type_1 (-0.1768),Candidate for promotion - threshold-qualified
13585,0.68258791,1,added_to_cart (+3.3972) | user_type_0 (+0.3862) | device_type_1 (-0.1768),Candidate for promotion - higher score
11318,0.67100124,1,added_to_cart (+3.3972) | user_type_0 (+0.3862) | visit_season_1 (-0.1783),Candidate for promotion - threshold-qualified
6129,0.00035151,0,added_to_cart (-4.8886) | user_type_0 (-0.3160) | device_type_1 (-0.1768),Retention/engagement nudge
11942,0.00056459,0,added_to_cart (-4.8886) | user_type_0 (+0.3862) | device_type_0 (-0.1811),Retention/engagement nudge
17186,0.72223445,1,added_to_cart (+3.3972) | user_type_0 (+0.3862) | visit_season_0 (-0.1830),Candidate for promotion - higher score
17346,0.69857247,1,added_to_cart (+3.3972) | user_type_0 (+0.3862) | visit_season_0 (-0.1830),Candidate for promotion - higher score
17981,0.67029008,1,added_to_cart (+3.3972) | user_type_0 (+0.3862) | visit_season_1 (-0.1783),Candidate for promotion - threshold-qualified
3047,0.56678364,0,added_to_cart (+3.3972) | user_type_0 (-0.3160) | device_type_0 (-0.1811),Investigate checkout/discount friction
11637,0.73932374,1,added_to_cart (+3.3972) | user_type_0 (+0.3862) | device_type_2 (-0.2368),Candidate for promotion - higher score
15896,0.74338714,1,added_to_cart (+3.3972) | user_type_0 (+0.3862) | device_type_1 (-0.1768),Candidate for promotion - higher score
10515,0.71052234,1,added_to_cart (+3.3972) | user_type_0 (+0.3862) | visit_season_0 (-0.1830),Candidate for promotion - higher score
5715,0.64602498,1,added_to_cart (+3.3972) | user_type_0 (+0.3862) | device_type_0 (-0.1811),Candidate for promotion - threshold-qualified
12397,0.00032407,0,added_to_cart (-4.8886) | user_type_0 (-0.3160) | visit_season_1 (-0.1783),Retention/engagement nudge
20237,0.00055781,0,added_to_cart (-4.8886) | user_type_0 (+0.3862) | device_type_1 (-0.1768),Retention/engagement nudge
7668,0.00041730,0,added_to_cart (-4.8886) | user_type_0 (-0.3160) | visit_season_0 (-0.1830),Retention/engagement nudge
24026,0.72186869,1,added_to_cart (+3.3972) | user_type_0 (+0.3862) | visit_season_1 (-0.1783),Candidate for promotion - higher score
5187,0.00036201,0,added_to_cart (-4.8886) | user_type_0 (-0.3160) | visit_season_0 (-0.1830),Retention/engagement nudge
14860,0.00064115,0,added_to_cart (-4.8886) | user_type_0 (+0.3862) | device_type_0 (-0.1811),Retention/engagement nudge
18462,0.69275580,1,added_to_cart (+3.3972) | user_type_0 (-0.3160) | device_type_0 (-0.1811),Candidate for promotion - higher score
17467,0.00035130,0,added_to_cart (-4.8886) | user_type_0 (-0.3160) | visit_season_1 (-0.1783),Retention/engagement nudge
12572,0.55452865,0,added_to_cart (+3.3972) | user_type_0 (-0.3160) | device_type_0 (-0.1811),Investigate checkout/discount friction
16934,0.60638257,1,added_to_cart (+3.3972) | user_type_0 (-0.3160) | visit_season_0 (-0.1830),Candidate for promotion - threshold-qualified
22035,0.00055319,0,added_to_cart (-4.8886) | user_type_0 (+0.3862) | device_type_1 (-0.1768),Retention/engagement nudge
9151,0.00045688,0,added_to_cart (-4.8886) | user_type_0 (+0.3862) | device_type_0 (-0.1811),Retention/engagement nudge
16359,0.00061940,0,added_to_cart (-4.8886) | user_type_0 (+0.3862) | visit_season_1 (-0.1783),Retention/engagement nudge
8426,0.00048058,0,added_to_cart (-4.8886) | user_type_0 (-0.3160) | device_type_0 (-0.1811),Retention/engagement nudge
19871,0.71750228,1,added_to_cart (+3.3972) | user_type_0 (+0.3862) | device_type_2 (-0.2368),Candidate for promotion - higher score
2625,0.00026488,0,added_to_cart (-4.8886) | user_type_0 (-0.3160) | visit_season_0 (-0.1830),Retention/engagement nudge
11937,0.00032975,0,added_to_cart (-4.8886) | user_type_0 (-0.3160) | device_type_2 (-0.2368),Retention/engagement nudge
1011,0.69403938,1,added_to_cart (+3.3972) | user_type_0 (+0.3862) | device_type_0 (-0.1811),Candidate for promotion - higher score
8920,0.60264740,1,added_to_cart (+3.3972) | user_type_0 (-0.3160) | device_type_0 (-0.1811),Candidate for promotion - threshold-qualified
21763,0.72215649,1,added_to_cart (+3.3972) | user_type_0 (+0.3862) | visit_season_0 (-0.1830),Candidate for promotion - higher score
8131,0.59953333,1,added_to_cart (+3.3972) | user_type_0 (-0.3160) | visit_season_0 (-0.1830),Candidate for promotion - threshold-qualified
2528,0.60881781,1,added_to_cart (+3.3972) | user_type_0 (-0.3160) | device_type_0 (-0.1811),Candidate for promotion - threshold-qualified
5864,0.00042340,0,added_to_cart (-4.8886) | user_type_0 (-0.3160) | device_type_0 (-0.1811),Retention/engagement nudge
2473,0.00030339,0,added_to_cart (-4.8886) | user_type_0 (-0.3160) | device_type_0 (-0.1811),Retention/engagement nudge
13699,0.62497186,1,added_to_cart (+3.3972) | user_type_0 (-0.3160) | visit_season_0 (-0.1830),Candidate for promotion - threshold-qualified
13563,0.70594353,1,added_to_cart (+3.3972) | user_type_0 (+0.3862) | device_type_1 (-0.1768),Candidate for promotion - higher score
24296,0.52755365,0,added_to_cart (+3.3972) | user_type_0 (-0.3160) | device_type_0 (-0.1811),Investigate checkout/discount friction
16767,0.71054786,1,added_to_cart (+3.3972) | user_type_0 (+0.3862) | device_type_0 (-0.1811),Candidate for promotion - higher score
23574,0.00030902,0,added_to_cart (-4.8886) | user_type_0 (-0.3160) | device_type_2 (-0.2368),Retention/engagement nudge
21640,0.00064560,0,added_to_cart (-4.8886) | user_type_0 (+0.3862) | device_type_1 (-0.1768),Retention/engagement nudge
9481,0.68562912,1,added_to_cart (+3.3972) | user_type_0 (+0.3862) | visit_season_1 (-0.1783),Candidate for promotion - higher score
22188,0.67572043,1,added_to_cart (+3.3972) | user_type_0 (+0.3862) | visit_season_1 (-0.1783),Candidate for promotion - higher score
6598,0.67076951,1,added_to_cart (+3.3972) | user_type_0 (+0.3862) | device_type_0 (-0.1811),Candidate for promotion - threshold-qualified
17693,0.00062896,0,added_to_cart (-4.8886) | user_type_0 (+0.3862) | device_type_1 (-0.1768),Retention/engagement nudge
5542,0.00038751,0,added_to_cart (-4.8886) | user_type_0 (-0.3160) | device_type_1 (-0.1768),Retention/engagement nudge
5471,0.00060899,0,added_to_cart (-4.8886) | user_type_0 (+0.3862) | device_type_2 (-0.2368),Retention/engagement nudge
22493,0.00029484,0,added_to_cart (-4.8886) | user_type_0 (-0.3160) | visit_season_1 (-0.1783),Retention/engagement nudge
883,0.00030887,0,added_to_cart (-4.8886) | user_type_0 (-0.3160) | device_type_1 (-0.1768),Retention/engagement nudge
13618,0.00030757,0,added_to_cart (-4.8886) | user_type_0 (-0.3160) | device_type_0 (-0.1811),Retention/engagement nudge
3801,0.70586976,1,added_to_cart (+3.3972) | user_type_0 (+0.3862) | device_type_0 (-0.1811),Candidate for promotion - higher score
13326,0.60367536,1,added_to_cart (+3.3972) | user_type_0 (-0.3160) | visit_season_0 (-0.1830),Candidate for promotion - threshold-qualified
20255,0.70399166,1,added_to_cart (+3.3972) | user_type_0 (+0.3862) | device_type_0 (-0.1811),Candidate for promotion - higher score
13624,0.00032116,0,added_to_cart (-4.8886) | user_type_0 (-0.3160) | device_type_0 (-0.1811),Retention/engagement nudge
15379,0.69658513,1,added_to_cart (+3.3972) | user_type_0 (-0.3160) | device_type_0 (-0.1811),Candidate for promotion - higher score
7967,0.56092733,0,added_to_cart (+3.3972) | user_type_0 (-0.3160) | visit_season_1 (-0.1783),Investigate checkout/discount friction
849,0.63191696,1,added_to_cart (+3.3972) | user_type_0 (-0.3160) | device_type_2 (-0.2368),Candidate for promotion - threshold-qualified
5417,0.74131893,1,added_to_cart (+3.3972) | user_type_0 (+0.3862) | device_type_0 (-0.1811),Candidate for promotion - higher score
4597,0.68381376,1,added_to_cart (+3.3972) | user_type_0 (+0.3862) | device_type_2 (-0.2368),Candidate for promotion - higher score
2791,0.70401794,1,added_to_cart (+3.3972) | user_type_0 (+0.3862) | visit_season_0 (-0.1830),Candidate for promotion - higher score
13420,0.69142406,1,added_to_cart (+3.3972) | user_type_0 (+0.3862) | visit_season_0 (-0.1830),Candidate for promotion - higher score
2258,0.00055499,0,added_to_cart (-4.8886) | user_type_0 (+0.3862) | device_type_1 (-0.1768),Retention/engagement nudge
16751,0.58657784,1,added_to_cart (+3.3972) | user_type_0 (-0.3160) | device_type_0 (-0.1811),Candidate for promotion - threshold-qualified
23130,0.61520693,1,added_to_cart (+3.3972) | user_type_0 (-0.3160) | device_type_2 (-0.2368),Candidate for promotion - threshold-qualified
11532,0.65781502,1,added_to_cart (+3.3972) | user_type_0 (+0.3862) | visit_season_0 (-0.1830),Candidate for promotion - threshold-qualified
23087,0.00063287,0,added_to_cart (-4.8886) | user_type_0 (+0.3862) | visit_season_1 (-0.1783),Retention/engagement nudge
13093,0.67464660,1,added_to_cart (+3.3972) | user_type_0 (+0.3862) | device_type_0 (-0.1811),Candidate for promotion - higher score
9378,0.51541795,0,added_to_cart (+3.3972) | user_type_0 (-0.3160) | device_type_0 (-0.1811),Investigate checkout/discount friction
15236,0.65381097,1,added_to_cart (+3.3972) | user_type_0 (+0.3862) | visit_season_0 (-0.1830),Candidate for promotion - threshold-qualified
7569,0.72801231,1,added_to_cart (+3.3972) | user_type_0 (+0.3862) | visit_season_0 (-0.1830),Candidate for promotion - higher score
24211,0.00050307,0,added_to_cart (-4.8886) | user_type_0 (+0.3862) | device_type_0 (-0.1811),Retention/engagement nudge
9049,0.00053792,0,added_to_cart (-4.8886) | user_type_0 (+0.3862) | device_type_0 (-0.1811),Retention/engagement nudge
7034,0.00075316,0,added_to_cart (-4.8886) | user_type_0 (+0.3862) | visit_season_0 (-0.1830),Retention/engagement nudge
13374,0.61932980,1,added_to_cart (+3.3972) | user_type_0 (-0.3160) | visit_season_0 (-0.1830),Candidate for promotion - threshold-qualified
793,0.70699919,1,added_to_cart (+3.3972) | user_type_0 (+0.3862) | device_type_0 (-0.1811),Candidate for promotion - higher score
22820,0.67007248,1,added_to_cart (+3.3972) | user_type_0 (+0.3862) | device_type_0 (-0.1811),Candidate for promotion - threshold-qualified
10017,0.64170080,1,added_to_cart (+3.3972) | user_type_0 (+0.3862) | visit_season_0 (-0.1830),Candidate for promotion - threshold-qualified
14401,0.61147462,1,added_to_cart (+3.3972) | user_type_0 (-0.3160) | device_type_2 (-0.2368),Candidate for promotion - threshold-qualified
17504,0.63189721,1,added_to_cart (+3.3972) | user_type_0 (+0.3862) | device_type_1 (-0.1768),Candidate for promotion - threshold-qualified
12331,0.00054124,0,added_to_cart (-4.8886) | user_type_0 (+0.3862) | device_type_0 (-0.1811),Retention/engagement nudge
13631,0.00062024,0,added_to_cart (-4.8886) | user_type_0 (+0.3862) | device_type_0 (-0.1811),Retention/engagement nudge
12062,0.56128687,0,added_to_cart (+3.3972) | user_type_0 (-0.3160) | device_type_1 (-0.1768),Investigate checkout/discount friction
19155,0.00049353,0,added_to_cart (-4.8886) | user_type_0 (+0.3862) | device_type_0 (-0.1811),Retention/engagement nudge
21229,0.00072752,0,added_to_cart (-4.8886) | user_type_0 (+0.3862) | device_type_2 (-0.2368),Retention/engagement nudge
19144,0.69579837,1,added_to_cart (+3.3972) | user_type_0 (+0.3862) | visit_season_0 (-0.1830),Candidate for promotion - higher score
8948,0.00044301,0,added_to_cart (-4.8886) | user_type_0 (-0.3160) | device_type_0 (-0.1811),Retention/engagement nudge
15324,0.00051955,0,added_to_cart (-4.8886) | user_type_0 (+0.3862) | device_type_1 (-0.1768),Retention/engagement nudge
21252,0.00029889,0,added_to_cart (-4.8886) | user_type_0 (-0.3160) | device_type_0 (-0.1811),Retention/engagement nudge
21900,0.69173280,1,added_to_cart (+3.3972) | user_type_0 (+0.3862) | device_type_1 (-0.1768),Candidate for promotion - higher score
6076,0.55791118,0,added_to_cart (+3.3972) | user_type_0 (-0.3160) | device_type_1 (-0.1768),Investigate checkout/discount friction
10582,0.72864241,1,added_to_cart (+3.3972) | user_type_0 (+0.3862) | device_type_1 (-0.1768),Candidate for promotion - higher score
7165,0.00064028,0,added_to_cart (-4.8886) | user_type_0 (+0.3862) | visit_season_0 (-0.1830),Retention/engagement nudge
13073,0.61960587,1,added_to_cart (+3.3972) | user_type_0 (-0.3160) | device_type_2 (-0.2368),Candidate for promotion - threshold-qualified
8035,0.00030948,0,added_to_cart (-4.8886) | user_type_0 (-0.3160) | device_type_1 (-0.1768),Retention/engagement nudge
6346,0.00031532,0,added_to_cart (-4.8886) | user_type_0 (-0.3160) | visit_season_1 (-0.1783),Retention/engagement nudge
22404,0.00034935,0,added_to_cart (-4.8886) | user_type_0 (-0.3160) | visit_season_1 (-0.1783),Retention/engagement nudge
10338,0.66332592,1,added_to_cart (+3.3972) | user_type_0 (-0.3160) | device_type_0 (-0.1811),Candidate for promotion - threshold-qualified
22719,0.00036315,0,added_to_cart (-4.8886) | user_type_0 (-0.3160) | device_type_1 (-0.1768),Retention/engagement nudge
452,0.00056225,0,added_to_cart (-4.8886) | user_type_0 (+0.3862) | visit_season_1 (-0.1783),Retention/engagement nudge
10619,0.65884601,1,added_to_cart (+3.3972) | user_type_0 (+0.3862) | visit_season_0 (-0.1830),Candidate for promotion - threshold-qualified
23746,0.70255150,1,added_to_cart (+3.3972) | user_type_0 (+0.3862) | device_type_0 (-0.1811),Candidate for promotion - higher score
17337,0.54944982,0,added_to_cart (+3.3972) | user_type_0 (-0.3160) | visit_season_0 (-0.1830),Investigate checkout/discount friction
5973,0.00026852,0,added_to_cart (-4.8886) | user_type_0 (-0.3160) | device_type_1 (-0.1768),Retention/engagement nudge
4041,0.68059967,1,added_to_cart (+3.3972) | user_type_0 (+0.3862) | visit_season_1 (-0.1783),Candidate for promotion - higher score
10474,0.00063511,0,added_to_cart (-4.8886) | user_type_0 (+0.3862) | device_type_0 (-0.1811),Retention/engagement nudge
15804,0.66070928,1,added_to_cart (+3.3972) | user_type_0 (+0.3862) | device_type_1 (-0.1768),Candidate for promotion - threshold-qualified
18103,0.65798757,1,added_to_cart (+3.3972) | user_type_0 (+0.3862) | visit_season_0 (-0.1830),Candidate for promotion - threshold-qualified
1627,0.00048774,0,added_to_cart (-4.8886) | user_type_0 (+0.3862) | visit_season_0 (-0.1830),Retention/engagement nudge
14636,0.00063759,0,added_to_cart (-4.8886) | user_type_0 (+0.3862) | device_type_0 (-0.1811),Retention/engagement nudge
6196,0.71637134,1,added_to_cart (+3.3972) | user_type_0 (+0.3862) | device_type_1 (-0.1768),Candidate for promotion - higher score
7020,0.64257711,1,added_to_cart (+3.3972) | user_type_0 (+0.3862) | visit_season_0 (-0.1830),Candidate for promotion - threshold-qualified
95,0.00042540,0,added_to_cart (-4.8886) | user_type_0 (-0.3160) | visit_season_1 (-0.1783),Retention/engagement nudge
14162,0.00056466,0,added_to_cart (-4.8886) | user_type_0 (+0.3862) | device_type_2 (-0.2368),Retention/engagement nudge
22993,0.64373709,1,added_to_cart (+3.3972) | user_type_0 (+0.3862) | visit_season_1 (-0.1783),Candidate for promotion - threshold-qualified
16798,0.00065867,0,added_to_cart (-4.8886) | user_type_0 (+0.3862) | device_type_0 (-0.1811),Retention/engagement nudge
23366,0.53202198,0,added_to_cart (+3.3972) | user_type_0 (-0.3160) | visit_season_0 (-0.1830),Investigate checkout/discount friction
1232,0.68450187,1,added_to_cart (+3.3972) | user_type_0 (+0.3862) | time_on_site_sec (-0.1849),Candidate for promotion - higher score
16721,0.00054117,0,added_to_cart (-4.8886) | user_type_0 (+0.3862) | visit_season_1 (-0.1783),Retention/engagement nudge
12230,0.66841387,1,added_to_cart (+3.3972) | user_type_0 (+0.3862) | visit_season_0 (-0.1830),Candidate for promotion - threshold-qualified
329,0.58640922,1,added_to_cart (+3.3972) | user_type_0 (-0.3160) | visit_season_1 (-0.1783),Candidate for promotion - threshold-qualified
23692,0.57068304,0,added_to_cart (+3.3972) | user_type_0 (-0.3160) | device_type_2 (-0.2368),Investigate checkout/discount friction
3138,0.70258524,1,added_to_cart (+3.3972) | user_type_0 (+0.3862) | device_type_0 (-0.1811),Candidate for promotion - higher score
5582,0.00054746,0,added_to_cart (-4.8886) | user_type_0 (+0.3862) | visit_season_0 (-0.1830),Retention/engagement nudge
15216,0.53648157,0,added_to_cart (+3.3972) | user_type_0 (-0.3160) | device_type_2 (-0.2368),Investigate checkout/discount friction
6475,0.00062173,0,added_to_cart (-4.8886) | user_type_0 (+0.3862) | device_type_0 (-0.1811),Retention/engagement nudge
11199,0.00059428,0,added_to_cart (-4.8886) | user_type_0 (+0.3862) | device_type_1 (-0.1768),Retention/engagement nudge
13299,0.65669938,1,added_to_cart (+3.3972) | user_type_0 (-0.3160) | device_type_0 (-0.1811),Candidate for promotion - threshold-qualified
19451,0.00061742,0,added_to_cart (-4.8886) | user_type_0 (+0.3862) | device_type_0 (-0.1811),Retention/engagement nudge
13462,0.58474534,1,added_to_cart (+3.3972) | user_type_0 (-0.3160) | device_type_1 (-0.1768),Candidate for promotion - threshold-qualified
4146,0.58451740,1,added_to_cart (+3.3972) | user_type_0 (-0.3160) | visit_season_1 (-0.1783),Candidate for promotion - threshold-qualified
10755,0.00029295,0,added_to_cart (-4.8886) | user_type_0 (-0.3160) | time_on_site_sec (-0.1923),Retention/engagement nudge
7329,0.00050558,0,added_to_cart (-4.8886) | user_type_0 (+0.3862) | device_type_0 (-0.1811),Retention/engagement nudge
8859,0.00051925,0,added_to_cart (-4.8886) | user_type_0 (+0.3862) | device_type_1 (-0.1768),Retention/engagement nudge
18134,0.00058873,0,added_to_cart (-4.8886) | user_type_0 (+0.3862) | device_type_1 (-0.1768),Retention/engagement nudge
19065,0.00064404,0,added_to_cart (-4.8886) | user_type_0 (+0.3862) | visit_season_0 (-0.1830),Retention/engagement nudge
22536,0.00045592,0,added_to_cart (-4.8886) | user_type_0 (+0.3862) | device_type_1 (-0.1768),Retention/engagement nudge
10982,0.51964790,0,added_to_cart (+3.3972) | user_type_0 (-0.3160) | visit_season_0 (-0.1830),Investigate checkout/discount friction
16395,0.00043970,0,added_to_cart (-4.8886) | user_type_0 (-0.3160) | device_type_2 (-0.2368),Retention/engagement nudge
4857,0.55211229,0,added_to_cart (+3.3972) | user_type_0 (-0.3160) | device_type_1 (-0.1768),Investigate checkout/discount friction
3929,0.69439836,1,added_to_cart (+3.3972) | user_type_0 (+0.3862) | visit_season_0 (-0.1830),Candidate for promotion - higher score
4191,0.74192404,1,added_to_cart (+3.3972) | user_type_0 (+0.3862) | device_type_0 (-0.1811),Candidate for promotion - higher score
24658,0.58106277,1,added_to_cart (+3.3972) | user_type_0 (-0.3160) | device_type_1 (-0.1768),Candidate for promotion - threshold-qualified
11174,0.70199874,1,added_to_cart (+3.3972) | user_type_0 (+0.3862) | visit_season_1 (-0.1783),Candidate for promotion - higher score
11798,0.66748411,1,added_to_cart (+3.3972) | user_type_0 (+0.3862) | time_on_site_sec (-0.1832),Candidate for promotion - threshold-qualified
5360,0.00034391,0,added_to_cart (-4.8886) | user_type_0 (-0.3160) | device_type_0 (-0.1811),Retention/engagement nudge
8752,0.00043635,0,added_to_cart (-4.8886) | user_type_0 (-0.3160) | device_type_1 (-0.1768),Retention/engagement nudge
19981,0.69047162,1,added_to_cart (+3.3972) | user_type_0 (+0.3862) | visit_season_0 (-0.1830),Candidate for promotion - higher score
12767,0.68041352,1,added_to_cart (+3.3972) | user_type_0 (+0.3862) | device_type_1 (-0.1768),Candidate for promotion - higher score
20495,0.67444351,1,added_to_cart (+3.3972) | user_type_0 (+0.3862) | device_type_0 (-0.1811),Candidate for promotion - higher score
3759,0.63327509,1,added_to_cart (+3.3972) | user_type_0 (-0.3160) | device_type_1 (-0.1768),Candidate for promotion - threshold-qualified
6256,0.00033352,0,added_to_cart (-4.8886) | user_type_0 (-0.3160) | visit_season_0 (-0.1830),Retention/engagement nudge
10280,0.00045515,0,added_to_cart (-4.8886) | user_type_0 (+0.3862) | visit_season_0 (-0.1830),Retention/engagement nudge
17604,0.00037430,0,added_to_cart (-4.8886) | user_type_0 (-0.3160) | visit_season_1 (-0.1783),Retention/engagement nudge
24734,0.00052651,0,added_to_cart (-4.8886) | user_type_0 (-0.3160) | device_type_1 (-0.1768),Retention/engagement nudge
7612,0.60714498,1,added_to_cart (+3.3972) | user_type_0 (-0.3160) | device_type_0 (-0.1811),Candidate for promotion - threshold-qualified
15,0.00040096,0,added_to_cart (-4.8886) | user_type_0 (+0.3862) | device_type_1 (-0.1768),Retention/engagement nudge
23772,0.00055638,0,added_to_cart (-4.8886) | user_type_0 (+0.3862) | device_type_1 (-0.1768),Retention/engagement nudge
10451,0.00045646,0,added_to_cart (-4.8886) | user_type_0 (+0.3862) | time_on_site_sec (-0.1967),Retention/engagement nudge
2396,0.52557977,0,added_to_cart (+3.3972) | user_type_0 (-0.3160) | device_type_1 (-0.1768),Investigate checkout/discount friction
1199,0.00034130,0,added_to_cart (-4.8886) | user_type_0 (-0.3160) | visit_season_1 (-0.1783),Retention/engagement nudge
9144,0.54386557,0,added_to_cart (+3.3972) | user_type_0 (-0.3160) | device_type_1 (-0.1768),Investigate checkout/discount friction
11456,0.72227547,1,added_to_cart (+3.3972) | user_type_0 (+0.3862) | device_type_1 (-0.1768),Candidate for promotion - higher score
3092,0.73469821,1,added_to_cart (+3.3972) | user_type_0 (+0.3862) | device_type_0 (-0.1811),Candidate for promotion - higher score
29,0.69165762,1,added_to_cart (+3.3972) | user_type_0 (+0.3862) | device_type_0 (-0.1811),Candidate for promotion - higher score
4241,0.00050653,0,added_to_cart (-4.8886) | user_type_0 (+0.3862) | device_type_1 (-0.1768),Retention/engagement nudge
1267,0.64295153,1,added_to_cart (+3.3972) | user_type_0 (+0.3862) | device_type_1 (-0.1768),Candidate for promotion - threshold-qualified
6832,0.00038472,0,added_to_cart (-4.8886) | user_type_0 (-0.3160) | visit_season_1 (-0.1783),Retention/engagement nudge
21401,0.73046957,1,added_to_cart (+3.3972) | user_type_0 (+0.3862) | device_type_0 (-0.1811),Candidate for promotion - higher score
16733,0.59035019,1,added_to_cart (+3.3972) | user_type_0 (-0.3160) | visit_season_1 (-0.1783),Candidate for promotion - threshold-qualified
11795,0.59200373,1,added_to_cart (+3.3972) | user_type_0 (-0.3160) | device_type_2 (-0.2368),Candidate for promotion - threshold-qualified
14339,0.61097363,1,added_to_cart (+3.3972) | user_type_0 (-0.3160) | device_type_2 (-0.2368),Candidate for promotion - threshold-qualified
16293,0.71662465,1,added_to_cart (+3.3972) | user_type_0 (+0.3862) | visit_season_0 (-0.1830),Candidate for promotion - higher score
7209,0.69849806,1,added_to_cart (+3.3972) | user_type_0 (+0.3862) | device_type_1 (-0.1768),Candidate for promotion - higher score
15398,0.62848973,1,added_to_cart (+3.3972) | user_type_0 (-0.3160) | device_type_2 (-0.2368),Candidate for promotion - threshold-qualified
16423,0.77612783,1,added_to_cart (+3.3972) | user_type_0 (+0.3862) | device_type_1 (-0.1768),Candidate for promotion - higher score
12353,0.68515983,1,added_to_cart (+3.3972) | user_type_0 (+0.3862) | device_type_1 (-0.1768),Candidate for promotion - higher score
6664,0.67426312,1,added_to_cart (+3.3972) | user_type_0 (+0.3862) | visit_season_0 (-0.1830),Candidate for promotion - higher score
24589,0.00055574,0,added_to_cart (-4.8886) | user_type_0 (+0.3862) | device_type_1 (-0.1768),Retention/engagement nudge
9789,0.67871731,1,added_to_cart (+3.3972) | user_type_0 (+0.3862) | device_type_1 (-0.1768),Candidate for promotion - higher score
8435,0.69620176,1,added_to_cart (+3.3972) | user_type_0 (+0.3862) | visit_season_1 (-0.1783),Candidate for promotion - higher score
21207,0.00037623,0,added_to_cart (-4.8886) | user_type_0 (-0.3160) | visit_season_0 (-0.1830),Retention/engagement nudge
9620,0.71161029,1,added_to_cart (+3.3972) | user_type_0 (+0.3862) | device_type_1 (-0.1768),Candidate for promotion - higher score
22701,0.56744984,0,added_to_cart (+3.3972) | user_type_0 (-0.3160) | device_type_0 (-0.1811),Investigate checkout/discount friction
8797,0.73885922,1,added_to_cart (+3.3972) | user_type_0 (+0.3862) | device_type_2 (-0.2368),Candidate for promotion - higher score
21916,0.00042438,0,added_to_cart (-4.8886) | user_type_0 (-0.3160) | device_type_0 (-0.1811),Retention/engagement nudge
2579,0.00060477,0,added_to_cart (-4.8886) | user_type_0 (+0.3862) | device_type_1 (-0.1768),Retention/engagement nudge
4696,0.00065713,0,added_to_cart (-4.8886) | user_type_0 (+0.3862) | device_type_0 (-0.1811),Retention/engagement nudge
7723,0.68509779,1,added_to_cart (+3.3972) | user_type_0 (+0.3862) | visit_season_1 (-0.1783),Candidate for promotion - higher score
23930,0.67885538,1,added_to_cart (+3.3972) | user_type_0 (+0.3862) | visit_season_1 (-0.1783),Candidate for promotion - higher score
15508,0.67236580,1,added_to_cart (+3.3972) | user_type_0 (+0.3862) | device_type_0 (-0.1811),Candidate for promotion - threshold-qualified
3628,0.72227152,1,added_to_cart (+3.3972) | user_type_0 (+0.3862) | device_type_0 (-0.1811),Candidate for promotion - higher score
23343,0.00036890,0,added_to_cart (-4.8886) | user_type_0 (-0.3160) | visit_season_1 (-0.1783),Retention/engagement nudge
23738,0.71678135,1,added_to_cart (+3.3972) | user_type_0 (+0.3862) | device_type_0 (-0.1811),Candidate for promotion - higher score
18626,0.00030058,0,added_to_cart (-4.8886) | user_type_0 (-0.3160) | device_type_1 (-0.1768),Retention/engagement nudge
23214,0.65976015,1,added_to_cart (+3.3972) | user_type_0 (+0.3862) | device_type_0 (-0.1811),Candidate for promotion - threshold-qualified
24161,0.55740562,0,added_to_cart (+3.3972) | user_type_0 (-0.3160) | device_type_1 (-0.1768),Investigate checkout/discount friction
837,0.68675419,1,added_to_cart (+3.3972) | user_type_0 (+0.3862) | visit_season_1 (-0.1783),Candidate for promotion - higher score
23706,0.66909323,1,added_to_cart (+3.3972) | user_type_0 (+0.3862) | visit_season_0 (-0.1830),Candidate for promotion - threshold-qualified
14999,0.00033330,0,added_to_cart (-4.8886) | user_type_0 (-0.3160) | device_type_1 (-0.1768),Retention/engagement nudge
14400,0.71168007,1,added_to_cart (+3.3972) | user_type_0 (+0.3862) | visit_season_0 (-0.1830),Candidate for promotion - higher score
19796,0.00030424,0,added_to_cart (-4.8886) | user_type_0 (-0.3160) | visit_season_1 (-0.1783),Retention/engagement nudge
3687,0.00040906,0,added_to_cart (-4.8886) | user_type_0 (-0.3160) | visit_season_1 (-0.1783),Retention/engagement nudge
23827,0.00042799,0,added_to_cart (-4.8886) | user_type_0 (+0.3862) | time_on_site_sec (-0.1969),Retention/engagement nudge
16455,0.63836919,1,added_to_cart (+3.3972) | user_type_0 (+0.3862) | visit_season_1 (-0.1783),Candidate for promotion - threshold-qualified
21115,0.57693995,1,added_to_cart (+3.3972) | user_type_0 (-0.3160) | device_type_1 (-0.1768),Candidate for promotion - threshold-qualified
16561,0.00032523,0,added_to_cart (-4.8886) | user_type_0 (-0.3160) | visit_season_0 (-0.1830),Retention/engagement nudge
3802,0.54583952,0,added_to_cart (+3.3972) | user_type_0 (-0.3160) | time_on_site_sec (-0.1887),Investigate checkout/discount friction
5180,0.00048989,0,added_to_cart (-4.8886) | user_type_0 (-0.3160) | device_type_0 (-0.1811),Retention/engagement nudge
2561,0.57453534,1,added_to_cart (+3.3972) | user_type_0 (-0.3160) | device_type_0 (-0.1811),Candidate for promotion - threshold-qualified
791,0.52403275,0,added_to_cart (+3.3972) | user_type_0 (-0.3160) | device_type_1 (-0.1768),Investigate checkout/discount friction
10282,0.00027503,0,added_to_cart (-4.8886) | user_type_0 (-0.3160) | visit_season_1 (-0.1783),Retention/engagement nudge
5969,0.56990248,0,added_to_cart (+3.3972) | user_type_0 (-0.3160) | device_type_0 (-0.1811),Investigate checkout/discount friction
23005,0.73345897,1,added_to_cart (+3.3972) | user_type_0 (+0.3862) | device_type_0 (-0.1811),Candidate for promotion - higher score
5141,0.56598640,0,added_to_cart (+3.3972) | user_type_0 (-0.3160) | device_type_2 (-0.2368),Investigate checkout/discount friction
2361,0.67583889,1,added_to_cart (+3.3972) | user_type_0 (+0.3862) | device_type_0 (-0.1811),Candidate for promotion - higher score
2570,0.00030619,0,added_to_cart (-4.8886) | user_type_0 (-0.3160) | device_type_1 (-0.1768),Retention/engagement nudge
2847,0.69924298,1,added_to_cart (+3.3972) | user_type_0 (+0.3862) | device_type_1 (-0.1768),Candidate for promotion - higher score
19586,0.53675254,0,added_to_cart (+3.3972) | user_type_0 (-0.3160) | device_type_2 (-0.2368),Investigate checkout/discount friction
23094,0.71195742,1,added_to_cart (+3.3972) | user_type_0 (+0.3862) | visit_season_1 (-0.1783),Candidate for promotion - higher score
17683,0.55624640,0,added_to_cart (+3.3972) | user_type_0 (-0.3160) | visit_season_1 (-0.1783),Investigate checkout/discount friction
24155,0.00039210,0,added_to_cart (-4.8886) | user_type_0 (-0.3160) | visit_season_1 (-0.1783),Retention/engagement nudge
11,0.74695691,1,added_to_cart (+3.3972) | user_type_0 (+0.3862) | device_type_0 (-0.1811),Candidate for promotion - higher score
679,0.76712763,1,added_to_cart (+3.3972) | user_type_0 (+0.3862) | device_type_0 (-0.1811),Candidate for promotion - higher score
18326,0.00030951,0,added_to_cart (-4.8886) | user_type_0 (-0.3160) | visit_season_0 (-0.1830),Retention/engagement nudge
20720,0.71885865,1,added_to_cart (+3.3972) | user_type_0 (+0.3862) | device_type_0 (-0.1811),Candidate for promotion - higher score
17375,0.68219952,1,added_to_cart (+3.3972) | user_type_0 (+0.3862) | visit_season_0 (-0.1830),Candidate for promotion - higher score
2177,0.00032456,0,added_to_cart (-4.8886) | user_type_0 (-0.3160) | device_type_0 (-0.1811),Retention/engagement nudge
17016,0.56555748,0,added_to_cart (+3.3972) | user_type_0 (-0.3160) | device_type_1 (-0.1768),Investigate checkout/discount friction
15319,0.70673871,1,added_to_cart (+3.3972) | user_type_0 (+0.3862) | visit_season_0 (-0.1830),Candidate for promotion - higher score
21122,0.62132858,1,added_to_cart (+3.3972) | user_type_0 (+0.3862) | time_on_site_sec (-0.1868),Candidate for promotion - threshold-qualified
14743,0.70966960,1,added_to_cart (+3.3972) | user_type_0 (+0.3862) | device_type_0 (-0.1811),Candidate for promotion - higher score
5344,0.64277585,1,added_to_cart (+3.3972) | user_type_0 (+0.3862) | time_on_site_sec (-0.1847),Candidate for promotion - threshold-qualified
707,0.67349149,1,added_to_cart (+3.3972) | user_type_0 (+0.3862) | device_type_0 (-0.1811),Candidate for promotion - higher score
21146,0.62386213,1,added_to_cart (+3.3972) | user_type_0 (-0.3160) | visit_season_0 (-0.1830),Candidate for promotion - threshold-qualified
10854,0.64840298,1,added_to_cart (+3.3972) | user_type_0 (+0.3862) | visit_season_1 (-0.1783),Candidate for promotion - threshold-qualified
12431,0.57566359,1,added_to_cart (+3.3972) | user_type_0 (-0.3160) | visit_season_0 (-0.1830),Candidate for promotion - threshold-qualified
11142,0.00065858,0,added_to_cart (-4.8886) | user_type_0 (+0.3862) | device_type_1 (-0.1768),Retention/engagement nudge
6722,0.73184089,1,added_to_cart (+3.3972) | user_type_0 (+0.3862) | device_type_2 (-0.2368),Candidate for promotion - higher score
9945,0.68580402,1,added_to_cart (+3.3972) | user_type_0 (+0.3862) | device_type_1 (-0.1768),Candidate for promotion - higher score
22495,0.72297636,1,added_to_cart (+3.3972) | user_type_0 (+0.3862) | device_type_0 (-0.1811),Candidate for promotion - higher score
11304,0.00070108,0,added_to_cart (-4.8886) | user_type_0 (+0.3862) | device_type_0 (-0.1811),Retention/engagement nudge
23144,0.74196552,1,added_to_cart (+3.3972) | user_type_0 (+0.3862) | device_type_1 (-0.1768),Candidate for promotion - higher score
20748,0.61849739,1,added_to_cart (+3.3972) | user_type_0 (-0.3160) | device_type_2 (-0.2368),Candidate for promotion - threshold-qualified
20034,0.00030038,0,added_to_cart (-4.8886) | user_type_0 (-0.3160) | visit_season_1 (-0.1783),Retention/engagement nudge
575,0.00033605,0,added_to_cart (-4.8886) | user_type_0 (-0.3160) | visit_season_0 (-0.1830),Retention/engagement nudge
21792,0.00052300,0,added_to_cart (-4.8886) | user_type_0 (+0.3862) | device_type_1 (-0.1768),Retention/engagement nudge
1109,0.60233763,1,added_to_cart (+3.3972) | user_type_0 (-0.3160) | device_type_0 (-0.1811),Candidate for promotion - threshold-qualified
22662,0.65918762,1,added_to_cart (+3.3972) | user_type_0 (+0.3862) | visit_season_1 (-0.1783),Candidate for promotion - threshold-qualified
10764,0.62512044,1,added_to_cart (+3.3972) | user_type_0 (-0.3160) | visit_season_0 (-0.1830),Candidate for promotion - threshold-qualified
19299,0.69917641,1,added_to_cart (+3.3972) | user_type_0 (+0.3862) | visit_season_0 (-0.1830),Candidate for promotion - higher score
13620,0.00065521,0,added_to_cart (-4.8886) | user_type_0 (+0.3862) | device_type_1 (-0.1768),Retention/engagement nudge
18228,0.71369907,1,added_to_cart (+3.3972) | user_type_0 (+0.3862) | device_type_0 (-0.1811),Candidate for promotion - higher score
5130,0.63790532,1,added_to_cart (+3.3972) | user_type_0 (+0.3862) | time_on_site_sec (-0.1917),Candidate for promotion - threshold-qualified
14907,0.00043945,0,added_to_cart (-4.8886) | user_type_0 (-0.3160) | device_type_0 (-0.1811),Retention/engagement nudge
24043,0.69840665,1,added_to_cart (+3.3972) | user_type_0 (+0.3862) | device_type_0 (-0.1811),Candidate for promotion - higher score
23122,0.66178417,1,added_to_cart (+3.3972) | user_type_0 (+0.3862) | device_type_1 (-0.1768),Candidate for promotion - threshold-qualified
13059,0.00053603,0,added_to_cart (-4.8886) | user_type_0 (+0.3862) | visit_season_0 (-0.1830),Retention/engagement nudge
18620,0.56790029,0,added_to_cart (+3.3972) | user_type_0 (-0.3160) | visit_season_1 (-0.1783),Investigate checkout/discount friction
1474,0.53480321,0,added_to_cart (+3.3972) | user_type_0 (-0.3160) | visit_season_1 (-0.1783),Investigate checkout/discount friction
22940,0.62493010,1,added_to_cart (+3.3972) | user_type_0 (-0.3160) | device_type_0 (-0.1811),Candidate for promotion - threshold-qualified
8570,0.60231316,1,added_to_cart (+3.3972) | user_type_0 (-0.3160) | device_type_1 (-0.1768),Candidate for promotion - threshold-qualified
21724,0.00065084,0,added_to_cart (-4.8886) | user_type_0 (+0.3862) | device_type_0 (-0.1811),Retention/engagement nudge
11722,0.00036135,0,added_to_cart (-4.8886) | user_type_0 (-0.3160) | device_type_1 (-0.1768),Retention/engagement nudge
2702,0.70403903,1,added_to_cart (+3.3972) | user_type_0 (+0.3862) | device_type_1 (-0.1768),Candidate for promotion - higher score
2479,0.00033440,0,added_to_cart (-4.8886) | user_type_0 (-0.3160) | time_on_site_sec (-0.1870),Retention/engagement nudge
2446,0.70852795,1,added_to_cart (+3.3972) | user_type_0 (+0.3862) | device_type_1 (-0.1768),Candidate for promotion - higher score
2554,0.00055553,0,added_to_cart (-4.8886) | user_type_0 (+0.3862) | device_type_0 (-0.1811),Retention/engagement nudge
3048,0.00033901,0,added_to_cart (-4.8886) | user_type_0 (-0.3160) | device_type_0 (-0.1811),Retention/engagement nudge
5751,0.71114644,1,added_to_cart (+3.3972) | user_type_0 (+0.3862) | visit_season_1 (-0.1783),Candidate for promotion - higher score
5305,0.67317626,1,added_to_cart (+3.3972) | user_type_0 (+0.3862) | visit_season_0 (-0.1830),Candidate for promotion - higher score
14776,0.00053091,0,added_to_cart (-4.8886) | user_type_0 (+0.3862) | visit_season_0 (-0.1830),Retention/engagement nudge
20220,0.00062818,0,added_to_cart (-4.8886) | user_type_0 (+0.3862) | device_type_0 (-0.1811),Retention/engagement nudge
17182,0.00033155,0,added_to_cart (-4.8886) | user_type_0 (-0.3160) | visit_season_0 (-0.1830),Retention/engagement nudge
16808,0.63323345,1,added_to_cart (+3.3972) | user_type_0 (-0.3160) | device_type_1 (-0.1768),Candidate for promotion - threshold-qualified
7021,0.00026959,0,added_to_cart (-4.8886) | user_type_0 (-0.3160) | visit_season_1 (-0.1783),Retention/engagement nudge
22838,0.00028591,0,added_to_cart (-4.8886) | user_type_0 (-0.3160) | device_type_0 (-0.1811),Retention/engagement nudge
4040,0.00066056,0,added_to_cart (-4.8886) | user_type_0 (+0.3862) | device_type_2 (-0.2368),Retention/engagement nudge
19971,0.71975226,1,added_to_cart (+3.3972) | user_type_0 (+0.3862) | device_type_0 (-0.1811),Candidate for promotion - higher score
1972,0.00050368,0,added_to_cart (-4.8886) | user_type_0 (+0.3862) | device_type_2 (-0.2368),Retention/engagement nudge
4644,0.00031405,0,added_to_cart (-4.8886) | user_type_0 (-0.3160) | device_type_1 (-0.1768),Retention/engagement nudge
24405,0.65965106,1,added_to_cart (+3.3972) | user_type_0 (+0.3862) | visit_season_1 (-0.1783),Candidate for promotion - threshold-qualified
6241,0.69407540,1,added_to_cart (+3.3972) | user_type_0 (+0.3862) | visit_season_0 (-0.1830),Candidate for promotion - higher score
2251,0.71302803,1,added_to_cart (+3.3972) | user_type_0 (+0.3862) | device_type_1 (-0.1768),Candidate for promotion - higher score
21979,0.00040257,0,added_to_cart (-4.8886) | user_type_0 (+0.3862) | device_type_1 (-0.1768),Retention/engagement nudge
14513,0.71963275,1,added_to_cart (+3.3972) | user_type_0 (+0.3862) | device_type_1 (-0.1768),Candidate for promotion - higher score
1783,0.00045938,0,added_to_cart (-4.8886) | user_type_0 (+0.3862) | time_on_site_sec (-0.1936),Retention/engagement nudge
5731,0.00034200,0,added_to_cart (-4.8886) | user_type_0 (-0.3160) | visit_season_0 (-0.1830),Retention/engagement nudge
21541,0.61667255,1,added_to_cart (+3.3972) | user_type_0 (-0.3160) | device_type_1 (-0.1768),Candidate for promotion - threshold-qualified
8836,0.00056856,0,added_to_cart (-4.8886) | user_type_0 (+0.3862) | device_type_0 (-0.1811),Retention/engagement nudge
24638,0.00075301,0,added_to_cart (-4.8886) | user_type_0 (+0.3862) | device_type_0 (-0.1811),Retention/engagement nudge
911,0.71209759,1,added_to_cart (+3.3972) | user_type_0 (+0.3862) | visit_season_1 (-0.1783),Candidate for promotion - higher score
22999,0.72028117,1,added_to_cart (+3.3972) | user_type_0 (+0.3862) | device_type_2 (-0.2368),Candidate for promotion - higher score
6738,0.61715966,1,added_to_cart (+3.3972) | user_type_0 (-0.3160) | device_type_2 (-0.2368),Candidate for promotion - threshold-qualified
6814,0.00051269,0,added_to_cart (-4.8886) | user_type_0 (+0.3862) | device_type_1 (-0.1768),Retention/engagement nudge
7966,0.66516523,1,added_to_cart (+3.3972) | user_type_0 (+0.3862) | visit_season_0 (-0.1830),Candidate for promotion - threshold-qualified
15490,0.67704955,1,added_to_cart (+3.3972) | user_type_0 (+0.3862) | visit_season_0 (-0.1830),Candidate for promotion - higher score
13109,0.66073066,1,added_to_cart (+3.3972) | user_type_0 (+0.3862) | device_type_0 (-0.1811),Candidate for promotion - threshold-qualified
13112,0.70704774,1,added_to_cart (+3.3972) | user_type_0 (+0.3862) | device_type_1 (-0.1768),Candidate for promotion - higher score
1376,0.55154206,0,added_to_cart (+3.3972) | user_type_0 (-0.3160) | device_type_1 (-0.1768),Investigate checkout/discount friction
24215,0.64439064,1,added_to_cart (+3.3972) | user_type_0 (+0.3862) | visit_season_1 (-0.1783),Candidate for promotion - threshold-qualified
22459,0.00054030,0,added_to_cart (-4.8886) | user_type_0 (+0.3862) | device_type_2 (-0.2368),Retention/engagement nudge
1677,0.68721171,1,added_to_cart (+3.3972) | user_type_0 (+0.3862) | visit_season_0 (-0.1830),Candidate for promotion - higher score
13117,0.00056805,0,added_to_cart (-4.8886) | user_type_0 (+0.3862) | visit_season_1 (-0.1783),Retention/engagement nudge
23292,0.57493537,1,added_to_cart (+3.3972) | user_type_0 (-0.3160) | device_type_1 (-0.1768),Candidate for promotion - threshold-qualified
12729,0.63697557,1,added_to_cart (+3.3972) | user_type_0 (+0.3862) | visit_season_0 (-0.1830),Candidate for promotion - threshold-qualified
8918,0.57368370,1,added_to_cart (+3.3972) | user_type_0 (-0.3160) | device_type_1 (-0.1768),Candidate for promotion - threshold-qualified
1115,0.00042691,0,added_to_cart (-4.8886) | user_type_0 (-0.3160) | device_type_0 (-0.1811),Retention/engagement nudge
6286,0.55932258,0,added_to_cart (+3.3972) | user_type_0 (-0.3160) | device_type_0 (-0.1811),Investigate checkout/discount friction
14811,0.70247330,1,added_to_cart (+3.3972) | user_type_0 (+0.3862) | device_type_1 (-0.1768),Candidate for promotion - higher score
22319,0.71012241,1,added_to_cart (+3.3972) | user_type_0 (+0.3862) | device_type_1 (-0.1768),Candidate for promotion - higher score
1018,0.00048785,0,added_to_cart (-4.8886) | user_type_0 (+0.3862) | time_on_site_sec (-0.1881),Retention/engagement nudge
19929,0.56145883,0,added_to_cart (+3.3972) | user_type_0 (-0.3160) | device_type_1 (-0.1768),Investigate checkout/discount friction
19711,0.56040203,0,added_to_cart (+3.3972) | user_type_0 (-0.3160) | device_type_2 (-0.2368),Investigate checkout/discount friction
13310,0.63706693,1,added_to_cart (+3.3972) | user_type_0 (+0.3862) | device_type_0 (-0.1811),Candidate for promotion - threshold-qualified
5079,0.00063850,0,added_to_cart (-4.8886) | user_type_0 (+0.3862) | visit_season_0 (-0.1830),Retention/engagement nudge
4377,0.00031876,0,added_to_cart (-4.8886) | user_type_0 (-0.3160) | visit_season_0 (-0.1830),Retention/engagement nudge
3163,0.73508885,1,added_to_cart (+3.3972) | user_type_0 (+0.3862) | device_type_2 (-0.2368),Candidate for promotion - higher score
781,0.53832485,0,added_to_cart (+3.3972) | user_type_0 (-0.3160) | visit_season_0 (-0.1830),Investigate checkout/discount friction
2602,0.66524811,1,added_to_cart (+3.3972) | user_type_0 (+0.3862) | visit_season_0 (-0.1830),Candidate for promotion - threshold-qualified
7586,0.52869345,0,added_to_cart (+3.3972) | user_type_0 (-0.3160) | time_on_site_sec (-0.1841),Investigate checkout/discount friction
11671,0.68730688,1,added_to_cart (+3.3972) | user_type_0 (+0.3862) | device_type_1 (-0.1768),Candidate for promotion - higher score
11601,0.61033447,1,added_to_cart (+3.3972) | user_type_0 (-0.3160) | visit_season_0 (-0.1830),Candidate for promotion - threshold-qualified
9594,0.68402285,1,added_to_cart (+3.3972) | user_type_0 (+0.3862) | device_type_0 (-0.1811),Candidate for promotion - higher score
12421,0.68367087,1,added_to_cart (+3.3972) | user_type_0 (+0.3862) | device_type_1 (-0.1768),Candidate for promotion - higher score
18421,0.00048998,0,added_to_cart (-4.8886) | user_type_0 (+0.3862) | visit_season_0 (-0.1830),Retention/engagement nudge
1840,0.00055762,0,added_to_cart (-4.8886) | user_type_0 (+0.3862) | device_type_0 (-0.1811),Retention/engagement nudge
8776,0.00030370,0,added_to_cart (-4.8886) | user_type_0 (-0.3160) | device_type_0 (-0.1811),Retention/engagement nudge
13937,0.59448929,1,added_to_cart (+3.3972) | user_type_0 (-0.3160) | visit_season_0 (-0.1830),Candidate for promotion - threshold-qualified
22418,0.58949830,1,added_to_cart (+3.3972) | user_type_0 (-0.3160) | visit_season_0 (-0.1830),Candidate for promotion - threshold-qualified
1103,0.00052899,0,added_to_cart (-4.8886) | user_type_0 (+0.3862) | visit_season_0 (-0.1830),Retention/engagement nudge
8860,0.00026027,0,added_to_cart (-4.8886) | user_type_0 (-0.3160) | visit_season_0 (-0.1830),Retention/engagement nudge
8796,0.00051416,0,added_to_cart (-4.8886) | user_type_0 (+0.3862) | device_type_1 (-0.1768),Retention/engagement nudge
23011,0.00058237,0,added_to_cart (-4.8886) | user_type_0 (+0.3862) | device_type_0 (-0.1811),Retention/engagement nudge
16131,0.00034975,0,added_to_cart (-4.8886) | user_type_0 (-0.3160) | device_type_1 (-0.1768),Retention/engagement nudge
6351,0.66212048,1,added_to_cart (+3.3972) | user_type_0 (+0.3862) | visit_season_1 (-0.1783),Candidate for promotion - threshold-qualified
5108,0.71363835,1,added_to_cart (+3.3972) | user_type_0 (+0.3862) | time_on_site_sec (-0.1980),Candidate for promotion - higher score
1731,0.57010682,0,added_to_cart (+3.3972) | user_type_0 (-0.3160) | visit_season_1 (-0.1783),Investigate checkout/discount friction
4190,0.71738299,1,added_to_cart (+3.3972) | user_type_0 (+0.3862) | device_type_0 (-0.1811),Candidate for promotion - higher score
2099,0.00058134,0,added_to_cart (-4.8886) | user_type_0 (+0.3862) | device_type_0 (-0.1811),Retention/engagement nudge
5593,0.64821254,1,added_to_cart (+3.3972) | user_type_0 (+0.3862) | device_type_0 (-0.1811),Candidate for promotion - threshold-qualified
4909,0.00065324,0,added_to_cart (-4.8886) | user_type_0 (+0.3862) | visit_season_0 (-0.1830),Retention/engagement nudge
7054,0.72182831,1,added_to_cart (+3.3972) | user_type_0 (+0.3862) | device_type_0 (-0.1811),Candidate for promotion - higher score
7584,0.00029222,0,added_to_cart (-4.8886) | user_type_0 (-0.3160) | device_type_0 (-0.1811),Retention/engagement nudge
16350,0.73339792,1,added_to_cart (+3.3972) | user_type_0 (+0.3862) | device_type_0 (-0.1811),Candidate for promotion - higher score
2781,0.62709509,1,added_to_cart (+3.3972) | user_type_0 (+0.3862) | time_on_site_sec (-0.1889),Candidate for promotion - threshold-qualified
23495,0.00043799,0,added_to_cart (-4.8886) | user_type_0 (-0.3160) | visit_season_0 (-0.1830),Retention/engagement nudge
18908,0.58425826,1,added_to_cart (+3.3972) | user_type_0 (-0.3160) | visit_season_1 (-0.1783),Candidate for promotion - threshold-qualified
20026,0.00044411,0,added_to_cart (-4.8886) | user_type_0 (+0.3862) | time_on_site_sec (-0.1834),Retention/engagement nudge
21196,0.00042558,0,added_to_cart (-4.8886) | user_type_0 (-0.3160) | device_type_1 (-0.1768),Retention/engagement nudge
14574,0.71725324,1,added_to_cart (+3.3972) | user_type_0 (+0.3862) | visit_season_0 (-0.1830),Candidate for promotion - higher score
20035,0.63028598,1,added_to_cart (+3.3972) | user_type_0 (-0.3160) | device_type_0 (-0.1811),Candidate for promotion - threshold-qualified
16761,0.71626490,1,added_to_cart (+3.3972) | user_type_0 (+0.3862) | device_type_0 (-0.1811),Candidate for promotion - higher score
1860,0.00076398,0,added_to_cart (-4.8886) | user_type_0 (+0.3862) | device_type_2 (-0.2368),Retention/engagement nudge
14886,0.70205938,1,added_to_cart (+3.3972) | user_type_0 (+0.3862) | device_type_0 (-0.1811),Candidate for promotion - higher score
9969,0.65658281,1,added_to_cart (+3.3972) | user_type_0 (+0.3862) | device_type_0 (-0.1811),Candidate for promotion - threshold-qualified
6996,0.65203332,1,added_to_cart (+3.3972) | user_type_0 (+0.3862) | device_type_2 (-0.2368),Candidate for promotion - threshold-qualified
2938,0.00066146,0,added_to_cart (-4.8886) | user_type_0 (+0.3862) | device_type_0 (-0.1811),Retention/engagement nudge
23193,0.00065902,0,added_to_cart (-4.8886) | user_type_0 (+0.3862) | visit_season_0 (-0.1830),Retention/engagement nudge
6022,0.00027770,0,added_to_cart (-4.8886) | user_type_0 (-0.3160) | visit_season_0 (-0.1830),Retention/engagement nudge
17456,0.67685600,1,added_to_cart (+3.3972) | user_type_0 (+0.3862) | visit_season_0 (-0.1830),Candidate for promotion - higher score
1745,0.00039007,0,added_to_cart (-4.8886) | user_type_0 (-0.3160) | device_type_0 (-0.1811),Retention/engagement nudge
6802,0.00026011,0,added_to_cart (-4.8886) | user_type_0 (-0.3160) | device_type_1 (-0.1768),Retention/engagement nudge
8241,0.70076875,1,added_to_cart (+3.3972) | user_type_0 (+0.3862) | visit_season_0 (-0.1830),Candidate for promotion - higher score
22739,0.74239440,1,added_to_cart (+3.3972) | user_type_0 (+0.3862) | device_type_1 (-0.1768),Candidate for promotion - higher score
21403,0.00023272,0,added_to_cart (-4.8886) | user_type_0 (-0.3160) | visit_season_0 (-0.1830),Retention/engagement nudge
24291,0.72190674,1,added_to_cart (+3.3972) | user_type_0 (+0.3862) | device_type_0 (-0.1811),Candidate for promotion - higher score
5947,0.00064684,0,added_to_cart (-4.8886) | user_type_0 (+0.3862) | visit_season_0 (-0.1830),Retention/engagement nudge
1528,0.00045621,0,added_to_cart (-4.8886) | user_type_0 (-0.3160) | device_type_1 (-0.1768),Retention/engagement nudge
4930,0.00047826,0,added_to_cart (-4.8886) | user_type_0 (-0.3160) | device_type_1 (-0.1768),Retention/engagement nudge
15333,0.73466516,1,added_to_cart (+3.3972) | user_type_0 (+0.3862) | device_type_2 (-0.2368),Candidate for promotion - higher score
1396,0.72900320,1,added_to_cart (+3.3972) | user_type_0 (+0.3862) | device_type_1 (-0.1768),Candidate for promotion - higher score
20759,0.54996843,0,added_to_cart (+3.3972) | user_type_0 (-0.3160) | time_on_site_sec (-0.2001),Investigate checkout/discount friction
2812,0.64024301,1,added_to_cart (+3.3972) | user_type_0 (-0.3160) | visit_season_0 (-0.1830),Candidate for promotion - threshold-qualified
3176,0.70971575,1,added_to_cart (+3.3972) | user_type_0 (+0.3862) | visit_season_1 (-0.1783),Candidate for promotion - higher score
11669,0.63206555,1,added_to_cart (+3.3972) | user_type_0 (+0.3862) | time_on_site_sec (-0.1940),Candidate for promotion - threshold-qualified
3821,0.56362777,0,added_to_cart (+3.3972) | user_type_0 (-0.3160) | time_on_site_sec (-0.1853),Investigate checkout/discount friction
13121,0.00057334,0,added_to_cart (-4.8886) | user_type_0 (+0.3862) | device_type_0 (-0.1811),Retention/engagement nudge
6589,0.66474465,1,added_to_cart (+3.3972) | user_type_0 (+0.3862) | device_type_0 (-0.1811),Candidate for promotion - threshold-qualified
24647,0.00041898,0,added_to_cart (-4.8886) | user_type_0 (+0.3862) | time_on_site_sec (-0.1860),Retention/engagement nudge
13603,0.00030189,0,added_to_cart (-4.8886) | user_type_0 (-0.3160) | visit_season_0 (-0.1830),Retention/engagement nudge
1033,0.65450020,1,added_to_cart (+3.3972) | user_type_0 (+0.3862) | visit_season_0 (-0.1830),Candidate for promotion - threshold-qualified
3793,0.59958104,1,added_to_cart (+3.3972) | user_type_0 (-0.3160) | device_type_1 (-0.1768),Candidate for promotion - threshold-qualified
21228,0.66130508,1,added_to_cart (+3.3972) | user_type_0 (+0.3862) | device_type_1 (-0.1768),Candidate for promotion - threshold-qualified
5416,0.52460099,0,added_to_cart (+3.3972) | user_type_0 (-0.3160) | device_type_1 (-0.1768),Investigate checkout/discount friction
19612,0.55193061,0,added_to_cart (+3.3972) | user_type_0 (-0.3160) | device_type_0 (-0.1811),Investigate checkout/discount friction
3266,0.00037409,0,added_to_cart (-4.8886) | user_type_0 (-0.3160) | device_type_0 (-0.1811),Retention/engagement nudge
17676,0.63540546,1,added_to_cart (+3.3972) | user_type_0 (+0.3862) | device_type_1 (-0.1768),Candidate for promotion - threshold-qualified
18917,0.00034366,0,added_to_cart (-4.8886) | user_type_0 (-0.3160) | device_type_0 (-0.1811),Retention/engagement nudge
21328,0.61828552,1,added_to_cart (+3.3972) | user_type_0 (-0.3160) | visit_season_1 (-0.1783),Candidate for promotion - threshold-qualified
23097,0.65077642,1,added_to_cart (+3.3972) | user_type_0 (-0.3160) | device_type_0 (-0.1811),Candidate for promotion - threshold-qualified
19830,0.61618012,1,added_to_cart (+3.3972) | user_type_0 (-0.3160) | visit_season_0 (-0.1830),Candidate for promotion - threshold-qualified
18364,0.00067634,0,added_to_cart (-4.8886) | user_type_0 (+0.3862) | visit_season_1 (-0.1783),Retention/engagement nudge
24583,0.65529295,1,added_to_cart (+3.3972) | user_type_0 (+0.3862) | visit_season_0 (-0.1830),Candidate for promotion - threshold-qualified
3706,0.71884300,1,added_to_cart (+3.3972) | user_type_0 (+0.3862) | visit_season_0 (-0.1830),Candidate for promotion - higher score
8733,0.64314714,1,added_to_cart (+3.3972) | user_type_0 (+0.3862) | visit_season_1 (-0.1783),Candidate for promotion - threshold-qualified
6540,0.00065285,0,added_to_cart (-4.8886) | user_type_0 (+0.3862) | device_type_1 (-0.1768),Retention/engagement nudge
4910,0.00041106,0,added_to_cart (-4.8886) | user_type_0 (-0.3160) | device_type_0 (-0.1811),Retention/engagement nudge
14546,0.00068258,0,added_to_cart (-4.8886) | user_type_0 (+0.3862) | visit_season_1 (-0.1783),Retention/engagement nudge
1874,0.00060354,0,added_to_cart (-4.8886) | user_type_0 (+0.3862) | visit_season_0 (-0.1830),Retention/engagement nudge
11277,0.00036012,0,added_to_cart (-4.8886) | user_type_0 (-0.3160) | device_type_0 (-0.1811),Retention/engagement nudge
10386,0.00075956,0,added_to_cart (-4.8886) | user_type_0 (+0.3862) | visit_season_0 (-0.1830),Retention/engagement nudge
22847,0.00048046,0,added_to_cart (-4.8886) | user_type_0 (+0.3862) | time_on_site_sec (-0.1855),Retention/engagement nudge
20048,0.00032178,0,added_to_cart (-4.8886) | user_type_0 (-0.3160) | visit_season_0 (-0.1830),Retention/engagement nudge
6077,0.55207584,0,added_to_cart (+3.3972) | user_type_0 (-0.3160) | device_type_1 (-0.1768),Investigate checkout/discount friction
22167,0.68182527,1,added_to_cart (+3.3972) | user_type_0 (+0.3862) | device_type_1 (-0.1768),Candidate for promotion - higher score
6100,0.53662328,0,added_to_cart (+3.3972) | user_type_0 (-0.3160) | device_type_2 (-0.2368),Investigate checkout/discount friction
10543,0.69111369,1,added_to_cart (+3.3972) | user_type_0 (+0.3862) | device_type_1 (-0.1768),Candidate for promotion - higher score
754,0.00037665,0,added_to_cart (-4.8886) | user_type_0 (-0.3160) | visit_season_1 (-0.1783),Retention/engagement nudge
6500,0.59638854,1,added_to_cart (+3.3972) | user_type_0 (-0.3160) | visit_season_1 (-0.1783),Candidate for promotion - threshold-qualified
15558,0.65912660,1,added_to_cart (+3.3972) | user_type_0 (-0.3160) | device_type_0 (-0.1811),Candidate for promotion - threshold-qualified
24681,0.63234268,1,added_to_cart (+3.3972) | user_type_0 (-0.3160) | device_type_1 (-0.1768),Candidate for promotion - threshold-qualified
7240,0.57505556,1,added_to_cart (+3.3972) | user_type_0 (-0.3160) | device_type_0 (-0.1811),Candidate for promotion - threshold-qualified
16020,0.49192602,0,added_to_cart (+3.3972) | user_type_0 (-0.3160) | time_on_site_sec (-0.1876),Investigate checkout/discount friction
16903,0.58759577,1,added_to_cart (+3.3972) | user_type_0 (-0.3160) | visit_season_0 (-0.1830),Candidate for promotion - threshold-qualified
9469,0.49009184,0,added_to_cart (+3.3972) | user_type_0 (-0.3160) | time_on_site_sec (-0.1813),Investigate checkout/discount friction
8462,0.55852450,0,added_to_cart (+3.3972) | user_type_0 (-0.3160) | device_type_0 (-0.1811),Investigate checkout/discount friction
1512,0.00044881,0,added_to_cart (-4.8886) | user_type_0 (+0.3862) | device_type_0 (-0.1811),Retention/engagement nudge
14976,0.00066359,0,added_to_cart (-4.8886) | user_type_0 (+0.3862) | device_type_1 (-0.1768),Retention/engagement nudge
3934,0.72672789,1,added_to_cart (+3.3972) | user_type_0 (+0.3862) | device_type_2 (-0.2368),Candidate for promotion - higher score
14668,0.68776162,1,added_to_cart (+3.3972) | user_type_0 (+0.3862) | device_type_1 (-0.1768),Candidate for promotion - higher score
8058,0.00067952,0,added_to_cart (-4.8886) | user_type_0 (+0.3862) | device_type_0 (-0.1811),Retention/engagement nudge
1760,0.00036075,0,added_to_cart (-4.8886) | user_type_0 (-0.3160) | visit_season_1 (-0.1783),Retention/engagement nudge
23747,0.00066965,0,added_to_cart (-4.8886) | user_type_0 (+0.3862) | device_type_1 (-0.1768),Retention/engagement nudge
15012,0.69284590,1,added_to_cart (+3.3972) | user_type_0 (+0.3862) | device_type_1 (-0.1768),Candidate for promotion - higher score
23017,0.68905632,1,added_to_cart (+3.3972) | user_type_0 (+0.3862) | device_type_0 (-0.1811),Candidate for promotion - higher score
20477,0.00034939,0,added_to_cart (-4.8886) | user_type_0 (-0.3160) | device_type_1 (-0.1768),Retention/engagement nudge
22925,0.66145483,1,added_to_cart (+3.3972) | user_type_0 (-0.3160) | device_type_0 (-0.1811),Candidate for promotion - threshold-qualified
9041,0.71893581,1,added_to_cart (+3.3972) | user_type_0 (+0.3862) | device_type_1 (-0.1768),Candidate for promotion - higher score
3195,0.53562175,0,added_to_cart (+3.3972) | user_type_0 (-0.3160) | device_type_0 (-0.1811),Investigate checkout/discount friction
15502,0.67195434,1,added_to_cart (+3.3972) | user_type_0 (+0.3862) | visit_season_0 (-0.1830),Candidate for promotion - threshold-qualified
18796,0.68788047,1,added_to_cart (+3.3972) | user_type_0 (+0.3862) | device_type_2 (-0.2368),Candidate for promotion - higher score
22216,0.00054116,0,added_to_cart (-4.8886) | user_type_0 (+0.3862) | visit_season_0 (-0.1830),Retention/engagement nudge
9998,0.00031345,0,added_to_cart (-4.8886) | user_type_0 (-0.3160) | device_type_0 (-0.1811),Retention/engagement nudge
11778,0.70036364,1,added_to_cart (+3.3972) | user_type_0 (+0.3862) | device_type_1 (-0.1768),Candidate for promotion - higher score
1966,0.69682006,1,added_to_cart (+3.3972) | user_type_0 (+0.3862) | device_type_0 (-0.1811),Candidate for promotion - higher score
14365,0.00032935,0,added_to_cart (-4.8886) | user_type_0 (-0.3160) | device_type_1 (-0.1768),Retention/engagement nudge
7013,0.53228476,0,added_to_cart (+3.3972) | user_type_0 (-0.3160) | visit_season_0 (-0.1830),Investigate checkout/discount friction
17059,0.00034346,0,added_to_cart (-4.8886) | user_type_0 (-0.3160) | visit_season_0 (-0.1830),Retention/engagement nudge
15650,0.68074519,1,added_to_cart (+3.3972) | user_type_0 (+0.3862) | device_type_0 (-0.1811),Candidate for promotion - higher score
11023,0.00055839,0,added_to_cart (-4.8886) | user_type_0 (+0.3862) | visit_season_0 (-0.1830),Retention/engagement nudge
17838,0.65076033,1,added_to_cart (+3.3972) | user_type_0 (+0.3862) | time_on_site_sec (-0.2028),Candidate for promotion - threshold-qualified
22205,0.68998994,1,added_to_cart (+3.3972) | user_type_0 (+0.3862) | device_type_0 (-0.1811),Candidate for promotion - higher score
19850,0.61329758,1,added_to_cart (+3.3972) | user_type_0 (-0.3160) | device_type_2 (-0.2368),Candidate for promotion - threshold-qualified
1051,0.70646069,1,added_to_cart (+3.3972) | user_type_0 (+0.3862) | device_type_1 (-0.1768),Candidate for promotion - higher score
10604,0.54753584,0,added_to_cart (+3.3972) | user_type_0 (-0.3160) | device_type_1 (-0.1768),Investigate checkout/discount friction
972,0.61138995,1,added_to_cart (+3.3972) | user_type_0 (-0.3160) | device_type_0 (-0.1811),Candidate for promotion - threshold-qualified
14342,0.00075408,0,added_to_cart (-4.8886) | user_type_0 (+0.3862) | device_type_1 (-0.1768),Retention/engagement nudge
18094,0.71801827,1,added_to_cart (+3.3972) | user_type_0 (+0.3862) | device_type_1 (-0.1768),Candidate for promotion - higher score
15372,0.74108155,1,added_to_cart (+3.3972) | user_type_0 (+0.3862) | device_type_2 (-0.2368),Candidate for promotion - higher score
4506,0.75596583,1,added_to_cart (+3.3972) | user_type_0 (+0.3862) | device_type_1 (-0.1768),Candidate for promotion - higher score
16643,0.71985738,1,added_to_cart (+3.3972) | user_type_0 (+0.3862) | device_type_0 (-0.1811),Candidate for promotion - higher score
23100,0.00029460,0,added_to_cart (-4.8886) | user_type_0 (-0.3160) | visit_season_1 (-0.1783),Retention/engagement nudge
3563,0.67247494,1,added_to_cart (+3.3972) | user_type_0 (+0.3862) | device_type_0 (-0.1811),Candidate for promotion - threshold-qualified
10499,0.55215855,0,added_to_cart (+3.3972) | user_type_0 (-0.3160) | visit_season_1 (-0.1783),Investigate checkout/discount friction
8729,0.71118774,1,added_to_cart (+3.3972) | user_type_0 (+0.3862) | device_type_2 (-0.2368),Candidate for promotion - higher score
4138,0.59966619,1,added_to_cart (+3.3972) | user_type_0 (-0.3160) | time_on_site_sec (-0.1929),Candidate for promotion - threshold-qualified
15673,0.62605923,1,added_to_cart (+3.3972) | user_type_0 (+0.3862) | time_on_site_sec (-0.2007),Candidate for promotion - threshold-qualified
23192,0.63977870,1,added_to_cart (+3.3972) | user_type_0 (+0.3862) | time_on_site_sec (-0.1925),Candidate for promotion - threshold-qualified
5290,0.00038866,0,added_to_cart (-4.8886) | user_type_0 (-0.3160) | device_type_0 (-0.1811),Retention/engagement nudge
10525,0.00055689,0,added_to_cart (-4.8886) | user_type_0 (+0.3862) | device_type_0 (-0.1811),Retention/engagement nudge
7448,0.00036359,0,added_to_cart (-4.8886) | user_type_0 (-0.3160) | device_type_1 (-0.1768),Retention/engagement nudge
8263,0.72552841,1,added_to_cart (+3.3972) | user_type_0 (+0.3862) | device_type_0 (-0.1811),Candidate for promotion - higher score
3911,0.00061181,0,added_to_cart (-4.8886) | user_type_0 (+0.3862) | device_type_0 (-0.1811),Retention/engagement nudge
16123,0.58896218,1,added_to_cart (+3.3972) | user_type_0 (-0.3160) | device_type_2 (-0.2368),Candidate for promotion - threshold-qualified
3635,0.71030331,1,added_to_cart (+3.3972) | user_type_0 (+0.3862) | visit_season_0 (-0.1830),Candidate for promotion - higher score
3109,0.59159406,1,added_to_cart (+3.3972) | user_type_0 (-0.3160) | visit_season_1 (-0.1783),Candidate for promotion - threshold-qualified
5383,0.56886412,0,added_to_cart (+3.3972) | user_type_0 (-0.3160) | visit_season_1 (-0.1783),Investigate checkout/discount friction
21259,0.69957366,1,added_to_cart (+3.3972) | user_type_0 (+0.3862) | visit_season_1 (-0.1783),Candidate for promotion - higher score
15628,0.54578247,0,added_to_cart (+3.3972) | user_type_0 (-0.3160) | device_type_1 (-0.1768),Investigate checkout/discount friction
3151,0.55800912,0,added_to_cart (+3.3972) | user_type_0 (-0.3160) | visit_season_1 (-0.1783),Investigate checkout/discount friction
5302,0.00057952,0,added_to_cart (-4.8886) | user_type_0 (+0.3862) | visit_season_1 (-0.1783),Retention/engagement nudge
11030,0.53635912,0,added_to_cart (+3.3972) | user_type_0 (-0.3160) | visit_season_0 (-0.1830),Investigate checkout/discount friction
7214,0.00055598,0,added_to_cart (-4.8886) | user_type_0 (+0.3862) | device_type_1 (-0.1768),Retention/engagement nudge
2045,0.56738040,0,added_to_cart (+3.3972) | user_type_0 (-0.3160) | device_type_0 (-0.1811),Investigate checkout/discount friction
6769,0.00053948,0,added_to_cart (-4.8886) | user_type_0 (+0.3862) | visit_season_0 (-0.1830),Retention/engagement nudge
6732,0.00029670,0,added_to_cart (-4.8886) | user_type_0 (-0.3160) | device_type_0 (-0.1811),Retention/engagement nudge
13416,0.68990127,1,added_to_cart (+3.3972) | user_type_0 (+0.3862) | visit_season_0 (-0.1830),Candidate for promotion - higher score
17689,0.00052586,0,added_to_cart (-4.8886) | user_type_0 (+0.3862) | visit_season_0 (-0.1830),Retention/engagement nudge
21005,0.65881229,1,added_to_cart (+3.3972) | user_type_0 (+0.3862) | device_type_0 (-0.1811),Candidate for promotion - threshold-qualified
15209,0.71521783,1,added_to_cart (+3.3972) | user_type_0 (+0.3862) | visit_season_0 (-0.1830),Candidate for promotion - higher score
3509,0.55698374,0,added_to_cart (+3.3972) | user_type_0 (-0.3160) | visit_season_0 (-0.1830),Investigate checkout/discount friction
18596,0.00041162,0,added_to_cart (-4.8886) | user_type_0 (-0.3160) | device_type_1 (-0.1768),Retention/engagement nudge
18653,0.68508343,1,added_to_cart (+3.3972) | user_type_0 (+0.3862) | device_type_1 (-0.1768),Candidate for promotion - higher score
20734,0.66258822,1,added_to_cart (+3.3972) | user_type_0 (+0.3862) | device_type_1 (-0.1768),Candidate for promotion - threshold-qualified
16604,0.72900886,1,added_to_cart (+3.3972) | user_type_0 (+0.3862) | device_type_2 (-0.2368),Candidate for promotion - higher score
10294,0.64925351,1,added_to_cart (+3.3972) | user_type_0 (+0.3862) | device_type_2 (-0.2368),Candidate for promotion - threshold-qualified
23925,0.00070342,0,added_to_cart (-4.8886) | user_type_0 (+0.3862) | device_type_2 (-0.2368),Retention/engagement nudge
4211,0.72991150,1,added_to_cart (+3.3972) | user_type_0 (+0.3862) | visit_season_0 (-0.1830),Candidate for promotion - higher score
8300,0.00065704,0,added_to_cart (-4.8886) | user_type_0 (+0.3862) | device_type_2 (-0.2368),Retention/engagement nudge
4200,0.62215575,1,added_to_cart (+3.3972) | user_type_0 (-0.3160) | device_type_1 (-0.1768),Candidate for promotion - threshold-qualified
6976,0.00057158,0,added_to_cart (-4.8886) | user_type_0 (+0.3862) | device_type_1 (-0.1768),Retention/engagement nudge
14878,0.62771005,1,added_to_cart (+3.3972) | user_type_0 (-0.3160) | device_type_2 (-0.2368),Candidate for promotion - threshold-qualified
1085,0.00055517,0,added_to_cart (-4.8886) | user_type_0 (+0.3862) | device_type_0 (-0.1811),Retention/engagement nudge
2648,0.00059902,0,added_to_cart (-4.8886) | user_type_0 (+0.3862) | device_type_2 (-0.2368),Retention/engagement nudge
11729,0.64836347,1,added_to_cart (+3.3972) | user_type_0 (-0.3160) | device_type_1 (-0.1768),Candidate for promotion - threshold-qualified
4853,0.55749243,0,added_to_cart (+3.3972) | user_type_0 (-0.3160) | device_type_1 (-0.1768),Investigate checkout/discount friction
248,0.53148876,0,added_to_cart (+3.3972) | user_type_0 (-0.3160) | device_type_0 (-0.1811),Investigate checkout/discount friction
6087,0.72295368,1,added_to_cart (+3.3972) | user_type_0 (+0.3862) | device_type_1 (-0.1768),Candidate for promotion - higher score
20112,0.69591680,1,added_to_cart (+3.3972) | user_type_0 (+0.3862) | device_type_0 (-0.1811),Candidate for promotion - higher score
10433,0.00071218,0,added_to_cart (-4.8886) | user_type_0 (+0.3862) | device_type_0 (-0.1811),Retention/engagement nudge
1081,0.00041443,0,added_to_cart (-4.8886) | user_type_0 (-0.3160) | device_type_1 (-0.1768),Retention/engagement nudge
18182,0.00059184,0,added_to_cart (-4.8886) | user_type_0 (+0.3862) | visit_season_0 (-0.1830),Retention/engagement nudge
5659,0.71634335,1,added_to_cart (+3.3972) | user_type_0 (+0.3862) | device_type_0 (-0.1811),Candidate for promotion - higher score
17971,0.60786981,1,added_to_cart (+3.3972) | user_type_0 (-0.3160) | device_type_1 (-0.1768),Candidate for promotion - threshold-qualified
24946,0.64946590,1,added_to_cart (+3.3972) | user_type_0 (+0.3862) | time_on_site_sec (-0.1895),Candidate for promotion - threshold-qualified
2828,0.55945875,0,added_to_cart (+3.3972) | user_type_0 (-0.3160) | device_type_0 (-0.1811),Investigate checkout/discount friction
16833,0.59702184,1,added_to_cart (+3.3972) | user_type_0 (-0.3160) | visit_season_0 (-0.1830),Candidate for promotion - threshold-qualified
12314,0.70995740,1,added_to_cart (+3.3972) | user_type_0 (+0.3862) | device_type_0 (-0.1811),Candidate for promotion - higher score
18169,0.00048671,0,added_to_cart (-4.8886) | user_type_0 (+0.3862) | device_type_1 (-0.1768),Retention/engagement nudge
24149,0.67923986,1,added_to_cart (+3.3972) | user_type_0 (+0.3862) | visit_season_1 (-0.1783),Candidate for promotion - higher score
22306,0.71831935,1,added_to_cart (+3.3972) | user_type_0 (+0.3862) | device_type_1 (-0.1768),Candidate for promotion - higher score
5564,0.00037856,0,added_to_cart (-4.8886) | user_type_0 (-0.3160) | visit_season_0 (-0.1830),Retention/engagement nudge
16241,0.00031398,0,added_to_cart (-4.8886) | user_type_0 (-0.3160) | device_type_2 (-0.2368),Retention/engagement nudge
3203,0.61599159,1,added_to_cart (+3.3972) | user_type_0 (-0.3160) | device_type_0 (-0.1811),Candidate for promotion - threshold-qualified
18501,0.00037223,0,added_to_cart (-4.8886) | user_type_0 (-0.3160) | device_type_2 (-0.2368),Retention/engagement nudge
100,0.69686137,1,added_to_cart (+3.3972) | user_type_0 (+0.3862) | visit_season_1 (-0.1783),Candidate for promotion - higher score
1453,0.57505440,1,added_to_cart (+3.3972) | user_type_0 (-0.3160) | device_type_0 (-0.1811),Candidate for promotion - threshold-qualified
19281,0.64946112,1,added_to_cart (+3.3972) | user_type_0 (+0.3862) | device_type_1 (-0.1768),Candidate for promotion - threshold-qualified
13850,0.00029490,0,added_to_cart (-4.8886) | user_type_0 (-0.3160) | visit_season_1 (-0.1783),Retention/engagement nudge
22803,0.60816105,1,added_to_cart (+3.3972) | user_type_0 (-0.3160) | visit_season_1 (-0.1783),Candidate for promotion - threshold-qualified
6407,0.00048805,0,added_to_cart (-4.8886) | user_type_0 (+0.3862) | visit_season_0 (-0.1830),Retention/engagement nudge
17496,0.68107549,1,added_to_cart (+3.3972) | user_type_0 (+0.3862) | visit_season_0 (-0.1830),Candidate for promotion - higher score
16805,0.00050016,0,added_to_cart (-4.8886) | user_type_0 (+0.3862) | device_type_1 (-0.1768),Retention/engagement nudge
17530,0.00032760,0,added_to_cart (-4.8886) | user_type_0 (-0.3160) | device_type_1 (-0.1768),Retention/engagement nudge
19111,0.57299168,1,added_to_cart (+3.3972) | user_type_0 (-0.3160) | device_type_1 (-0.1768),Candidate for promotion - threshold-qualified
2109,0.72472774,1,added_to_cart (+3.3972) | user_type_0 (+0.3862) | device_type_1 (-0.1768),Candidate for promotion - higher score
10466,0.65938289,1,added_to_cart (+3.3972) | user_type_0 (+0.3862) | device_type_1 (-0.1768),Candidate for promotion - threshold-qualified
6743,0.58664582,1,added_to_cart (+3.3972) | user_type_0 (-0.3160) | device_type_1 (-0.1768),Candidate for promotion - threshold-qualified
24053,0.72714139,1,added_to_cart (+3.3972) | user_type_0 (+0.3862) | device_type_0 (-0.1811),Candidate for promotion - higher score
1077,0.75455422,1,added_to_cart (+3.3972) | user_type_0 (+0.3862) | device_type_0 (-0.1811),Candidate for promotion - higher score
6070,0.70923092,1,added_to_cart (+3.3972) | user_type_0 (+0.3862) | device_type_2 (-0.2368),Candidate for promotion - higher score
3345,0.71032720,1,added_to_cart (+3.3972) | user_type_0 (+0.3862) | device_type_0 (-0.1811),Candidate for promotion - higher score
10803,0.65472051,1,added_to_cart (+3.3972) | user_type_0 (+0.3862) | device_type_0 (-0.1811),Candidate for promotion - threshold-qualified
21421,0.00040636,0,added_to_cart (-4.8886) | user_type_0 (-0.3160) | visit_season_1 (-0.1783),Retention/engagement nudge
23173,0.66934303,1,added_to_cart (+3.3972) | user_type_0 (+0.3862) | visit_season_1 (-0.1783),Candidate for promotion - threshold-qualified
4451,0.00051971,0,added_to_cart (-4.8886) | user_type_0 (+0.3862) | visit_season_0 (-0.1830),Retention/engagement nudge
10694,0.00053042,0,added_to_cart (-4.8886) | user_type_0 (+0.3862) | device_type_1 (-0.1768),Retention/engagement nudge
15455,0.00037988,0,added_to_cart (-4.8886) | user_type_0 (-0.3160) | visit_season_0 (-0.1830),Retention/engagement nudge
1774,0.00067089,0,added_to_cart (-4.8886) | user_type_0 (+0.3862) | device_type_1 (-0.1768),Retention/engagement nudge
8623,0.00038755,0,added_to_cart (-4.8886) | user_type_0 (-0.3160) | device_type_0 (-0.1811),Retention/engagement nudge
6847,0.00031625,0,added_to_cart (-4.8886) | user_type_0 (-0.3160) | device_type_1 (-0.1768),Retention/engagement nudge
5880,0.54685288,0,added_to_cart (+3.3972) | user_type_0 (-0.3160) | visit_season_0 (-0.1830),Investigate checkout/discount friction
6884,0.73634249,1,added_to_cart (+3.3972) | user_type_0 (+0.3862) | device_type_2 (-0.2368),Candidate for promotion - higher score
24476,0.00078270,0,added_to_cart (-4.8886) | user_type_0 (+0.3862) | visit_season_1 (-0.1783),Retention/engagement nudge
15413,0.51584259,0,added_to_cart (+3.3972) | user_type_0 (-0.3160) | device_type_1 (-0.1768),Investigate checkout/discount friction
22406,0.62056789,1,added_to_cart (+3.3972) | user_type_0 (-0.3160) | device_type_1 (-0.1768),Candidate for promotion - threshold-qualified
13687,0.68692851,1,added_to_cart (+3.3972) | user_type_0 (+0.3862) | visit_season_0 (-0.1830),Candidate for promotion - higher score
19897,0.68790356,1,added_to_cart (+3.3972) | user_type_0 (+0.3862) | device_type_0 (-0.1811),Candidate for promotion - higher score
20684,0.65286171,1,added_to_cart (+3.3972) | user_type_0 (+0.3862) | visit_season_1 (-0.1783),Candidate for promotion - threshold-qualified
22700,0.59795158,1,added_to_cart (+3.3972) | user_type_0 (-0.3160) | device_type_0 (-0.1811),Candidate for promotion - threshold-qualified
24701,0.68454490,1,added_to_cart (+3.3972) | user_type_0 (+0.3862) | visit_season_0 (-0.1830),Candidate for promotion - higher score
11396,0.70508383,1,added_to_cart (+3.3972) | user_type_0 (+0.3862) | device_type_0 (-0.1811),Candidate for promotion - higher score
18234,0.00033155,0,added_to_cart (-4.8886) | user_type_0 (-0.3160) | device_type_2 (-0.2368),Retention/engagement nudge
14890,0.53782213,0,added_to_cart (+3.3972) | user_type_0 (-0.3160) | time_on_site_sec (-0.1976),Investigate checkout/discount friction
4586,0.00078946,0,added_to_cart (-4.8886) | user_type_0 (+0.3862) | device_type_1 (-0.1768),Retention/engagement nudge
3734,0.00036857,0,added_to_cart (-4.8886) | user_type_0 (-0.3160) | visit_season_1 (-0.1783),Retention/engagement nudge
703,0.58232819,1,added_to_cart (+3.3972) | user_type_0 (-0.3160) | time_on_site_sec (-0.1959),Candidate for promotion - threshold-qualified
15157,0.69599840,1,added_to_cart (+3.3972) | user_type_0 (+0.3862) | device_type_0 (-0.1811),Candidate for promotion - higher score
1430,0.00029957,0,added_to_cart (-4.8886) | user_type_0 (-0.3160) | time_on_site_sec (-0.1836),Retention/engagement nudge
11129,0.59448693,1,added_to_cart (+3.3972) | user_type_0 (-0.3160) | visit_season_0 (-0.1830),Candidate for promotion - threshold-qualified
16673,0.00048809,0,added_to_cart (-4.8886) | user_type_0 (+0.3862) | visit_season_0 (-0.1830),Retention/engagement nudge
7639,0.00053406,0,added_to_cart (-4.8886) | user_type_0 (+0.3862) | visit_season_1 (-0.1783),Retention/engagement nudge
7647,0.51098934,0,added_to_cart (+3.3972) | user_type_0 (-0.3160) | device_type_2 (-0.2368),Investigate checkout/discount friction
22301,0.57788506,1,added_to_cart (+3.3972) | user_type_0 (-0.3160) | device_type_1 (-0.1768),Candidate for promotion - threshold-qualified
17642,0.63605214,1,added_to_cart (+3.3972) | user_type_0 (-0.3160) | device_type_0 (-0.1811),Candidate for promotion - threshold-qualified
14531,0.70621306,1,added_to_cart (+3.3972) | user_type_0 (+0.3862) | time_on_site_sec (-0.1948),Candidate for promotion - higher score
20968,0.67671984,1,added_to_cart (+3.3972) | user_type_0 (+0.3862) | device_type_0 (-0.1811),Candidate for promotion - higher score
20896,0.00044991,0,added_to_cart (-4.8886) | user_type_0 (+0.3862) | device_type_2 (-0.2368),Retention/engagement nudge
19573,0.67685691,1,added_to_cart (+3.3972) | user_type_0 (+0.3862) | visit_season_0 (-0.1830),Candidate for promotion - higher score
24159,0.62762783,1,added_to_cart (+3.3972) | user_type_0 (-0.3160) | visit_season_0 (-0.1830),Candidate for promotion - threshold-qualified
4698,0.67475860,1,added_to_cart (+3.3972) | user_type_0 (+0.3862) | device_type_1 (-0.1768),Candidate for promotion - higher score
24070,0.54863957,0,added_to_cart (+3.3972) | user_type_0 (-0.3160) | device_type_0 (-0.1811),Investigate checkout/discount friction
4809,0.00038441,0,added_to_cart (-4.8886) | user_type_0 (-0.3160) | visit_season_1 (-0.1783),Retention/engagement nudge
252,0.59879715,1,added_to_cart (+3.3972) | user_type_0 (-0.3160) | device_type_1 (-0.1768),Candidate for promotion - threshold-qualified
17344,0.53787851,0,added_to_cart (+3.3972) | user_type_0 (-0.3160) | time_on_site_sec (-0.1900),Investigate checkout/discount friction
7460,0.00056915,0,added_to_cart (-4.8886) | user_type_0 (+0.3862) | device_type_1 (-0.1768),Retention/engagement nudge
10493,0.70626092,1,added_to_cart (+3.3972) | user_type_0 (+0.3862) | device_type_2 (-0.2368),Candidate for promotion - higher score
4922,0.65997536,1,added_to_cart (+3.3972) | user_type_0 (+0.3862) | device_type_1 (-0.1768),Candidate for promotion - threshold-qualified
17085,0.75662884,1,added_to_cart (+3.3972) | user_type_0 (+0.3862) | visit_season_0 (-0.1830),Candidate for promotion - higher score
23943,0.60114496,1,added_to_cart (+3.3972) | user_type_0 (-0.3160) | time_on_site_sec (-0.2009),Candidate for promotion - threshold-qualified
21025,0.00038278,0,added_to_cart (-4.8886) | user_type_0 (-0.3160) | visit_season_0 (-0.1830),Retention/engagement nudge
1547,0.69136206,1,added_to_cart (+3.3972) | user_type_0 (+0.3862) | visit_season_1 (-0.1783),Candidate for promotion - higher score
2822,0.00057370,0,added_to_cart (-4.8886) | user_type_0 (+0.3862) | visit_season_1 (-0.1783),Retention/engagement nudge
16982,0.58775358,1,added_to_cart (+3.3972) | user_type_0 (-0.3160) | visit_season_0 (-0.1830),Candidate for promotion - threshold-qualified
20669,0.60184007,1,added_to_cart (+3.3972) | user_type_0 (-0.3160) | device_type_0 (-0.1811),Candidate for promotion - threshold-qualified
6944,0.57367645,1,added_to_cart (+3.3972) | user_type_0 (-0.3160) | device_type_1 (-0.1768),Candidate for promotion - threshold-qualified
6673,0.60105195,1,added_to_cart (+3.3972) | user_type_0 (-0.3160) | device_type_1 (-0.1768),Candidate for promotion - threshold-qualified
3407,0.56112975,0,added_to_cart (+3.3972) | user_type_0 (-0.3160) | device_type_2 (-0.2368),Investigate checkout/discount friction
9169,0.60816046,1,added_to_cart (+3.3972) | user_type_0 (-0.3160) | visit_season_0 (-0.1830),Candidate for promotion - threshold-qualified
16077,0.66355152,1,added_to_cart (+3.3972) | user_type_0 (+0.3862) | device_type_1 (-0.1768),Candidate for promotion - threshold-qualified
9029,0.00060393,0,added_to_cart (-4.8886) | user_type_0 (+0.3862) | visit_season_0 (-0.1830),Retention/engagement nudge
9949,0.60683996,1,added_to_cart (+3.3972) | user_type_0 (-0.3160) | device_type_1 (-0.1768),Candidate for promotion - threshold-qualified
20282,0.00065983,0,added_to_cart (-4.8886) | user_type_0 (+0.3862) | device_type_1 (-0.1768),Retention/engagement nudge
2327,0.54109148,0,added_to_cart (+3.3972) | user_type_0 (-0.3160) | visit_season_1 (-0.1783),Investigate checkout/discount friction
13595,0.73561466,1,added_to_cart (+3.3972) | user_type_0 (+0.3862) | device_type_0 (-0.1811),Candidate for promotion - higher score
10563,0.65893981,1,added_to_cart (+3.3972) | user_type_0 (+0.3862) | visit_season_0 (-0.1830),Candidate for promotion - threshold-qualified
23575,0.56138684,0,added_to_cart (+3.3972) | user_type_0 (-0.3160) | device_type_1 (-0.1768),Investigate checkout/discount friction
2090,0.69622419,1,added_to_cart (+3.3972) | user_type_0 (+0.3862) | device_type_1 (-0.1768),Candidate for promotion - higher score
2254,0.55314637,0,added_to_cart (+3.3972) | user_type_0 (-0.3160) | device_type_0 (-0.1811),Investigate checkout/discount friction
7452,0.00057386,0,added_to_cart (-4.8886) | user_type_0 (+0.3862) | device_type_0 (-0.1811),Retention/engagement nudge
20265,0.69628474,1,added_to_cart (+3.3972) | user_type_0 (+0.3862) | visit_season_1 (-0.1783),Candidate for promotion - higher score
3912,0.00060655,0,added_to_cart (-4.8886) | user_type_0 (+0.3862) | device_type_0 (-0.1811),Retention/engagement nudge
12972,0.69985513,1,added_to_cart (+3.3972) | user_type_0 (+0.3862) | device_type_0 (-0.1811),Candidate for promotion - higher score
8237,0.66386894,1,added_to_cart (+3.3972) | user_type_0 (+0.3862) | device_type_1 (-0.1768),Candidate for promotion - threshold-qualified
6182,0.54131019,0,added_to_cart (+3.3972) | user_type_0 (-0.3160) | time_on_site_sec (-0.1944),Investigate checkout/discount friction
23243,0.00039748,0,added_to_cart (-4.8886) | user_type_0 (-0.3160) | device_type_1 (-0.1768),Retention/engagement nudge
9471,0.62453439,1,added_to_cart (+3.3972) | user_type_0 (-0.3160) | device_type_0 (-0.1811),Candidate for promotion - threshold-qualified
3333,0.00032113,0,added_to_cart (-4.8886) | user_type_0 (-0.3160) | device_type_1 (-0.1768),Retention/engagement nudge
17005,0.52278657,0,added_to_cart (+3.3972) | user_type_0 (-0.3160) | visit_season_0 (-0.1830),Investigate checkout/discount friction
12904,0.00032839,0,added_to_cart (-4.8886) | user_type_0 (-0.3160) | device_type_0 (-0.1811),Retention/engagement nudge
21471,0.00055312,0,added_to_cart (-4.8886) | user_type_0 (+0.3862) | device_type_0 (-0.1811),Retention/engagement nudge
3118,0.59264774,1,added_to_cart (+3.3972) | user_type_0 (-0.3160) | visit_season_0 (-0.1830),Candidate for promotion - threshold-qualified
1263,0.00060774,0,added_to_cart (-4.8886) | user_type_0 (+0.3862) | visit_season_0 (-0.1830),Retention/engagement nudge
22556,0.58395537,1,added_to_cart (+3.3972) | user_type_0 (-0.3160) | device_type_1 (-0.1768),Candidate for promotion - threshold-qualified
24015,0.59457089,1,added_to_cart (+3.3972) | user_type_0 (-0.3160) | device_type_0 (-0.1811),Candidate for promotion - threshold-qualified
9449,0.66605077,1,added_to_cart (+3.3972) | user_type_0 (+0.3862) | visit_season_0 (-0.1830),Candidate for promotion - threshold-qualified
10958,0.49762339,0,added_to_cart (+3.3972) | user_type_0 (-0.3160) | time_on_site_sec (-0.1826),Investigate checkout/discount friction
12530,0.00039972,0,added_to_cart (-4.8886) | user_type_0 (-0.3160) | device_type_0 (-0.1811),Retention/engagement nudge
10438,0.70646682,1,added_to_cart (+3.3972) | user_type_0 (+0.3862) | device_type_2 (-0.2368),Candidate for promotion - higher score
6919,0.00032628,0,added_to_cart (-4.8886) | user_type_0 (-0.3160) | device_type_1 (-0.1768),Retention/engagement nudge
22224,0.00049521,0,added_to_cart (-4.8886) | user_type_0 (+0.3862) | device_type_0 (-0.1811),Retention/engagement nudge
20096,0.69784063,1,added_to_cart (+3.3972) | user_type_0 (+0.3862) | visit_season_0 (-0.1830),Candidate for promotion - higher score
10061,0.55957245,0,added_to_cart (+3.3972) | user_type_0 (-0.3160) | visit_season_0 (-0.1830),Investigate checkout/discount friction
900,0.73239358,1,added_to_cart (+3.3972) | user_type_0 (+0.3862) | device_type_1 (-0.1768),Candidate for promotion - higher score
13808,0.00058762,0,added_to_cart (-4.8886) | user_type_0 (+0.3862) | device_type_1 (-0.1768),Retention/engagement nudge
17953,0.00058526,0,added_to_cart (-4.8886) | user_type_0 (+0.3862) | visit_season_0 (-0.1830),Retention/engagement nudge
15824,0.51632868,0,added_to_cart (+3.3972) | user_type_0 (-0.3160) | device_type_0 (-0.1811),Investigate checkout/discount friction
8350,0.60360746,1,added_to_cart (+3.3972) | user_type_0 (-0.3160) | device_type_0 (-0.1811),Candidate for promotion - threshold-qualified
7191,0.74047226,1,added_to_cart (+3.3972) | user_type_0 (+0.3862) | device_type_2 (-0.2368),Candidate for promotion - higher score
20439,0.00056341,0,added_to_cart (-4.8886) | user_type_0 (+0.3862) | time_on_site_sec (-0.1817),Retention/engagement nudge
24408,0.68226252,1,added_to_cart (+3.3972) | user_type_0 (+0.3862) | visit_season_0 (-0.1830),Candidate for promotion - higher score
24041,0.70954135,1,added_to_cart (+3.3972) | user_type_0 (+0.3862) | device_type_1 (-0.1768),Candidate for promotion - higher score
18308,0.69352139,1,added_to_cart (+3.3972) | user_type_0 (+0.3862) | device_type_0 (-0.1811),Candidate for promotion - higher score
12574,0.71272581,1,added_to_cart (+3.3972) | user_type_0 (+0.3862) | device_type_0 (-0.1811),Candidate for promotion - higher score
23058,0.00054173,0,added_to_cart (-4.8886) | user_type_0 (+0.3862) | time_on_site_sec (-0.1845),Retention/engagement nudge
3180,0.71738680,1,added_to_cart (+3.3972) | user_type_0 (+0.3862) | visit_season_1 (-0.1783),Candidate for promotion - higher score
16119,0.00038749,0,added_to_cart (-4.8886) | user_type_0 (-0.3160) | visit_season_1 (-0.1783),Retention/engagement nudge
247,0.70367160,1,added_to_cart (+3.3972) | user_type_0 (+0.3862) | device_type_2 (-0.2368),Candidate for promotion - higher score
5258,0.62665911,1,added_to_cart (+3.3972) | user_type_0 (-0.3160) | device_type_1 (-0.1768),Candidate for promotion - threshold-qualified
19996,0.64548704,1,added_to_cart (+3.3972) | user_type_0 (-0.3160) | visit_season_0 (-0.1830),Candidate for promotion - threshold-qualified
18102,0.65872733,1,added_to_cart (+3.3972) | user_type_0 (+0.3862) | time_on_site_sec (-0.1984),Candidate for promotion - threshold-qualified
312,0.57941965,1,added_to_cart (+3.3972) | user_type_0 (-0.3160) | device_type_0 (-0.1811),Candidate for promotion - threshold-qualified
18325,0.72770456,1,added_to_cart (+3.3972) | user_type_0 (+0.3862) | device_type_0 (-0.1811),Candidate for promotion - higher score
2746,0.63488613,1,added_to_cart (+3.3972) | user_type_0 (-0.3160) | device_type_0 (-0.1811),Candidate for promotion - threshold-qualified
24463,0.67680881,1,added_to_cart (+3.3972) | user_type_0 (+0.3862) | visit_season_0 (-0.1830),Candidate for promotion - higher score
9970,0.00068660,0,added_to_cart (-4.8886) | user_type_0 (+0.3862) | device_type_2 (-0.2368),Retention/engagement nudge
14906,0.60917696,1,added_to_cart (+3.3972) | user_type_0 (-0.3160) | device_type_1 (-0.1768),Candidate for promotion - threshold-qualified
16653,0.00030635,0,added_to_cart (-4.8886) | user_type_0 (-0.3160) | visit_season_0 (-0.1830),Retention/engagement nudge
13160,0.53671566,0,added_to_cart (+3.3972) | user_type_0 (-0.3160) | visit_season_0 (-0.1830),Investigate checkout/discount friction
16783,0.00039275,0,added_to_cart (-4.8886) | user_type_0 (-0.3160) | visit_season_1 (-0.1783),Retention/engagement nudge
348,0.00034772,0,added_to_cart (-4.8886) | user_type_0 (-0.3160) | device_type_1 (-0.1768),Retention/engagement nudge
21814,0.57626471,1,added_to_cart (+3.3972) | user_type_0 (-0.3160) | device_type_0 (-0.1811),Candidate for promotion - threshold-qualified
13206,0.61838719,1,added_to_cart (+3.3972) | user_type_0 (-0.3160) | device_type_0 (-0.1811),Candidate for promotion - threshold-qualified
1532,0.00031981,0,added_to_cart (-4.8886) | user_type_0 (-0.3160) | visit_season_0 (-0.1830),Retention/engagement nudge
11676,0.75459275,1,added_to_cart (+3.3972) | user_type_0 (+0.3862) | device_type_0 (-0.1811),Candidate for promotion - higher score
1571,0.56262608,0,added_to_cart (+3.3972) | user_type_0 (-0.3160) | device_type_0 (-0.1811),Investigate checkout/discount friction
21308,0.56956468,0,added_to_cart (+3.3972) | user_type_0 (-0.3160) | device_type_2 (-0.2368),Investigate checkout/discount friction
13945,0.00058624,0,added_to_cart (-4.8886) | user_type_0 (+0.3862) | device_type_1 (-0.1768),Retention/engagement nudge
6432,0.66718794,1,added_to_cart (+3.3972) | user_type_0 (+0.3862) | device_type_2 (-0.2368),Candidate for promotion - threshold-qualified
7551,0.60366585,1,added_to_cart (+3.3972) | user_type_0 (-0.3160) | device_type_0 (-0.1811),Candidate for promotion - threshold-qualified
8055,0.00052562,0,added_to_cart (-4.8886) | user_type_0 (+0.3862) | device_type_0 (-0.1811),Retention/engagement nudge
6823,0.74977716,1,added_to_cart (+3.3972) | user_type_0 (+0.3862) | device_type_1 (-0.1768),Candidate for promotion - higher score
8550,0.00077302,0,added_to_cart (-4.8886) | user_type_0 (+0.3862) | device_type_1 (-0.1768),Retention/engagement nudge
21330,0.67512740,1,added_to_cart (+3.3972) | user_type_0 (+0.3862) | visit_season_0 (-0.1830),Candidate for promotion - higher score
4601,0.00046115,0,added_to_cart (-4.8886) | user_type_0 (+0.3862) | device_type_0 (-0.1811),Retention/engagement nudge
22335,0.68468787,1,added_to_cart (+3.3972) | user_type_0 (+0.3862) | visit_season_0 (-0.1830),Candidate for promotion - higher score
23918,0.66310570,1,added_to_cart (+3.3972) | user_type_0 (+0.3862) | time_on_site_sec (-0.1946),Candidate for promotion - threshold-qualified
21557,0.70336460,1,added_to_cart (+3.3972) | user_type_0 (+0.3862) | visit_season_0 (-0.1830),Candidate for promotion - higher score
5191,0.54248257,0,added_to_cart (+3.3972) | user_type_0 (-0.3160) | device_type_0 (-0.1811),Investigate checkout/discount friction
1020,0.67372159,1,added_to_cart (+3.3972) | user_type_0 (+0.3862) | visit_season_0 (-0.1830),Candidate for promotion - higher score
15770,0.61570420,1,added_to_cart (+3.3972) | user_type_0 (-0.3160) | visit_season_0 (-0.1830),Candidate for promotion - threshold-qualified
8138,0.00048725,0,added_to_cart (-4.8886) | user_type_0 (+0.3862) | device_type_1 (-0.1768),Retention/engagement nudge
16677,0.00032968,0,added_to_cart (-4.8886) | user_type_0 (-0.3160) | visit_season_0 (-0.1830),Retention/engagement nudge
12436,0.54969166,0,added_to_cart (+3.3972) | user_type_0 (-0.3160) | time_on_site_sec (-0.1841),Investigate checkout/discount friction
16052,0.00034935,0,added_to_cart (-4.8886) | user_type_0 (-0.3160) | device_type_2 (-0.2368),Retention/engagement nudge
15684,0.00044194,0,added_to_cart (-4.8886) | user_type_0 (-0.3160) | visit_season_0 (-0.1830),Retention/engagement nudge
18152,0.00031550,0,added_to_cart (-4.8886) | user_type_0 (-0.3160) | visit_season_1 (-0.1783),Retention/engagement nudge
19854,0.65211275,1,added_to_cart (+3.3972) | user_type_0 (+0.3862) | visit_season_0 (-0.1830),Candidate for promotion - threshold-qualified
21566,0.00063827,0,added_to_cart (-4.8886) | user_type_0 (+0.3862) | device_type_1 (-0.1768),Retention/engagement nudge
2901,0.68835468,1,added_to_cart (+3.3972) | user_type_0 (+0.3862) | visit_season_0 (-0.1830),Candidate for promotion - higher score
16446,0.51043641,0,added_to_cart (+3.3972) | user_type_0 (-0.3160) | device_type_0 (-0.1811),Investigate checkout/discount friction
20939,0.69304007,1,added_to_cart (+3.3972) | user_type_0 (+0.3862) | device_type_1 (-0.1768),Candidate for promotion - higher score
21914,0.73120332,1,added_to_cart (+3.3972) | user_type_0 (+0.3862) | device_type_1 (-0.1768),Candidate for promotion - higher score
20268,0.00044431,0,added_to_cart (-4.8886) | user_type_0 (+0.3862) | time_on_site_sec (-0.2016),Retention/engagement nudge
1687,0.00053351,0,added_to_cart (-4.8886) | user_type_0 (+0.3862) | device_type_2 (-0.2368),Retention/engagement nudge
23968,0.00031804,0,added_to_cart (-4.8886) | user_type_0 (-0.3160) | device_type_1 (-0.1768),Retention/engagement nudge
23608,0.00062990,0,added_to_cart (-4.8886) | user_type_0 (+0.3862) | device_type_0 (-0.1811),Retention/engagement nudge
12933,0.67522030,1,added_to_cart (+3.3972) | user_type_0 (+0.3862) | visit_season_0 (-0.1830),Candidate for promotion - higher score
11697,0.54975336,0,added_to_cart (+3.3972) | user_type_0 (-0.3160) | time_on_site_sec (-0.1893),Investigate checkout/discount friction
3927,0.00054155,0,added_to_cart (-4.8886) | user_type_0 (+0.3862) | visit_season_1 (-0.1783),Retention/engagement nudge
13804,0.00052638,0,added_to_cart (-4.8886) | user_type_0 (+0.3862) | device_type_0 (-0.1811),Retention/engagement nudge
7656,0.00064618,0,added_to_cart (-4.8886) | user_type_0 (+0.3862) | visit_season_1 (-0.1783),Retention/engagement nudge
7704,0.00054459,0,added_to_cart (-4.8886) | user_type_0 (+0.3862) | device_type_1 (-0.1768),Retention/engagement nudge
6236,0.00063991,0,added_to_cart (-4.8886) | user_type_0 (+0.3862) | device_type_1 (-0.1768),Retention/engagement nudge
7718,0.00031496,0,added_to_cart (-4.8886) | user_type_0 (-0.3160) | device_type_1 (-0.1768),Retention/engagement nudge
2233,0.75133311,1,added_to_cart (+3.3972) | user_type_0 (+0.3862) | device_type_1 (-0.1768),Candidate for promotion - higher score
24388,0.00035105,0,added_to_cart (-4.8886) | user_type_0 (-0.3160) | device_type_1 (-0.1768),Retention/engagement nudge
9863,0.71298851,1,added_to_cart (+3.3972) | user_type_0 (+0.3862) | device_type_0 (-0.1811),Candidate for promotion - higher score
9672,0.64983176,1,added_to_cart (+3.3972) | user_type_0 (+0.3862) | visit_season_1 (-0.1783),Candidate for promotion - threshold-qualified
7998,0.00041385,0,added_to_cart (-4.8886) | user_type_0 (-0.3160) | device_type_0 (-0.1811),Retention/engagement nudge
14725,0.66990174,1,added_to_cart (+3.3972) | user_type_0 (+0.3862) | visit_season_0 (-0.1830),Candidate for promotion - threshold-qualified
19904,0.00033826,0,added_to_cart (-4.8886) | user_type_0 (-0.3160) | visit_season_1 (-0.1783),Retention/engagement nudge
21915,0.55767297,0,added_to_cart (+3.3972) | user_type_0 (-0.3160) | visit_season_0 (-0.1830),Investigate checkout/discount friction
5682,0.57866345,1,added_to_cart (+3.3972) | user_type_0 (-0.3160) | device_type_2 (-0.2368),Candidate for promotion - threshold-qualified
10092,0.00031559,0,added_to_cart (-4.8886) | user_type_0 (-0.3160) | device_type_0 (-0.1811),Retention/engagement nudge
20192,0.51821732,0,added_to_cart (+3.3972) | user_type_0 (-0.3160) | visit_season_0 (-0.1830),Investigate checkout/discount friction
4209,0.69413718,1,added_to_cart (+3.3972) | user_type_0 (+0.3862) | visit_season_0 (-0.1830),Candidate for promotion - higher score
19205,0.57193898,0,added_to_cart (+3.3972) | user_type_0 (-0.3160) | device_type_1 (-0.1768),Investigate checkout/discount friction
14557,0.54982643,0,added_to_cart (+3.3972) | user_type_0 (-0.3160) | device_type_1 (-0.1768),Investigate checkout/discount friction
4625,0.00036466,0,added_to_cart (-4.8886) | user_type_0 (-0.3160) | visit_season_0 (-0.1830),Retention/engagement nudge
24448,0.00063808,0,added_to_cart (-4.8886) | user_type_0 (+0.3862) | device_type_0 (-0.1811),Retention/engagement nudge
20618,0.70030856,1,added_to_cart (+3.3972) | user_type_0 (+0.3862) | visit_season_1 (-0.1783),Candidate for promotion - higher score
20538,0.00055238,0,added_to_cart (-4.8886) | user_type_0 (+0.3862) | device_type_1 (-0.1768),Retention/engagement nudge
21175,0.00050768,0,added_to_cart (-4.8886) | user_type_0 (+0.3862) | visit_season_0 (-0.1830),Retention/engagement nudge
3136,0.71332292,1,added_to_cart (+3.3972) | user_type_0 (+0.3862) | device_type_0 (-0.1811),Candidate for promotion - higher score
18009,0.59538262,1,added_to_cart (+3.3972) | user_type_0 (-0.3160) | visit_season_1 (-0.1783),Candidate for promotion - threshold-qualified
8162,0.68746697,1,added_to_cart (+3.3972) | user_type_0 (+0.3862) | visit_season_1 (-0.1783),Candidate for promotion - higher score
14126,0.70686088,1,added_to_cart (+3.3972) | user_type_0 (+0.3862) | visit_season_1 (-0.1783),Candidate for promotion - higher score
4078,0.00034021,0,added_to_cart (-4.8886) | user_type_0 (-0.3160) | time_on_site_sec (-0.1870),Retention/engagement nudge
974,0.00035262,0,added_to_cart (-4.8886) | user_type_0 (-0.3160) | visit_season_0 (-0.1830),Retention/engagement nudge
6258,0.00035449,0,added_to_cart (-4.8886) | user_type_0 (-0.3160) | device_type_0 (-0.1811),Retention/engagement nudge
13660,0.59641790,1,added_to_cart (+3.3972) | user_type_0 (-0.3160) | device_type_0 (-0.1811),Candidate for promotion - threshold-qualified
18301,0.60346131,1,added_to_cart (+3.3972) | user_type_0 (-0.3160) | visit_season_0 (-0.1830),Candidate for promotion - threshold-qualified
23115,0.00068908,0,added_to_cart (-4.8886) | user_type_0 (+0.3862) | device_type_0 (-0.1811),Retention/engagement nudge
15089,0.72694198,1,added_to_cart (+3.3972) | user_type_0 (+0.3862) | device_type_0 (-0.1811),Candidate for promotion - higher score
4688,0.64285986,1,added_to_cart (+3.3972) | user_type_0 (-0.3160) | device_type_1 (-0.1768),Candidate for promotion - threshold-qualified
16746,0.54301738,0,added_to_cart (+3.3972) | user_type_0 (-0.3160) | visit_season_0 (-0.1830),Investigate checkout/discount friction
15625,0.71670486,1,added_to_cart (+3.3972) | user_type_0 (+0.3862) | device_type_0 (-0.1811),Candidate for promotion - higher score
19547,0.00031532,0,added_to_cart (-4.8886) | user_type_0 (-0.3160) | visit_season_1 (-0.1783),Retention/engagement nudge
3119,0.00059988,0,added_to_cart (-4.8886) | user_type_0 (+0.3862) | device_type_1 (-0.1768),Retention/engagement nudge
12190,0.57919375,1,added_to_cart (+3.3972) | user_type_0 (-0.3160) | device_type_2 (-0.2368),Candidate for promotion - threshold-qualified
6843,0.66784216,1,added_to_cart (+3.3972) | user_type_0 (+0.3862) | time_on_site_sec (-0.1999),Candidate for promotion - threshold-qualified
17539,0.72375376,1,added_to_cart (+3.3972) | user_type_0 (+0.3862) | device_type_0 (-0.1811),Candidate for promotion - higher score
20985,0.55504369,0,added_to_cart (+3.3972) | user_type_0 (-0.3160) | visit_season_0 (-0.1830),Investigate checkout/discount friction
19463,0.63342308,1,added_to_cart (+3.3972) | user_type_0 (-0.3160) | visit_season_1 (-0.1783),Candidate for promotion - threshold-qualified
15914,0.53149537,0,added_to_cart (+3.3972) | user_type_0 (-0.3160) | device_type_0 (-0.1811),Investigate checkout/discount friction
19535,0.00051904,0,added_to_cart (-4.8886) | user_type_0 (+0.3862) | device_type_0 (-0.1811),Retention/engagement nudge
5102,0.71049218,1,added_to_cart (+3.3972) | user_type_0 (+0.3862) | visit_season_1 (-0.1783),Candidate for promotion - higher score
8431,0.55278855,0,added_to_cart (+3.3972) | user_type_0 (-0.3160) | device_type_0 (-0.1811),Investigate checkout/discount friction
12168,0.69874352,1,added_to_cart (+3.3972) | user_type_0 (+0.3862) | device_type_0 (-0.1811),Candidate for promotion - higher score
6379,0.60197707,1,added_to_cart (+3.3972) | user_type_0 (-0.3160) | device_type_1 (-0.1768),Candidate for promotion - threshold-qualified
9527,0.00036734,0,added_to_cart (-4.8886) | user_type_0 (-0.3160) | device_type_2 (-0.2368),Retention/engagement nudge
15890,0.00028413,0,added_to_cart (-4.8886) | user_type_0 (-0.3160) | device_type_0 (-0.1811),Retention/engagement nudge
11202,0.71315846,1,added_to_cart (+3.3972) | user_type_0 (+0.3862) | device_type_1 (-0.1768),Candidate for promotion - higher score
7125,0.69147427,1,added_to_cart (+3.3972) | user_type_0 (+0.3862) | device_type_2 (-0.2368),Candidate for promotion - higher score
24102,0.68532817,1,added_to_cart (+3.3972) | user_type_0 (+0.3862) | visit_season_0 (-0.1830),Candidate for promotion - higher score
9751,0.71423148,1,added_to_cart (+3.3972) | user_type_0 (+0.3862) | visit_season_0 (-0.1830),Candidate for promotion - higher score
20605,0.62083215,1,added_to_cart (+3.3972) | user_type_0 (-0.3160) | device_type_0 (-0.1811),Candidate for promotion - threshold-qualified
8110,0.00065028,0,added_to_cart (-4.8886) | user_type_0 (+0.3862) | device_type_2 (-0.2368),Retention/engagement nudge
12766,0.00074826,0,added_to_cart (-4.8886) | user_type_0 (+0.3862) | visit_season_0 (-0.1830),Retention/engagement nudge
23102,0.00036220,0,added_to_cart (-4.8886) | user_type_0 (-0.3160) | visit_season_1 (-0.1783),Retention/engagement nudge
3995,0.00067895,0,added_to_cart (-4.8886) | user_type_0 (+0.3862) | visit_season_1 (-0.1783),Retention/engagement nudge
22131,0.63326670,1,added_to_cart (+3.3972) | user_type_0 (-0.3160) | device_type_1 (-0.1768),Candidate for promotion - threshold-qualified
4111,0.67004272,1,added_to_cart (+3.3972) | user_type_0 (+0.3862) | visit_season_0 (-0.1830),Candidate for promotion - threshold-qualified
21480,0.00061620,0,added_to_cart (-4.8886) | user_type_0 (+0.3862) | visit_season_1 (-0.1783),Retention/engagement nudge
6870,0.68165700,1,added_to_cart (+3.3972) | user_type_0 (+0.3862) | device_type_1 (-0.1768),Candidate for promotion - higher score
4980,0.57799177,1,added_to_cart (+3.3972) | user_type_0 (-0.3160) | device_type_1 (-0.1768),Candidate for promotion - threshold-qualified
10051,0.69272013,1,added_to_cart (+3.3972) | user_type_0 (+0.3862) | device_type_0 (-0.1811),Candidate for promotion - higher score
22515,0.61728950,1,added_to_cart (+3.3972) | user_type_0 (-0.3160) | device_type_1 (-0.1768),Candidate for promotion - threshold-qualified
21935,0.75082584,1,added_to_cart (+3.3972) | user_type_0 (+0.3862) | visit_season_0 (-0.1830),Candidate for promotion - higher score
14328,0.00042163,0,added_to_cart (-4.8886) | user_type_0 (-0.3160) | device_type_1 (-0.1768),Retention/engagement nudge
14155,0.71476958,1,added_to_cart (+3.3972) | user_type_0 (+0.3862) | device_type_1 (-0.1768),Candidate for promotion - higher score
24180,0.60134554,1,added_to_cart (+3.3972) | user_type_0 (-0.3160) | visit_season_1 (-0.1783),Candidate for promotion - threshold-qualified
8030,0.00036091,0,added_to_cart (-4.8886) | user_type_0 (-0.3160) | device_type_0 (-0.1811),Retention/engagement nudge
12956,0.00049654,0,added_to_cart (-4.8886) | user_type_0 (+0.3862) | visit_season_0 (-0.1830),Retention/engagement nudge
21898,0.68671438,1,added_to_cart (+3.3972) | user_type_0 (+0.3862) | device_type_2 (-0.2368),Candidate for promotion - higher score
24298,0.00048140,0,added_to_cart (-4.8886) | user_type_0 (+0.3862) | device_type_0 (-0.1811),Retention/engagement nudge
12624,0.72311015,1,added_to_cart (+3.3972) | user_type_0 (+0.3862) | device_type_0 (-0.1811),Candidate for promotion - higher score
7680,0.67268961,1,added_to_cart (+3.3972) | user_type_0 (+0.3862) | visit_season_1 (-0.1783),Candidate for promotion - higher score
18044,0.54584476,0,added_to_cart (+3.3972) | user_type_0 (-0.3160) | visit_season_0 (-0.1830),Investigate checkout/discount friction
3600,0.00046746,0,added_to_cart (-4.8886) | user_type_0 (+0.3862) | device_type_0 (-0.1811),Retention/engagement nudge
16708,0.59039914,1,added_to_cart (+3.3972) | user_type_0 (-0.3160) | device_type_0 (-0.1811),Candidate for promotion - threshold-qualified
1155,0.67121316,1,added_to_cart (+3.3972) | user_type_0 (+0.3862) | visit_season_0 (-0.1830),Candidate for promotion - threshold-qualified
5611,0.00056959,0,added_to_cart (-4.8886) | user_type_0 (+0.3862) | visit_season_0 (-0.1830),Retention/engagement nudge
20303,0.65189112,1,added_to_cart (+3.3972) | user_type_0 (-0.3160) | visit_season_1 (-0.1783),Candidate for promotion - threshold-qualified
7144,0.54866982,0,added_to_cart (+3.3972) | user_type_0 (-0.3160) | time_on_site_sec (-0.1898),Investigate checkout/discount friction
12500,0.70996966,1,added_to_cart (+3.3972) | user_type_0 (+0.3862) | visit_season_0 (-0.1830),Candidate for promotion - higher score
18594,0.00057081,0,added_to_cart (-4.8886) | user_type_0 (+0.3862) | visit_season_0 (-0.1830),Retention/engagement nudge
14391,0.74517835,1,added_to_cart (+3.3972) | user_type_0 (+0.3862) | device_type_0 (-0.1811),Candidate for promotion - higher score
8614,0.65848924,1,added_to_cart (+3.3972) | user_type_0 (+0.3862) | device_type_1 (-0.1768),Candidate for promotion - threshold-qualified
5423,0.00059758,0,added_to_cart (-4.8886) | user_type_0 (+0.3862) | device_type_0 (-0.1811),Retention/engagement nudge
1595,0.71114443,1,added_to_cart (+3.3972) | user_type_0 (+0.3862) | visit_season_1 (-0.1783),Candidate for promotion - higher score
21488,0.71332018,1,added_to_cart (+3.3972) | user_type_0 (+0.3862) | device_type_1 (-0.1768),Candidate for promotion - higher score
5809,0.71879868,1,added_to_cart (+3.3972) | user_type_0 (+0.3862) | device_type_1 (-0.1768),Candidate for promotion - higher score
22284,0.00037100,0,added_to_cart (-4.8886) | user_type_0 (-0.3160) | device_type_1 (-0.1768),Retention/engagement nudge
1288,0.00047728,0,added_to_cart (-4.8886) | user_type_0 (-0.3160) | visit_season_0 (-0.1830),Retention/engagement nudge
14990,0.75854395,1,added_to_cart (+3.3972) | user_type_0 (+0.3862) | device_type_2 (-0.2368),Candidate for promotion - higher score
1006,0.00066986,0,added_to_cart (-4.8886) | user_type_0 (+0.3862) | device_type_2 (-0.2368),Retention/engagement nudge
21438,0.64370748,1,added_to_cart (+3.3972) | user_type_0 (-0.3160) | device_type_0 (-0.1811),Candidate for promotion - threshold-qualified
15794,0.00041310,0,added_to_cart (-4.8886) | user_type_0 (+0.3862) | visit_season_1 (-0.1783),Retention/engagement nudge
20128,0.00052975,0,added_to_cart (-4.8886) | user_type_0 (+0.3862) | device_type_0 (-0.1811),Retention/engagement nudge
14381,0.54524608,0,added_to_cart (+3.3972) | user_type_0 (-0.3160) | time_on_site_sec (-0.1938),Investigate checkout/discount friction
17188,0.00031064,0,added_to_cart (-4.8886) | user_type_0 (-0.3160) | time_on_site_sec (-0.1771),Retention/engagement nudge
3842,0.60003058,1,added_to_cart (+3.3972) | user_type_0 (-0.3160) | visit_season_0 (-0.1830),Candidate for promotion - threshold-qualified
12836,0.00046001,0,added_to_cart (-4.8886) | user_type_0 (+0.3862) | visit_season_0 (-0.1830),Retention/engagement nudge
2018,0.54867170,0,added_to_cart (+3.3972) | user_type_0 (-0.3160) | visit_season_1 (-0.1783),Investigate checkout/discount friction
684,0.59703019,1,added_to_cart (+3.3972) | user_type_0 (-0.3160) | device_type_0 (-0.1811),Candidate for promotion - threshold-qualified
10503,0.56984173,0,added_to_cart (+3.3972) | user_type_0 (-0.3160) | visit_season_1 (-0.1783),Investigate checkout/discount friction
23053,0.61478242,1,added_to_cart (+3.3972) | user_type_0 (-0.3160) | visit_season_1 (-0.1783),Candidate for promotion - threshold-qualified
6478,0.00037450,0,added_to_cart (-4.8886) | user_type_0 (-0.3160) | device_type_1 (-0.1768),Retention/engagement nudge
24222,0.70464843,1,added_to_cart (+3.3972) | user_type_0 (+0.3862) | device_type_1 (-0.1768),Candidate for promotion - higher score
7856,0.00069867,0,added_to_cart (-4.8886) | user_type_0 (+0.3862) | visit_season_1 (-0.1783),Retention/engagement nudge
7938,0.71550123,1,added_to_cart (+3.3972) | user_type_0 (+0.3862) | device_type_1 (-0.1768),Candidate for promotion - higher score
24918,0.00059025,0,added_to_cart (-4.8886) | user_type_0 (+0.3862) | visit_season_0 (-0.1830),Retention/engagement nudge
3130,0.67538948,1,added_to_cart (+3.3972) | user_type_0 (+0.3862) | visit_season_1 (-0.1783),Candidate for promotion - higher score
796,0.51862622,0,added_to_cart (+3.3972) | user_type_0 (-0.3160) | time_on_site_sec (-0.1999),Investigate checkout/discount friction
9456,0.00081116,0,added_to_cart (-4.8886) | user_type_0 (+0.3862) | device_type_0 (-0.1811),Retention/engagement nudge
16401,0.64421818,1,added_to_cart (+3.3972) | user_type_0 (-0.3160) | device_type_0 (-0.1811),Candidate for promotion - threshold-qualified
8393,0.67992208,1,added_to_cart (+3.3972) | user_type_0 (+0.3862) | visit_season_1 (-0.1783),Candidate for promotion - higher score
12601,0.68552487,1,added_to_cart (+3.3972) | user_type_0 (+0.3862) | device_type_0 (-0.1811),Candidate for promotion - higher score
9661,0.66261281,1,added_to_cart (+3.3972) | user_type_0 (+0.3862) | visit_season_1 (-0.1783),Candidate for promotion - threshold-qualified
19789,0.56332976,0,added_to_cart (+3.3972) | user_type_0 (-0.3160) | visit_season_0 (-0.1830),Investigate checkout/discount friction
6731,0.00036065,0,added_to_cart (-4.8886) | user_type_0 (-0.3160) | device_type_2 (-0.2368),Retention/engagement nudge
19595,0.62531414,1,added_to_cart (+3.3972) | user_type_0 (-0.3160) | visit_season_0 (-0.1830),Candidate for promotion - threshold-qualified
21081,0.60322058,1,added_to_cart (+3.3972) | user_type_0 (-0.3160) | visit_season_1 (-0.1783),Candidate for promotion - threshold-qualified
2477,0.66716273,1,added_to_cart (+3.3972) | user_type_0 (+0.3862) | device_type_1 (-0.1768),Candidate for promotion - threshold-qualified
7580,0.00054773,0,added_to_cart (-4.8886) | user_type_0 (+0.3862) | device_type_1 (-0.1768),Retention/engagement nudge
14112,0.64714361,1,added_to_cart (+3.3972) | user_type_0 (+0.3862) | device_type_1 (-0.1768),Candidate for promotion - threshold-qualified
19218,0.00031382,0,added_to_cart (-4.8886) | user_type_0 (-0.3160) | visit_season_0 (-0.1830),Retention/engagement nudge
12323,0.64476516,1,added_to_cart (+3.3972) | user_type_0 (+0.3862) | time_on_site_sec (-0.1796),Candidate for promotion - threshold-qualified
16013,0.00029798,0,added_to_cart (-4.8886) | user_type_0 (-0.3160) | device_type_1 (-0.1768),Retention/engagement nudge
3729,0.69504685,1,added_to_cart (+3.3972) | user_type_0 (+0.3862) | visit_season_1 (-0.1783),Candidate for promotion - higher score
14051,0.55308395,0,added_to_cart (+3.3972) | user_type_0 (-0.3160) | visit_season_0 (-0.1830),Investigate checkout/discount friction
21219,0.62236702,1,added_to_cart (+3.3972) | user_type_0 (-0.3160) | device_type_0 (-0.1811),Candidate for promotion - threshold-qualified
20941,0.72789826,1,added_to_cart (+3.3972) | user_type_0 (+0.3862) | device_type_0 (-0.1811),Candidate for promotion - higher score
10296,0.73217620,1,added_to_cart (+3.3972) | user_type_0 (+0.3862) | device_type_1 (-0.1768),Candidate for promotion - higher score
10328,0.64385001,1,added_to_cart (+3.3972) | user_type_0 (-0.3160) | device_type_0 (-0.1811),Candidate for promotion - threshold-qualified
4293,0.53096322,0,added_to_cart (+3.3972) | user_type_0 (-0.3160) | time_on_site_sec (-0.1895),Investigate checkout/discount friction
8978,0.54636106,0,added_to_cart (+3.3972) | user_type_0 (-0.3160) | visit_season_1 (-0.1783),Investigate checkout/discount friction
7010,0.56598534,0,added_to_cart (+3.3972) | user_type_0 (-0.3160) | visit_season_0 (-0.1830),Investigate checkout/discount friction
18351,0.00073235,0,added_to_cart (-4.8886) | user_type_0 (+0.3862) | device_type_2 (-0.2368),Retention/engagement nudge
7199,0.60282169,1,added_to_cart (+3.3972) | user_type_0 (-0.3160) | device_type_1 (-0.1768),Candidate for promotion - threshold-qualified
4949,0.71132395,1,added_to_cart (+3.3972) | user_type_0 (+0.3862) | device_type_2 (-0.2368),Candidate for promotion - higher score
23287,0.54522319,0,added_to_cart (+3.3972) | user_type_0 (-0.3160) | device_type_0 (-0.1811),Investigate checkout/discount friction
1765,0.62234268,1,added_to_cart (+3.3972) | user_type_0 (-0.3160) | visit_season_1 (-0.1783),Candidate for promotion - threshold-qualified
22305,0.68831181,1,added_to_cart (+3.3972) | user_type_0 (+0.3862) | visit_season_0 (-0.1830),Candidate for promotion - higher score
5118,0.00071585,0,added_to_cart (-4.8886) | user_type_0 (+0.3862) | visit_season_0 (-0.1830),Retention/engagement nudge
2381,0.74870849,1,added_to_cart (+3.3972) | user_type_0 (+0.3862) | device_type_1 (-0.1768),Candidate for promotion - higher score
24038,0.57442349,1,added_to_cart (+3.3972) | user_type_0 (-0.3160) | time_on_site_sec (-0.1872),Candidate for promotion - threshold-qualified
15938,0.58656925,1,added_to_cart (+3.3972) | user_type_0 (-0.3160) | device_type_2 (-0.2368),Candidate for promotion - threshold-qualified
9918,0.58518586,1,added_to_cart (+3.3972) | user_type_0 (-0.3160) | device_type_1 (-0.1768),Candidate for promotion - threshold-qualified
2679,0.68339688,1,added_to_cart (+3.3972) | user_type_0 (+0.3862) | device_type_0 (-0.1811),Candidate for promotion - higher score
22952,0.70256111,1,added_to_cart (+3.3972) | user_type_0 (+0.3862) | device_type_0 (-0.1811),Candidate for promotion - higher score
4032,0.00043524,0,added_to_cart (-4.8886) | user_type_0 (-0.3160) | visit_season_1 (-0.1783),Retention/engagement nudge
12288,0.70157372,1,added_to_cart (+3.3972) | user_type_0 (+0.3862) | time_on_site_sec (-0.2001),Candidate for promotion - higher score
8359,0.00037693,0,added_to_cart (-4.8886) | user_type_0 (-0.3160) | device_type_0 (-0.1811),Retention/engagement nudge
8399,0.73663632,1,added_to_cart (+3.3972) | user_type_0 (+0.3862) | device_type_0 (-0.1811),Candidate for promotion - higher score
9171,0.59468326,1,added_to_cart (+3.3972) | user_type_0 (-0.3160) | visit_season_1 (-0.1783),Candidate for promotion - threshold-qualified
3386,0.00036023,0,added_to_cart (-4.8886) | user_type_0 (-0.3160) | device_type_0 (-0.1811),Retention/engagement nudge
24162,0.00027947,0,added_to_cart (-4.8886) | user_type_0 (-0.3160) | device_type_1 (-0.1768),Retention/engagement nudge
14828,0.61841182,1,added_to_cart (+3.3972) | user_type_0 (-0.3160) | device_type_0 (-0.1811),Candidate for promotion - threshold-qualified
19849,0.00073080,0,added_to_cart (-4.8886) | user_type_0 (+0.3862) | visit_season_0 (-0.1830),Retention/engagement nudge
20350,0.70858801,1,added_to_cart (+3.3972) | user_type_0 (+0.3862) | device_type_1 (-0.1768),Candidate for promotion - higher score
23442,0.60394052,1,added_to_cart (+3.3972) | user_type_0 (-0.3160) | visit_season_0 (-0.1830),Candidate for promotion - threshold-qualified
4400,0.59734344,1,added_to_cart (+3.3972) | user_type_0 (-0.3160) | visit_season_0 (-0.1830),Candidate for promotion - threshold-qualified
19566,0.55933656,0,added_to_cart (+3.3972) | user_type_0 (-0.3160) | visit_season_0 (-0.1830),Investigate checkout/discount friction
4413,0.58029392,1,added_to_cart (+3.3972) | user_type_0 (-0.3160) | device_type_0 (-0.1811),Candidate for promotion - threshold-qualified
22375,0.00044677,0,added_to_cart (-4.8886) | user_type_0 (-0.3160) | device_type_0 (-0.1811),Retention/engagement nudge
6822,0.65307990,1,added_to_cart (+3.3972) | user_type_0 (+0.3862) | visit_season_0 (-0.1830),Candidate for promotion - threshold-qualified
2211,0.73514819,1,added_to_cart (+3.3972) | user_type_0 (+0.3862) | device_type_1 (-0.1768),Candidate for promotion - higher score
3470,0.00036654,0,added_to_cart (-4.8886) | user_type_0 (-0.3160) | device_type_0 (-0.1811),Retention/engagement nudge
22342,0.54381480,0,added_to_cart (+3.3972) | user_type_0 (-0.3160) | visit_season_0 (-0.1830),Investigate checkout/discount friction
4936,0.00057102,0,added_to_cart (-4.8886) | user_type_0 (+0.3862) | visit_season_0 (-0.1830),Retention/engagement nudge
9345,0.65436788,1,added_to_cart (+3.3972) | user_type_0 (+0.3862) | visit_season_1 (-0.1783),Candidate for promotion - threshold-qualified
18930,0.68796652,1,added_to_cart (+3.3972) | user_type_0 (+0.3862) | device_type_1 (-0.1768),Candidate for promotion - higher score
11557,0.00028440,0,added_to_cart (-4.8886) | user_type_0 (-0.3160) | visit_season_1 (-0.1783),Retention/engagement nudge
4155,0.00041385,0,added_to_cart (-4.8886) | user_type_0 (-0.3160) | device_type_1 (-0.1768),Retention/engagement nudge
20660,0.68659902,1,added_to_cart (+3.3972) | user_type_0 (+0.3862) | device_type_0 (-0.1811),Candidate for promotion - higher score
11836,0.67381422,1,added_to_cart (+3.3972) | user_type_0 (+0.3862) | device_type_0 (-0.1811),Candidate for promotion - higher score
12970,0.65729058,1,added_to_cart (+3.3972) | user_type_0 (+0.3862) | device_type_2 (-0.2368),Candidate for promotion - threshold-qualified
21037,0.00055251,0,added_to_cart (-4.8886) | user_type_0 (+0.3862) | device_type_1 (-0.1768),Retention/engagement nudge
13140,0.00047327,0,added_to_cart (-4.8886) | user_type_0 (+0.3862) | device_type_0 (-0.1811),Retention/engagement nudge
10590,0.00063497,0,added_to_cart (-4.8886) | user_type_0 (+0.3862) | device_type_1 (-0.1768),Retention/engagement nudge
6,0.74121857,1,added_to_cart (+3.3972) | user_type_0 (+0.3862) | device_type_0 (-0.1811),Candidate for promotion - higher score
13488,0.70600353,1,added_to_cart (+3.3972) | user_type_0 (+0.3862) | device_type_2 (-0.2368),Candidate for promotion - higher score
23923,0.00072439,0,added_to_cart (-4.8886) | user_type_0 (+0.3862) | device_type_1 (-0.1768),Retention/engagement nudge
12536,0.71276020,1,added_to_cart (+3.3972) | user_type_0 (+0.3862) | visit_season_0 (-0.1830),Candidate for promotion - higher score
6529,0.56734784,0,added_to_cart (+3.3972) | user_type_0 (-0.3160) | device_type_2 (-0.2368),Investigate checkout/discount friction
23870,0.69462065,1,added_to_cart (+3.3972) | user_type_0 (+0.3862) | visit_season_1 (-0.1783),Candidate for promotion - higher score
13127,0.00038572,0,added_to_cart (-4.8886) | user_type_0 (-0.3160) | device_type_1 (-0.1768),Retention/engagement nudge
23935,0.00053254,0,added_to_cart (-4.8886) | user_type_0 (+0.3862) | visit_season_0 (-0.1830),Retention/engagement nudge
8764,0.55580370,0,added_to_cart (+3.3972) | user_type_0 (-0.3160) | visit_season_0 (-0.1830),Investigate checkout/discount friction
19917,0.00055497,0,added_to_cart (-4.8886) | user_type_0 (+0.3862) | device_type_0 (-0.1811),Retention/engagement nudge
13535,0.63125833,1,added_to_cart (+3.3972) | user_type_0 (-0.3160) | device_type_1 (-0.1768),Candidate for promotion - threshold-qualified
15069,0.69018201,1,added_to_cart (+3.3972) | user_type_0 (+0.3862) | visit_season_0 (-0.1830),Candidate for promotion - higher score
8455,0.00033714,0,added_to_cart (-4.8886) | user_type_0 (-0.3160) | visit_season_1 (-0.1783),Retention/engagement nudge
13101,0.00041763,0,added_to_cart (-4.8886) | user_type_0 (-0.3160) | device_type_0 (-0.1811),Retention/engagement nudge
19181,0.00036923,0,added_to_cart (-4.8886) | user_type_0 (-0.3160) | device_type_0 (-0.1811),Retention/engagement nudge
1408,0.00053246,0,added_to_cart (-4.8886) | user_type_0 (+0.3862) | visit_season_0 (-0.1830),Retention/engagement nudge
7751,0.52516774,0,added_to_cart (+3.3972) | user_type_0 (-0.3160) | visit_season_0 (-0.1830),Investigate checkout/discount friction
9528,0.70377030,1,added_to_cart (+3.3972) | user_type_0 (+0.3862) | visit_season_1 (-0.1783),Candidate for promotion - higher score
3871,0.00026310,0,added_to_cart (-4.8886) | user_type_0 (-0.3160) | visit_season_0 (-0.1830),Retention/engagement nudge
9122,0.00034268,0,added_to_cart (-4.8886) | user_type_0 (-0.3160) | visit_season_0 (-0.1830),Retention/engagement nudge
20082,0.00043132,0,added_to_cart (-4.8886) | user_type_0 (+0.3862) | visit_season_1 (-0.1783),Retention/engagement nudge
3255,0.00035790,0,added_to_cart (-4.8886) | user_type_0 (-0.3160) | device_type_2 (-0.2368),Retention/engagement nudge
15548,0.00031176,0,added_to_cart (-4.8886) | user_type_0 (-0.3160) | visit_season_1 (-0.1783),Retention/engagement nudge
8040,0.00031002,0,added_to_cart (-4.8886) | user_type_0 (-0.3160) | device_type_0 (-0.1811),Retention/engagement nudge
14362,0.00043883,0,added_to_cart (-4.8886) | user_type_0 (-0.3160) | visit_season_0 (-0.1830),Retention/engagement nudge
19673,0.67664622,1,added_to_cart (+3.3972) | user_type_0 (+0.3862) | device_type_0 (-0.1811),Candidate for promotion - higher score
12011,0.00042943,0,added_to_cart (-4.8886) | user_type_0 (-0.3160) | device_type_0 (-0.1811),Retention/engagement nudge
657,0.00035406,0,added_to_cart (-4.8886) | user_type_0 (-0.3160) | visit_season_0 (-0.1830),Retention/engagement nudge
15269,0.59287221,1,added_to_cart (+3.3972) | user_type_0 (-0.3160) | device_type_2 (-0.2368),Candidate for promotion - threshold-qualified
4883,0.73783598,1,added_to_cart (+3.3972) | user_type_0 (+0.3862) | visit_season_0 (-0.1830),Candidate for promotion - higher score
6585,0.70251035,1,added_to_cart (+3.3972) | user_type_0 (+0.3862) | device_type_0 (-0.1811),Candidate for promotion - higher score
6227,0.68376823,1,added_to_cart (+3.3972) | user_type_0 (+0.3862) | device_type_0 (-0.1811),Candidate for promotion - higher score
2531,0.61753271,1,added_to_cart (+3.3972) | user_type_0 (-0.3160) | device_type_0 (-0.1811),Candidate for promotion - threshold-qualified
21634,0.62672717,1,added_to_cart (+3.3972) | user_type_0 (+0.3862) | time_on_site_sec (-0.1988),Candidate for promotion - threshold-qualified
21136,0.67302324,1,added_to_cart (+3.3972) | user_type_0 (+0.3862) | device_type_0 (-0.1811),Candidate for promotion - higher score
18310,0.00033315,0,added_to_cart (-4.8886) | user_type_0 (-0.3160) | device_type_0 (-0.1811),Retention/engagement nudge
4185,0.00027094,0,added_to_cart (-4.8886) | user_type_0 (-0.3160) | visit_season_0 (-0.1830),Retention/engagement nudge
17318,0.60775123,1,added_to_cart (+3.3972) | user_type_0 (-0.3160) | visit_season_1 (-0.1783),Candidate for promotion - threshold-qualified
17567,0.57046395,0,added_to_cart (+3.3972) | user_type_0 (-0.3160) | device_type_1 (-0.1768),Investigate checkout/discount friction
14928,0.74865817,1,added_to_cart (+3.3972) | user_type_0 (+0.3862) | visit_season_0 (-0.1830),Candidate for promotion - higher score
21348,0.69864548,1,added_to_cart (+3.3972) | user_type_0 (+0.3862) | device_type_0 (-0.1811),Candidate for promotion - higher score
15501,0.56266719,0,added_to_cart (+3.3972) | user_type_0 (-0.3160) | device_type_1 (-0.1768),Investigate checkout/discount friction
13531,0.70046021,1,added_to_cart (+3.3972) | user_type_0 (+0.3862) | device_type_0 (-0.1811),Candidate for promotion - higher score
13553,0.60664886,1,added_to_cart (+3.3972) | user_type_0 (-0.3160) | device_type_1 (-0.1768),Candidate for promotion - threshold-qualified
10068,0.00042014,0,added_to_cart (-4.8886) | user_type_0 (-0.3160) | device_type_0 (-0.1811),Retention/engagement nudge
8012,0.00035773,0,added_to_cart (-4.8886) | user_type_0 (-0.3160) | device_type_0 (-0.1811),Retention/engagement nudge
15513,0.00025100,0,added_to_cart (-4.8886) | user_type_0 (-0.3160) | time_on_site_sec (-0.1993),Retention/engagement nudge
5315,0.59296284,1,added_to_cart (+3.3972) | user_type_0 (-0.3160) | device_type_2 (-0.2368),Candidate for promotion - threshold-qualified
5355,0.68108098,1,added_to_cart (+3.3972) | user_type_0 (+0.3862) | device_type_1 (-0.1768),Candidate for promotion - higher score
5638,0.63907135,1,added_to_cart (+3.3972) | user_type_0 (-0.3160) | device_type_0 (-0.1811),Candidate for promotion - threshold-qualified
13696,0.47152699,0,added_to_cart (+3.3972) | user_type_0 (-0.3160) | device_type_0 (-0.1811),Investigate checkout/discount friction
24383,0.75066312,1,added_to_cart (+3.3972) | user_type_0 (+0.3862) | visit_season_1 (-0.1783),Candidate for promotion - higher score
10650,0.57588262,1,added_to_cart (+3.3972) | user_type_0 (-0.3160) | visit_season_1 (-0.1783),Candidate for promotion - threshold-qualified
7908,0.00053526,0,added_to_cart (-4.8886) | user_type_0 (+0.3862) | visit_season_0 (-0.1830),Retention/engagement nudge
20465,0.58952671,1,added_to_cart (+3.3972) | user_type_0 (-0.3160) | visit_season_1 (-0.1783),Candidate for promotion - threshold-qualified
11959,0.66743032,1,added_to_cart (+3.3972) | user_type_0 (+0.3862) | device_type_0 (-0.1811),Candidate for promotion - threshold-qualified
10784,0.52849546,0,added_to_cart (+3.3972) | user_type_0 (-0.3160) | device_type_2 (-0.2368),Investigate checkout/discount friction
8389,0.61469198,1,added_to_cart (+3.3972) | user_type_0 (-0.3160) | device_type_2 (-0.2368),Candidate for promotion - threshold-qualified
7479,0.68984739,1,added_to_cart (+3.3972) | user_type_0 (+0.3862) | device_type_0 (-0.1811),Candidate for promotion - higher score
18517,0.66811589,1,added_to_cart (+3.3972) | user_type_0 (+0.3862) | device_type_0 (-0.1811),Candidate for promotion - threshold-qualified
3026,0.72640660,1,added_to_cart (+3.3972) | user_type_0 (+0.3862) | visit_season_0 (-0.1830),Candidate for promotion - higher score
8244,0.00067649,0,added_to_cart (-4.8886) | user_type_0 (+0.3862) | device_type_1 (-0.1768),Retention/engagement nudge
10176,0.00060936,0,added_to_cart (-4.8886) | user_type_0 (+0.3862) | device_type_0 (-0.1811),Retention/engagement nudge
12866,0.68464620,1,added_to_cart (+3.3972) | user_type_0 (+0.3862) | visit_season_0 (-0.1830),Candidate for promotion - higher score
11533,0.00057357,0,added_to_cart (-4.8886) | user_type_0 (+0.3862) | device_type_0 (-0.1811),Retention/engagement nudge
9011,0.00036046,0,added_to_cart (-4.8886) | user_type_0 (-0.3160) | visit_season_1 (-0.1783),Retention/engagement nudge
21811,0.57087459,0,added_to_cart (+3.3972) | user_type_0 (-0.3160) | visit_season_1 (-0.1783),Investigate checkout/discount friction
3562,0.00035255,0,added_to_cart (-4.8886) | user_type_0 (-0.3160) | visit_season_1 (-0.1783),Retention/engagement nudge
2536,0.72680715,1,added_to_cart (+3.3972) | user_type_0 (+0.3862) | visit_season_0 (-0.1830),Candidate for promotion - higher score
13328,0.00040808,0,added_to_cart (-4.8886) | user_type_0 (-0.3160) | visit_season_0 (-0.1830),Retention/engagement nudge
612,0.70463811,1,added_to_cart (+3.3972) | user_type_0 (+0.3862) | visit_season_1 (-0.1783),Candidate for promotion - higher score
18130,0.58114361,1,added_to_cart (+3.3972) | user_type_0 (-0.3160) | device_type_2 (-0.2368),Candidate for promotion - threshold-qualified
13495,0.00054318,0,added_to_cart (-4.8886) | user_type_0 (+0.3862) | device_type_1 (-0.1768),Retention/engagement nudge
19089,0.00050331,0,added_to_cart (-4.8886) | user_type_0 (+0.3862) | visit_season_0 (-0.1830),Retention/engagement nudge
18769,0.00045838,0,added_to_cart (-4.8886) | user_type_0 (+0.3862) | device_type_0 (-0.1811),Retention/engagement nudge
18750,0.54171259,0,added_to_cart (+3.3972) | user_type_0 (-0.3160) | device_type_1 (-0.1768),Investigate checkout/discount friction
3413,0.65080841,1,added_to_cart (+3.3972) | user_type_0 (+0.3862) | visit_season_0 (-0.1830),Candidate for promotion - threshold-qualified
3293,0.57246093,0,added_to_cart (+3.3972) | user_type_0 (-0.3160) | visit_season_1 (-0.1783),Investigate checkout/discount friction
8213,0.67712402,1,added_to_cart (+3.3972) | user_type_0 (+0.3862) | device_type_1 (-0.1768),Candidate for promotion - higher score
13118,0.00052294,0,added_to_cart (-4.8886) | user_type_0 (+0.3862) | visit_season_0 (-0.1830),Retention/engagement nudge
24534,0.68955237,1,added_to_cart (+3.3972) | user_type_0 (+0.3862) | device_type_0 (-0.1811),Candidate for promotion - higher score
3571,0.61955112,1,added_to_cart (+3.3972) | user_type_0 (-0.3160) | device_type_0 (-0.1811),Candidate for promotion - threshold-qualified
22438,0.52077458,0,added_to_cart (+3.3972) | user_type_0 (-0.3160) | visit_season_0 (-0.1830),Investigate checkout/discount friction
4091,0.64253074,1,added_to_cart (+3.3972) | user_type_0 (+0.3862) | device_type_0 (-0.1811),Candidate for promotion - threshold-qualified
21575,0.73643547,1,added_to_cart (+3.3972) | user_type_0 (+0.3862) | device_type_1 (-0.1768),Candidate for promotion - higher score
20952,0.00033808,0,added_to_cart (-4.8886) | user_type_0 (-0.3160) | device_type_0 (-0.1811),Retention/engagement nudge
7781,0.68986445,1,added_to_cart (+3.3972) | user_type_0 (+0.3862) | visit_season_0 (-0.1830),Candidate for promotion - higher score
21546,0.76841448,1,added_to_cart (+3.3972) | user_type_0 (+0.3862) | device_type_0 (-0.1811),Candidate for promotion - higher score
13227,0.62451799,1,added_to_cart (+3.3972) | user_type_0 (-0.3160) | device_type_1 (-0.1768),Candidate for promotion - threshold-qualified
24760,0.00052337,0,added_to_cart (-4.8886) | user_type_0 (+0.3862) | device_type_1 (-0.1768),Retention/engagement nudge
21830,0.00058534,0,added_to_cart (-4.8886) | user_type_0 (+0.3862) | device_type_0 (-0.1811),Retention/engagement nudge
9398,0.64455329,1,added_to_cart (+3.3972) | user_type_0 (+0.3862) | device_type_1 (-0.1768),Candidate for promotion - threshold-qualified
10904,0.00046523,0,added_to_cart (-4.8886) | user_type_0 (-0.3160) | device_type_1 (-0.1768),Retention/engagement nudge
10099,0.69695849,1,added_to_cart (+3.3972) | user_type_0 (+0.3862) | device_type_1 (-0.1768),Candidate for promotion - higher score
7780,0.57073036,0,added_to_cart (+3.3972) | user_type_0 (-0.3160) | device_type_1 (-0.1768),Investigate checkout/discount friction
7890,0.67125710,1,added_to_cart (+3.3972) | user_type_0 (+0.3862) | device_type_0 (-0.1811),Candidate for promotion - threshold-qualified
508,0.73736224,1,added_to_cart (+3.3972) | user_type_0 (+0.3862) | device_type_1 (-0.1768),Candidate for promotion - higher score
16234,0.00043207,0,added_to_cart (-4.8886) | user_type_0 (-0.3160) | device_type_0 (-0.1811),Retention/engagement nudge
8337,0.00031725,0,added_to_cart (-4.8886) | user_type_0 (-0.3160) | device_type_2 (-0.2368),Retention/engagement nudge
7577,0.73424017,1,added_to_cart (+3.3972) | user_type_0 (+0.3862) | device_type_0 (-0.1811),Candidate for promotion - higher score
11010,0.00037509,0,added_to_cart (-4.8886) | user_type_0 (-0.3160) | device_type_1 (-0.1768),Retention/engagement nudge
14116,0.00049264,0,added_to_cart (-4.8886) | user_type_0 (+0.3862) | time_on_site_sec (-0.1931),Retention/engagement nudge
8943,0.68724601,1,added_to_cart (+3.3972) | user_type_0 (+0.3862) | device_type_1 (-0.1768),Candidate for promotion - higher score
22006,0.00048848,0,added_to_cart (-4.8886) | user_type_0 (+0.3862) | visit_season_0 (-0.1830),Retention/engagement nudge
23585,0.72706352,1,added_to_cart (+3.3972) | user_type_0 (+0.3862) | device_type_0 (-0.1811),Candidate for promotion - higher score
15546,0.67512314,1,added_to_cart (+3.3972) | user_type_0 (+0.3862) | visit_season_1 (-0.1783),Candidate for promotion - higher score
16743,0.66909548,1,added_to_cart (+3.3972) | user_type_0 (+0.3862) | visit_season_1 (-0.1783),Candidate for promotion - threshold-qualified
20844,0.00050717,0,added_to_cart (-4.8886) | user_type_0 (+0.3862) | device_type_1 (-0.1768),Retention/engagement nudge
8774,0.00066370,0,added_to_cart (-4.8886) | user_type_0 (+0.3862) | device_type_1 (-0.1768),Retention/engagement nudge
7889,0.00044334,0,added_to_cart (-4.8886) | user_type_0 (-0.3160) | device_type_2 (-0.2368),Retention/engagement nudge
621,0.68225279,1,added_to_cart (+3.3972) | user_type_0 (+0.3862) | visit_season_0 (-0.1830),Candidate for promotion - higher score
16650,0.69031574,1,added_to_cart (+3.3972) | user_type_0 (+0.3862) | visit_season_0 (-0.1830),Candidate for promotion - higher score
14210,0.75358921,1,added_to_cart (+3.3972) | user_type_0 (+0.3862) | visit_season_0 (-0.1830),Candidate for promotion - higher score
11327,0.66894251,1,added_to_cart (+3.3972) | user_type_0 (+0.3862) | visit_season_0 (-0.1830),Candidate for promotion - threshold-qualified
16369,0.70334665,1,added_to_cart (+3.3972) | user_type_0 (+0.3862) | time_on_site_sec (-0.1919),Candidate for promotion - higher score
21940,0.00061845,0,added_to_cart (-4.8886) | user_type_0 (+0.3862) | visit_season_1 (-0.1783),Retention/engagement nudge
17201,0.68843564,1,added_to_cart (+3.3972) | user_type_0 (+0.3862) | device_type_1 (-0.1768),Candidate for promotion - higher score
16734,0.71170927,1,added_to_cart (+3.3972) | user_type_0 (+0.3862) | visit_season_0 (-0.1830),Candidate for promotion - higher score
6497,0.00035194,0,added_to_cart (-4.8886) | user_type_0 (-0.3160) | device_type_1 (-0.1768),Retention/engagement nudge
20807,0.00031964,0,added_to_cart (-4.8886) | user_type_0 (-0.3160) | visit_season_0 (-0.1830),Retention/engagement nudge
11562,0.55971362,0,added_to_cart (+3.3972) | user_type_0 (-0.3160) | visit_season_1 (-0.1783),Investigate checkout/discount friction
13967,0.54640309,0,added_to_cart (+3.3972) | user_type_0 (-0.3160) | visit_season_0 (-0.1830),Investigate checkout/discount friction
20353,0.00048943,0,added_to_cart (-4.8886) | user_type_0 (+0.3862) | visit_season_1 (-0.1783),Retention/engagement nudge
10611,0.70606546,1,added_to_cart (+3.3972) | user_type_0 (+0.3862) | device_type_1 (-0.1768),Candidate for promotion - higher score
24066,0.00035989,0,added_to_cart (-4.8886) | user_type_0 (-0.3160) | visit_season_0 (-0.1830),Retention/engagement nudge
6235,0.64574743,1,added_to_cart (+3.3972) | user_type_0 (+0.3862) | visit_season_1 (-0.1783),Candidate for promotion - threshold-qualified
2823,0.00057306,0,added_to_cart (-4.8886) | user_type_0 (+0.3862) | device_type_2 (-0.2368),Retention/engagement nudge
13639,0.00042743,0,added_to_cart (-4.8886) | user_type_0 (-0.3160) | device_type_0 (-0.1811),Retention/engagement nudge
22817,0.68670305,1,added_to_cart (+3.3972) | user_type_0 (+0.3862) | device_type_0 (-0.1811),Candidate for promotion - higher score
14060,0.00034600,0,added_to_cart (-4.8886) | user_type_0 (-0.3160) | device_type_1 (-0.1768),Retention/engagement nudge
17593,0.00030538,0,added_to_cart (-4.8886) | user_type_0 (-0.3160) | visit_season_1 (-0.1783),Retention/engagement nudge
2486,0.00046389,0,added_to_cart (-4.8886) | user_type_0 (-0.3160) | visit_season_0 (-0.1830),Retention/engagement nudge
816,0.00027413,0,added_to_cart (-4.8886) | user_type_0 (-0.3160) | visit_season_1 (-0.1783),Retention/engagement nudge
20394,0.00054030,0,added_to_cart (-4.8886) | user_type_0 (+0.3862) | device_type_0 (-0.1811),Retention/engagement nudge
17691,0.00046140,0,added_to_cart (-4.8886) | user_type_0 (-0.3160) | device_type_1 (-0.1768),Retention/engagement nudge
18097,0.00033030,0,added_to_cart (-4.8886) | user_type_0 (-0.3160) | visit_season_1 (-0.1783),Retention/engagement nudge
4333,0.54369209,0,added_to_cart (+3.3972) | user_type_0 (-0.3160) | device_type_1 (-0.1768),Investigate checkout/discount friction
18024,0.56932096,0,added_to_cart (+3.3972) | user_type_0 (-0.3160) | device_type_0 (-0.1811),Investigate checkout/discount friction
2632,0.57776599,1,added_to_cart (+3.3972) | user_type_0 (-0.3160) | visit_season_0 (-0.1830),Candidate for promotion - threshold-qualified
15972,0.66031521,1,added_to_cart (+3.3972) | user_type_0 (+0.3862) | device_type_0 (-0.1811),Candidate for promotion - threshold-qualified
21384,0.58627877,1,added_to_cart (+3.3972) | user_type_0 (-0.3160) | device_type_2 (-0.2368),Candidate for promotion - threshold-qualified
15789,0.00053666,0,added_to_cart (-4.8886) | user_type_0 (+0.3862) | device_type_1 (-0.1768),Retention/engagement nudge
18807,0.00036982,0,added_to_cart (-4.8886) | user_type_0 (-0.3160) | visit_season_0 (-0.1830),Retention/engagement nudge
22801,0.60538800,1,added_to_cart (+3.3972) | user_type_0 (-0.3160) | device_type_2 (-0.2368),Candidate for promotion - threshold-qualified
22718,0.00059204,0,added_to_cart (-4.8886) | user_type_0 (+0.3862) | visit_season_0 (-0.1830),Retention/engagement nudge
4271,0.62180773,1,added_to_cart (+3.3972) | user_type_0 (-0.3160) | device_type_2 (-0.2368),Candidate for promotion - threshold-qualified
9877,0.70156353,1,added_to_cart (+3.3972) | user_type_0 (+0.3862) | device_type_1 (-0.1768),Candidate for promotion - higher score
1794,0.75007762,1,added_to_cart (+3.3972) | user_type_0 (+0.3862) | device_type_0 (-0.1811),Candidate for promotion - higher score
15129,0.00050640,0,added_to_cart (-4.8886) | user_type_0 (+0.3862) | device_type_0 (-0.1811),Retention/engagement nudge
844,0.00038110,0,added_to_cart (-4.8886) | user_type_0 (+0.3862) | device_type_1 (-0.1768),Retention/engagement nudge
16588,0.67889520,1,added_to_cart (+3.3972) | user_type_0 (+0.3862) | device_type_1 (-0.1768),Candidate for promotion - higher score
18164,0.00063502,0,added_to_cart (-4.8886) | user_type_0 (+0.3862) | device_type_0 (-0.1811),Retention/engagement nudge
4556,0.00052755,0,added_to_cart (-4.8886) | user_type_0 (+0.3862) | visit_season_1 (-0.1783),Retention/engagement nudge
5509,0.00053601,0,added_to_cart (-4.8886) | user_type_0 (+0.3862) | device_type_1 (-0.1768),Retention/engagement nudge
6349,0.70735072,1,added_to_cart (+3.3972) | user_type_0 (+0.3862) | device_type_0 (-0.1811),Candidate for promotion - higher score
5157,0.58093163,1,added_to_cart (+3.3972) | user_type_0 (-0.3160) | device_type_0 (-0.1811),Candidate for promotion - threshold-qualified
6122,0.57049569,0,added_to_cart (+3.3972) | user_type_0 (-0.3160) | device_type_0 (-0.1811),Investigate checkout/discount friction
7202,0.72042037,1,added_to_cart (+3.3972) | user_type_0 (+0.3862) | device_type_0 (-0.1811),Candidate for promotion - higher score
19411,0.68980808,1,added_to_cart (+3.3972) | user_type_0 (+0.3862) | visit_season_0 (-0.1830),Candidate for promotion - higher score
22226,0.75328195,1,added_to_cart (+3.3972) | user_type_0 (+0.3862) | device_type_2 (-0.2368),Candidate for promotion - higher score
13899,0.68194840,1,added_to_cart (+3.3972) | user_type_0 (+0.3862) | device_type_1 (-0.1768),Candidate for promotion - higher score
5481,0.52450408,0,added_to_cart (+3.3972) | user_type_0 (-0.3160) | device_type_0 (-0.1811),Investigate checkout/discount friction
24002,0.00036061,0,added_to_cart (-4.8886) | user_type_0 (-0.3160) | device_type_2 (-0.2368),Retention/engagement nudge
11067,0.62361807,1,added_to_cart (+3.3972) | user_type_0 (-0.3160) | visit_season_0 (-0.1830),Candidate for promotion - threshold-qualified
22863,0.55695501,0,added_to_cart (+3.3972) | user_type_0 (-0.3160) | device_type_1 (-0.1768),Investigate checkout/discount friction
9355,0.53977888,0,added_to_cart (+3.3972) | user_type_0 (-0.3160) | visit_season_0 (-0.1830),Investigate checkout/discount friction
3066,0.61312480,1,added_to_cart (+3.3972) | user_type_0 (-0.3160) | visit_season_0 (-0.1830),Candidate for promotion - threshold-qualified
18406,0.55824965,0,added_to_cart (+3.3972) | user_type_0 (-0.3160) | device_type_2 (-0.2368),Investigate checkout/discount friction
22014,0.65208883,1,added_to_cart (+3.3972) | user_type_0 (+0.3862) | time_on_site_sec (-0.1855),Candidate for promotion - threshold-qualified
6337,0.00051598,0,added_to_cart (-4.8886) | user_type_0 (+0.3862) | time_on_site_sec (-0.1925),Retention/engagement nudge
6038,0.58059582,1,added_to_cart (+3.3972) | user_type_0 (-0.3160) | device_type_0 (-0.1811),Candidate for promotion - threshold-qualified
2859,0.00061860,0,added_to_cart (-4.8886) | user_type_0 (+0.3862) | device_type_0 (-0.1811),Retention/engagement nudge
11034,0.00052682,0,added_to_cart (-4.8886) | user_type_0 (+0.3862) | time_on_site_sec (-0.1999),Retention/engagement nudge
21618,0.00060251,0,added_to_cart (-4.8886) | user_type_0 (+0.3862) | visit_season_1 (-0.1783),Retention/engagement nudge
14829,0.71856033,1,added_to_cart (+3.3972) | user_type_0 (+0.3862) | visit_season_1 (-0.1783),Candidate for promotion - higher score
16701,0.63953956,1,added_to_cart (+3.3972) | user_type_0 (+0.3862) | visit_season_1 (-0.1783),Candidate for promotion - threshold-qualified
10382,0.56605264,0,added_to_cart (+3.3972) | user_type_0 (-0.3160) | visit_season_1 (-0.1783),Investigate checkout/discount friction
15116,0.63018106,1,added_to_cart (+3.3972) | user_type_0 (+0.3862) | device_type_0 (-0.1811),Candidate for promotion - threshold-qualified
19701,0.57857008,1,added_to_cart (+3.3972) | user_type_0 (-0.3160) | device_type_0 (-0.1811),Candidate for promotion - threshold-qualified
16228,0.00053117,0,added_to_cart (-4.8886) | user_type_0 (+0.3862) | device_type_1 (-0.1768),Retention/engagement nudge
2607,0.54914392,0,added_to_cart (+3.3972) | user_type_0 (-0.3160) | device_type_0 (-0.1811),Investigate checkout/discount friction
21100,0.00039156,0,added_to_cart (-4.8886) | user_type_0 (+0.3862) | time_on_site_sec (-0.2022),Retention/engagement nudge
22400,0.74002765,1,added_to_cart (+3.3972) | user_type_0 (+0.3862) | visit_season_0 (-0.1830),Candidate for promotion - higher score
15399,0.56195574,0,added_to_cart (+3.3972) | user_type_0 (-0.3160) | visit_season_0 (-0.1830),Investigate checkout/discount friction
4267,0.55664158,0,added_to_cart (+3.3972) | user_type_0 (-0.3160) | device_type_2 (-0.2368),Investigate checkout/discount friction
18,0.68352543,1,added_to_cart (+3.3972) | user_type_0 (+0.3862) | device_type_0 (-0.1811),Candidate for promotion - higher score
7467,0.56589073,0,added_to_cart (+3.3972) | user_type_0 (-0.3160) | device_type_0 (-0.1811),Investigate checkout/discount friction
16125,0.00049086,0,added_to_cart (-4.8886) | user_type_0 (+0.3862) | device_type_0 (-0.1811),Retention/engagement nudge
4939,0.00054065,0,added_to_cart (-4.8886) | user_type_0 (+0.3862) | device_type_0 (-0.1811),Retention/engagement nudge
22614,0.73818362,1,added_to_cart (+3.3972) | user_type_0 (+0.3862) | visit_season_0 (-0.1830),Candidate for promotion - higher score
10886,0.00033235,0,added_to_cart (-4.8886) | user_type_0 (-0.3160) | device_type_1 (-0.1768),Retention/engagement nudge
21187,0.66963518,1,added_to_cart (+3.3972) | user_type_0 (+0.3862) | device_type_0 (-0.1811),Candidate for promotion - threshold-qualified
21213,0.70091914,1,added_to_cart (+3.3972) | user_type_0 (+0.3862) | device_type_1 (-0.1768),Candidate for promotion - higher score
8509,0.57552147,1,added_to_cart (+3.3972) | user_type_0 (-0.3160) | device_type_1 (-0.1768),Candidate for promotion - threshold-qualified
18008,0.00060464,0,added_to_cart (-4.8886) | user_type_0 (+0.3862) | device_type_1 (-0.1768),Retention/engagement nudge
23662,0.54079563,0,added_to_cart (+3.3972) | user_type_0 (-0.3160) | device_type_0 (-0.1811),Investigate checkout/discount friction
21799,0.00036255,0,added_to_cart (-4.8886) | user_type_0 (-0.3160) | visit_season_1 (-0.1783),Retention/engagement nudge
13079,0.52889319,0,added_to_cart (+3.3972) | user_type_0 (-0.3160) | visit_season_0 (-0.1830),Investigate checkout/discount friction
24849,0.71118068,1,added_to_cart (+3.3972) | user_type_0 (+0.3862) | visit_season_0 (-0.1830),Candidate for promotion - higher score
8877,0.54686937,0,added_to_cart (+3.3972) | user_type_0 (-0.3160) | time_on_site_sec (-0.1988),Investigate checkout/discount friction
6289,0.64421098,1,added_to_cart (+3.3972) | user_type_0 (-0.3160) | device_type_2 (-0.2368),Candidate for promotion - threshold-qualified
17623,0.58876254,1,added_to_cart (+3.3972) | user_type_0 (-0.3160) | visit_season_0 (-0.1830),Candidate for promotion - threshold-qualified
11016,0.00035924,0,added_to_cart (-4.8886) | user_type_0 (-0.3160) | device_type_0 (-0.1811),Retention/engagement nudge
594,0.68521071,1,added_to_cart (+3.3972) | user_type_0 (+0.3862) | device_type_0 (-0.1811),Candidate for promotion - higher score
16987,0.67911204,1,added_to_cart (+3.3972) | user_type_0 (+0.3862) | visit_season_0 (-0.1830),Candidate for promotion - higher score
4730,0.60781087,1,added_to_cart (+3.3972) | user_type_0 (-0.3160) | visit_season_0 (-0.1830),Candidate for promotion - threshold-qualified
13744,0.62836107,1,added_to_cart (+3.3972) | user_type_0 (-0.3160) | device_type_1 (-0.1768),Candidate for promotion - threshold-qualified
2226,0.61246220,1,added_to_cart (+3.3972) | user_type_0 (-0.3160) | device_type_0 (-0.1811),Candidate for promotion - threshold-qualified
2110,0.69092036,1,added_to_cart (+3.3972) | user_type_0 (+0.3862) | visit_season_0 (-0.1830),Candidate for promotion - higher score
14844,0.57719781,1,added_to_cart (+3.3972) | user_type_0 (-0.3160) | visit_season_0 (-0.1830),Candidate for promotion - threshold-qualified
14099,0.70408450,1,added_to_cart (+3.3972) | user_type_0 (+0.3862) | device_type_1 (-0.1768),Candidate for promotion - higher score
14866,0.55469375,0,added_to_cart (+3.3972) | user_type_0 (-0.3160) | device_type_1 (-0.1768),Investigate checkout/discount friction
14978,0.57664904,1,added_to_cart (+3.3972) | user_type_0 (-0.3160) | device_type_1 (-0.1768),Candidate for promotion - threshold-qualified
14272,0.00033198,0,added_to_cart (-4.8886) | user_type_0 (-0.3160) | device_type_0 (-0.1811),Retention/engagement nudge
1679,0.68119492,1,added_to_cart (+3.3972) | user_type_0 (+0.3862) | device_type_1 (-0.1768),Candidate for promotion - higher score
19424,0.66875886,1,added_to_cart (+3.3972) | user_type_0 (+0.3862) | device_type_0 (-0.1811),Candidate for promotion - threshold-qualified
2353,0.00069184,0,added_to_cart (-4.8886) | user_type_0 (+0.3862) | device_type_1 (-0.1768),Retention/engagement nudge
11921,0.00036001,0,added_to_cart (-4.8886) | user_type_0 (-0.3160) | visit_season_1 (-0.1783),Retention/engagement nudge
9569,0.69480592,1,added_to_cart (+3.3972) | user_type_0 (+0.3862) | visit_season_0 (-0.1830),Candidate for promotion - higher score
5556,0.67253170,1,added_to_cart (+3.3972) | user_type_0 (+0.3862) | time_on_site_sec (-0.1990),Candidate for promotion - threshold-qualified
1045,0.55196404,0,added_to_cart (+3.3972) | user_type_0 (-0.3160) | device_type_1 (-0.1768),Investigate checkout/discount friction
11144,0.56953263,0,added_to_cart (+3.3972) | user_type_0 (-0.3160) | device_type_0 (-0.1811),Investigate checkout/discount friction
12612,0.61089584,1,added_to_cart (+3.3972) | user_type_0 (-0.3160) | visit_season_0 (-0.1830),Candidate for promotion - threshold-qualified
1659,0.69068795,1,added_to_cart (+3.3972) | user_type_0 (+0.3862) | device_type_1 (-0.1768),Candidate for promotion - higher score
24986,0.55993169,0,added_to_cart (+3.3972) | user_type_0 (-0.3160) | visit_season_0 (-0.1830),Investigate checkout/discount friction
22595,0.50947195,0,added_to_cart (+3.3972) | user_type_0 (-0.3160) | time_on_site_sec (-0.2018),Investigate checkout/discount friction
20202,0.69862444,1,added_to_cart (+3.3972) | user_type_0 (+0.3862) | time_on_site_sec (-0.1857),Candidate for promotion - higher score
17990,0.68296827,1,added_to_cart (+3.3972) | user_type_0 (+0.3862) | time_on_site_sec (-0.1946),Candidate for promotion - higher score
4376,0.56541537,0,added_to_cart (+3.3972) | user_type_0 (-0.3160) | device_type_1 (-0.1768),Investigate checkout/discount friction
19243,0.73654857,1,added_to_cart (+3.3972) | user_type_0 (+0.3862) | visit_season_0 (-0.1830),Candidate for promotion - higher score
22037,0.59529151,1,added_to_cart (+3.3972) | user_type_0 (-0.3160) | device_type_1 (-0.1768),Candidate for promotion - threshold-qualified
16688,0.74531117,1,added_to_cart (+3.3972) | user_type_0 (+0.3862) | device_type_0 (-0.1811),Candidate for promotion - higher score
5994,0.00037917,0,added_to_cart (-4.8886) | user_type_0 (-0.3160) | device_type_0 (-0.1811),Retention/engagement nudge
23559,0.57463434,1,added_to_cart (+3.3972) | user_type_0 (-0.3160) | device_type_0 (-0.1811),Candidate for promotion - threshold-qualified
16388,0.00047574,0,added_to_cart (-4.8886) | user_type_0 (+0.3862) | visit_season_1 (-0.1783),Retention/engagement nudge
21516,0.00034217,0,added_to_cart (-4.8886) | user_type_0 (-0.3160) | device_type_0 (-0.1811),Retention/engagement nudge
3406,0.56346354,0,added_to_cart (+3.3972) | user_type_0 (-0.3160) | device_type_1 (-0.1768),Investigate checkout/discount friction
23625,0.58723227,1,added_to_cart (+3.3972) | user_type_0 (-0.3160) | device_type_0 (-0.1811),Candidate for promotion - threshold-qualified
321,0.00070580,0,added_to_cart (-4.8886) | user_type_0 (+0.3862) | device_type_2 (-0.2368),Retention/engagement nudge
255,0.72164427,1,added_to_cart (+3.3972) | user_type_0 (+0.3862) | device_type_0 (-0.1811),Candidate for promotion - higher score
2653,0.00025110,0,added_to_cart (-4.8886) | user_type_0 (-0.3160) | visit_season_1 (-0.1783),Retention/engagement nudge
15954,0.72738044,1,added_to_cart (+3.3972) | user_type_0 (+0.3862) | device_type_1 (-0.1768),Candidate for promotion - higher score
5026,0.00056869,0,added_to_cart (-4.8886) | user_type_0 (+0.3862) | visit_season_1 (-0.1783),Retention/engagement nudge
5268,0.00037047,0,added_to_cart (-4.8886) | user_type_0 (-0.3160) | device_type_1 (-0.1768),Retention/engagement nudge
12126,0.72939194,1,added_to_cart (+3.3972) | user_type_0 (+0.3862) | device_type_0 (-0.1811),Candidate for promotion - higher score
23295,0.71102782,1,added_to_cart (+3.3972) | user_type_0 (+0.3862) | device_type_1 (-0.1768),Candidate for promotion - higher score
4681,0.00040646,0,added_to_cart (-4.8886) | user_type_0 (-0.3160) | device_type_0 (-0.1811),Retention/engagement nudge
21387,0.66557645,1,added_to_cart (+3.3972) | user_type_0 (-0.3160) | device_type_2 (-0.2368),Candidate for promotion - threshold-qualified
11498,0.60007940,1,added_to_cart (+3.3972) | user_type_0 (-0.3160) | device_type_1 (-0.1768),Candidate for promotion - threshold-qualified
22745,0.73020837,1,added_to_cart (+3.3972) | user_type_0 (+0.3862) | device_type_0 (-0.1811),Candidate for promotion - higher score
17555,0.66263362,1,added_to_cart (+3.3972) | user_type_0 (+0.3862) | visit_season_1 (-0.1783),Candidate for promotion - threshold-qualified
12568,0.58577702,1,added_to_cart (+3.3972) | user_type_0 (-0.3160) | visit_season_0 (-0.1830),Candidate for promotion - threshold-qualified
24789,0.71916331,1,added_to_cart (+3.3972) | user_type_0 (+0.3862) | visit_season_1 (-0.1783),Candidate for promotion - higher score
18114,0.57081303,0,added_to_cart (+3.3972) | user_type_0 (-0.3160) | time_on_site_sec (-0.1771),Investigate checkout/discount friction
19212,0.00040165,0,added_to_cart (-4.8886) | user_type_0 (-0.3160) | device_type_1 (-0.1768),Retention/engagement nudge
20247,0.71281528,1,added_to_cart (+3.3972) | user_type_0 (+0.3862) | device_type_1 (-0.1768),Candidate for promotion - higher score
13679,0.72122364,1,added_to_cart (+3.3972) | user_type_0 (+0.3862) | visit_season_0 (-0.1830),Candidate for promotion - higher score
16922,0.73339138,1,added_to_cart (+3.3972) | user_type_0 (+0.3862) | visit_season_1 (-0.1783),Candidate for promotion - higher score
17877,0.00069670,0,added_to_cart (-4.8886) | user_type_0 (+0.3862) | device_type_0 (-0.1811),Retention/engagement nudge
2509,0.67950384,1,added_to_cart (+3.3972) | user_type_0 (+0.3862) | device_type_0 (-0.1811),Candidate for promotion - higher score
235,0.61092402,1,added_to_cart (+3.3972) | user_type_0 (-0.3160) | device_type_1 (-0.1768),Candidate for promotion - threshold-qualified
17584,0.00058993,0,added_to_cart (-4.8886) | user_type_0 (+0.3862) | visit_season_1 (-0.1783),Retention/engagement nudge
1777,0.66986293,1,added_to_cart (+3.3972) | user_type_0 (-0.3160) | device_type_0 (-0.1811),Candidate for promotion - threshold-qualified
4976,0.00040123,0,added_to_cart (-4.8886) | user_type_0 (-0.3160) | visit_season_0 (-0.1830),Retention/engagement nudge
9706,0.62260557,1,added_to_cart (+3.3972) | user_type_0 (-0.3160) | device_type_0 (-0.1811),Candidate for promotion - threshold-qualified
10205,0.57239635,0,added_to_cart (+3.3972) | user_type_0 (-0.3160) | device_type_0 (-0.1811),Investigate checkout/discount friction
22280,0.68248829,1,added_to_cart (+3.3972) | user_type_0 (+0.3862) | device_type_1 (-0.1768),Candidate for promotion - higher score
3519,0.54040939,0,added_to_cart (+3.3972) | user_type_0 (-0.3160) | visit_season_0 (-0.1830),Investigate checkout/discount friction
2318,0.70697226,1,added_to_cart (+3.3972) | user_type_0 (+0.3862) | visit_season_1 (-0.1783),Candidate for promotion - higher score
10769,0.00052755,0,added_to_cart (-4.8886) | user_type_0 (+0.3862) | visit_season_1 (-0.1783),Retention/engagement nudge
24896,0.60825007,1,added_to_cart (+3.3972) | user_type_0 (-0.3160) | device_type_0 (-0.1811),Candidate for promotion - threshold-qualified
1347,0.66745712,1,added_to_cart (+3.3972) | user_type_0 (+0.3862) | device_type_0 (-0.1811),Candidate for promotion - threshold-qualified
10111,0.74791502,1,added_to_cart (+3.3972) | user_type_0 (+0.3862) | device_type_1 (-0.1768),Candidate for promotion - higher score
362,0.63121224,1,added_to_cart (+3.3972) | user_type_0 (-0.3160) | visit_season_0 (-0.1830),Candidate for promotion - threshold-qualified
2850,0.59879775,1,added_to_cart (+3.3972) | user_type_0 (-0.3160) | device_type_0 (-0.1811),Candidate for promotion - threshold-qualified
14771,0.00057205,0,added_to_cart (-4.8886) | user_type_0 (+0.3862) | device_type_0 (-0.1811),Retention/engagement nudge
14354,0.63930218,1,added_to_cart (+3.3972) | user_type_0 (-0.3160) | device_type_2 (-0.2368),Candidate for promotion - threshold-qualified
18229,0.00027977,0,added_to_cart (-4.8886) | user_type_0 (-0.3160) | time_on_site_sec (-0.1980),Retention/engagement nudge
548,0.62880782,1,added_to_cart (+3.3972) | user_type_0 (+0.3862) | device_type_0 (-0.1811),Candidate for promotion - threshold-qualified
12100,0.54263562,0,added_to_cart (+3.3972) | user_type_0 (-0.3160) | time_on_site_sec (-0.1904),Investigate checkout/discount friction
20631,0.66702369,1,added_to_cart (+3.3972) | user_type_0 (+0.3862) | device_type_2 (-0.2368),Candidate for promotion - threshold-qualified
16598,0.68427986,1,added_to_cart (+3.3972) | user_type_0 (+0.3862) | device_type_0 (-0.1811),Candidate for promotion - higher score
2583,0.64814374,1,added_to_cart (+3.3972) | user_type_0 (-0.3160) | visit_season_0 (-0.1830),Candidate for promotion - threshold-qualified
11364,0.61444792,1,added_to_cart (+3.3972) | user_type_0 (-0.3160) | device_type_1 (-0.1768),Candidate for promotion - threshold-qualified
18644,0.50276047,0,added_to_cart (+3.3972) | user_type_0 (-0.3160) | visit_season_1 (-0.1783),Investigate checkout/discount friction
17565,0.77021136,1,added_to_cart (+3.3972) | user_type_0 (+0.3862) | device_type_1 (-0.1768),Candidate for promotion - higher score
2709,0.55016876,0,added_to_cart (+3.3972) | user_type_0 (-0.3160) | visit_season_1 (-0.1783),Investigate checkout/discount friction
17492,0.00054126,0,added_to_cart (-4.8886) | user_type_0 (+0.3862) | device_type_0 (-0.1811),Retention/engagement nudge
14499,0.00050698,0,added_to_cart (-4.8886) | user_type_0 (+0.3862) | visit_season_0 (-0.1830),Retention/engagement nudge
22680,0.69517364,1,added_to_cart (+3.3972) | user_type_0 (+0.3862) | visit_season_0 (-0.1830),Candidate for promotion - higher score
4094,0.60867412,1,added_to_cart (+3.3972) | user_type_0 (+0.3862) | device_type_1 (-0.1768),Candidate for promotion - threshold-qualified
16826,0.72135675,1,added_to_cart (+3.3972) | user_type_0 (+0.3862) | visit_season_0 (-0.1830),Candidate for promotion - higher score
1761,0.60223282,1,added_to_cart (+3.3972) | user_type_0 (-0.3160) | device_type_2 (-0.2368),Candidate for promotion - threshold-qualified
24429,0.64334572,1,added_to_cart (+3.3972) | user_type_0 (+0.3862) | time_on_site_sec (-0.1885),Candidate for promotion - threshold-qualified
6987,0.00041418,0,added_to_cart (-4.8886) | user_type_0 (-0.3160) | device_type_0 (-0.1811),Retention/engagement nudge
3480,0.00040162,0,added_to_cart (-4.8886) | user_type_0 (-0.3160) | device_type_0 (-0.1811),Retention/engagement nudge
17594,0.71515659,1,added_to_cart (+3.3972) | user_type_0 (+0.3862) | visit_season_0 (-0.1830),Candidate for promotion - higher score
21973,0.70316806,1,added_to_cart (+3.3972) | user_type_0 (+0.3862) | device_type_0 (-0.1811),Candidate for promotion - higher score
18212,0.66101099,1,added_to_cart (+3.3972) | user_type_0 (+0.3862) | visit_season_1 (-0.1783),Candidate for promotion - threshold-qualified
6130,0.74171076,1,added_to_cart (+3.3972) | user_type_0 (+0.3862) | visit_season_0 (-0.1830),Candidate for promotion - higher score
15800,0.00030798,0,added_to_cart (-4.8886) | user_type_0 (-0.3160) | device_type_1 (-0.1768),Retention/engagement nudge
18660,0.61275990,1,added_to_cart (+3.3972) | user_type_0 (-0.3160) | device_type_0 (-0.1811),Candidate for promotion - threshold-qualified
20333,0.00029153,0,added_to_cart (-4.8886) | user_type_0 (-0.3160) | device_type_1 (-0.1768),Retention/engagement nudge
24619,0.71456755,1,added_to_cart (+3.3972) | user_type_0 (+0.3862) | device_type_0 (-0.1811),Candidate for promotion - higher score
24095,0.66887098,1,added_to_cart (+3.3972) | user_type_0 (+0.3862) | visit_season_1 (-0.1783),Candidate for promotion - threshold-qualified
23838,0.00035212,0,added_to_cart (-4.8886) | user_type_0 (-0.3160) | visit_season_0 (-0.1830),Retention/engagement nudge
11500,0.62819333,1,added_to_cart (+3.3972) | user_type_0 (+0.3862) | visit_season_0 (-0.1830),Candidate for promotion - threshold-qualified
24979,0.00036294,0,added_to_cart (-4.8886) | user_type_0 (-0.3160) | device_type_0 (-0.1811),Retention/engagement nudge
3631,0.72675450,1,added_to_cart (+3.3972) | user_type_0 (+0.3862) | device_type_1 (-0.1768),Candidate for promotion - higher score
7005,0.54548062,0,added_to_cart (+3.3972) | user_type_0 (-0.3160) | device_type_0 (-0.1811),Investigate checkout/discount friction
3798,0.73387607,1,added_to_cart (+3.3972) | user_type_0 (+0.3862) | visit_season_1 (-0.1783),Candidate for promotion - higher score
10896,0.61624440,1,added_to_cart (+3.3972) | user_type_0 (-0.3160) | device_type_0 (-0.1811),Candidate for promotion - threshold-qualified
16525,0.63369534,1,added_to_cart (+3.3972) | user_type_0 (-0.3160) | device_type_0 (-0.1811),Candidate for promotion - threshold-qualified
16474,0.66314537,1,added_to_cart (+3.3972) | user_type_0 (+0.3862) | device_type_0 (-0.1811),Candidate for promotion - threshold-qualified
17149,0.00058796,0,added_to_cart (-4.8886) | user_type_0 (+0.3862) | device_type_0 (-0.1811),Retention/engagement nudge
18735,0.64403091,1,added_to_cart (+3.3972) | user_type_0 (+0.3862) | visit_season_0 (-0.1830),Candidate for promotion - threshold-qualified
24600,0.67240798,1,added_to_cart (+3.3972) | user_type_0 (+0.3862) | time_on_site_sec (-0.1940),Candidate for promotion - threshold-qualified
19461,0.63508821,1,added_to_cart (+3.3972) | user_type_0 (+0.3862) | visit_season_0 (-0.1830),Candidate for promotion - threshold-qualified
21102,0.56599353,0,added_to_cart (+3.3972) | user_type_0 (-0.3160) | device_type_1 (-0.1768),Investigate checkout/discount friction
1438,0.67828946,1,added_to_cart (+3.3972) | user_type_0 (+0.3862) | device_type_2 (-0.2368),Candidate for promotion - higher score
23286,0.73578534,1,added_to_cart (+3.3972) | user_type_0 (+0.3862) | device_type_0 (-0.1811),Candidate for promotion - higher score
8970,0.54558912,0,added_to_cart (+3.3972) | user_type_0 (-0.3160) | device_type_1 (-0.1768),Investigate checkout/discount friction
15986,0.00034921,0,added_to_cart (-4.8886) | user_type_0 (-0.3160) | device_type_1 (-0.1768),Retention/engagement nudge
6563,0.68848866,1,added_to_cart (+3.3972) | user_type_0 (+0.3862) | device_type_0 (-0.1811),Candidate for promotion - higher score
11343,0.59874556,1,added_to_cart (+3.3972) | user_type_0 (-0.3160) | visit_season_0 (-0.1830),Candidate for promotion - threshold-qualified
12550,0.64201202,1,added_to_cart (+3.3972) | user_type_0 (-0.3160) | device_type_0 (-0.1811),Candidate for promotion - threshold-qualified
8025,0.64250659,1,added_to_cart (+3.3972) | user_type_0 (-0.3160) | device_type_0 (-0.1811),Candidate for promotion - threshold-qualified
1425,0.66685467,1,added_to_cart (+3.3972) | user_type_0 (+0.3862) | device_type_1 (-0.1768),Candidate for promotion - threshold-qualified
15697,0.72390523,1,added_to_cart (+3.3972) | user_type_0 (+0.3862) | visit_season_1 (-0.1783),Candidate for promotion - higher score
3899,0.52285441,0,added_to_cart (+3.3972) | user_type_0 (-0.3160) | visit_season_0 (-0.1830),Investigate checkout/discount friction
17950,0.69765857,1,added_to_cart (+3.3972) | user_type_0 (+0.3862) | visit_season_1 (-0.1783),Candidate for promotion - higher score
22155,0.57145916,0,added_to_cart (+3.3972) | user_type_0 (-0.3160) | device_type_0 (-0.1811),Investigate checkout/discount friction
5776,0.53621775,0,added_to_cart (+3.3972) | user_type_0 (-0.3160) | device_type_0 (-0.1811),Investigate checkout/discount friction
11615,0.00056178,0,added_to_cart (-4.8886) | user_type_0 (+0.3862) | visit_season_1 (-0.1783),Retention/engagement nudge
15222,0.55606057,0,added_to_cart (+3.3972) | user_type_0 (-0.3160) | visit_season_0 (-0.1830),Investigate checkout/discount friction
3953,0.63733622,1,added_to_cart (+3.3972) | user_type_0 (-0.3160) | device_type_0 (-0.1811),Candidate for promotion - threshold-qualified
20095,0.67752718,1,added_to_cart (+3.3972) | user_type_0 (+0.3862) | device_type_0 (-0.1811),Candidate for promotion - higher score
18296,0.63798958,1,added_to_cart (+3.3972) | user_type_0 (-0.3160) | visit_season_0 (-0.1830),Candidate for promotion - threshold-qualified
18574,0.71388551,1,added_to_cart (+3.3972) | user_type_0 (+0.3862) | device_type_1 (-0.1768),Candidate for promotion - higher score
16053,0.68052177,1,added_to_cart (+3.3972) | user_type_0 (+0.3862) | visit_season_0 (-0.1830),Candidate for promotion - higher score
5626,0.00047959,0,added_to_cart (-4.8886) | user_type_0 (-0.3160) | device_type_0 (-0.1811),Retention/engagement nudge
20129,0.00075051,0,added_to_cart (-4.8886) | user_type_0 (+0.3862) | device_type_1 (-0.1768),Retention/engagement nudge
4898,0.67905333,1,added_to_cart (+3.3972) | user_type_0 (+0.3862) | device_type_1 (-0.1768),Candidate for promotion - higher score
17647,0.71801469,1,added_to_cart (+3.3972) | user_type_0 (+0.3862) | visit_season_1 (-0.1783),Candidate for promotion - higher score
16857,0.00077730,0,added_to_cart (-4.8886) | user_type_0 (+0.3862) | device_type_1 (-0.1768),Retention/engagement nudge
20244,0.65509281,1,added_to_cart (+3.3972) | user_type_0 (+0.3862) | visit_season_0 (-0.1830),Candidate for promotion - threshold-qualified
4796,0.58301523,1,added_to_cart (+3.3972) | user_type_0 (-0.3160) | visit_season_0 (-0.1830),Candidate for promotion - threshold-qualified
11941,0.72532562,1,added_to_cart (+3.3972) | user_type_0 (+0.3862) | device_type_0 (-0.1811),Candidate for promotion - higher score
24421,0.00055391,0,added_to_cart (-4.8886) | user_type_0 (+0.3862) | visit_season_0 (-0.1830),Retention/engagement nudge
2697,0.56138579,0,added_to_cart (+3.3972) | user_type_0 (-0.3160) | visit_season_0 (-0.1830),Investigate checkout/discount friction
7681,0.69145894,1,added_to_cart (+3.3972) | user_type_0 (+0.3862) | device_type_2 (-0.2368),Candidate for promotion - higher score
5963,0.00071078,0,added_to_cart (-4.8886) | user_type_0 (+0.3862) | visit_season_1 (-0.1783),Retention/engagement nudge
13395,0.66309775,1,added_to_cart (+3.3972) | user_type_0 (+0.3862) | device_type_1 (-0.1768),Candidate for promotion - threshold-qualified
6209,0.00060358,0,added_to_cart (-4.8886) | user_type_0 (+0.3862) | device_type_0 (-0.1811),Retention/engagement nudge
9891,0.68688911,1,added_to_cart (+3.3972) | user_type_0 (+0.3862) | visit_season_1 (-0.1783),Candidate for promotion - higher score
13711,0.00086360,0,added_to_cart (-4.8886) | user_type_0 (+0.3862) | device_type_2 (-0.2368),Retention/engagement nudge
345,0.00062757,0,added_to_cart (-4.8886) | user_type_0 (+0.3862) | device_type_0 (-0.1811),Retention/engagement nudge
15968,0.59696206,1,added_to_cart (+3.3972) | user_type_0 (-0.3160) | device_type_2 (-0.2368),Candidate for promotion - threshold-qualified
6412,0.69458915,1,added_to_cart (+3.3972) | user_type_0 (+0.3862) | device_type_0 (-0.1811),Candidate for promotion - higher score
10423,0.71581425,1,added_to_cart (+3.3972) | user_type_0 (+0.3862) | device_type_0 (-0.1811),Candidate for promotion - higher score
5933,0.64706994,1,added_to_cart (+3.3972) | user_type_0 (+0.3862) | visit_season_0 (-0.1830),Candidate for promotion - threshold-qualified
7515,0.67628727,1,added_to_cart (+3.3972) | user_type_0 (+0.3862) | device_type_1 (-0.1768),Candidate for promotion - higher score
23188,0.71087075,1,added_to_cart (+3.3972) | user_type_0 (+0.3862) | visit_season_1 (-0.1783),Candidate for promotion - higher score
4699,0.00031865,0,added_to_cart (-4.8886) | user_type_0 (-0.3160) | device_type_0 (-0.1811),Retention/engagement nudge
6069,0.00051616,0,added_to_cart (-4.8886) | user_type_0 (+0.3862) | visit_season_0 (-0.1830),Retention/engagement nudge
21476,0.00025415,0,added_to_cart (-4.8886) | user_type_0 (-0.3160) | visit_season_0 (-0.1830),Retention/engagement nudge
13959,0.00034195,0,added_to_cart (-4.8886) | user_type_0 (-0.3160) | time_on_site_sec (-0.1885),Retention/engagement nudge
20900,0.70811664,1,added_to_cart (+3.3972) | user_type_0 (+0.3862) | visit_season_0 (-0.1830),Candidate for promotion - higher score
8247,0.71801344,1,added_to_cart (+3.3972) | user_type_0 (+0.3862) | device_type_2 (-0.2368),Candidate for promotion - higher score
2920,0.56037091,0,added_to_cart (+3.3972) | user_type_0 (-0.3160) | device_type_0 (-0.1811),Investigate checkout/discount friction
2577,0.00030639,0,added_to_cart (-4.8886) | user_type_0 (-0.3160) | device_type_0 (-0.1811),Retention/engagement nudge
2153,0.69831937,1,added_to_cart (+3.3972) | user_type_0 (+0.3862) | device_type_0 (-0.1811),Candidate for promotion - higher score
6481,0.72339677,1,added_to_cart (+3.3972) | user_type_0 (+0.3862) | device_type_0 (-0.1811),Candidate for promotion - higher score
7282,0.71061404,1,added_to_cart (+3.3972) | user_type_0 (+0.3862) | visit_season_1 (-0.1783),Candidate for promotion - higher score
2733,0.72029026,1,added_to_cart (+3.3972) | user_type_0 (+0.3862) | device_type_0 (-0.1811),Candidate for promotion - higher score
9736,0.00047266,0,added_to_cart (-4.8886) | user_type_0 (-0.3160) | device_type_1 (-0.1768),Retention/engagement nudge
21295,0.66668396,1,added_to_cart (+3.3972) | user_type_0 (+0.3862) | visit_season_0 (-0.1830),Candidate for promotion - threshold-qualified
7900,0.69402584,1,added_to_cart (+3.3972) | user_type_0 (+0.3862) | device_type_0 (-0.1811),Candidate for promotion - higher score
7846,0.61378633,1,added_to_cart (+3.3972) | user_type_0 (-0.3160) | device_type_0 (-0.1811),Candidate for promotion - threshold-qualified
23435,0.68787859,1,added_to_cart (+3.3972) | user_type_0 (+0.3862) | device_type_1 (-0.1768),Candidate for promotion - higher score
11376,0.73488837,1,added_to_cart (+3.3972) | user_type_0 (+0.3862) | device_type_1 (-0.1768),Candidate for promotion - higher score
19923,0.65743310,1,added_to_cart (+3.3972) | user_type_0 (+0.3862) | device_type_1 (-0.1768),Candidate for promotion - threshold-qualified
2114,0.56616950,0,added_to_cart (+3.3972) | user_type_0 (-0.3160) | visit_season_1 (-0.1783),Investigate checkout/discount friction
20677,0.65844251,1,added_to_cart (+3.3972) | user_type_0 (-0.3160) | device_type_0 (-0.1811),Candidate for promotion - threshold-qualified
24768,0.00030438,0,added_to_cart (-4.8886) | user_type_0 (-0.3160) | visit_season_1 (-0.1783),Retention/engagement nudge
295,0.00061889,0,added_to_cart (-4.8886) | user_type_0 (+0.3862) | visit_season_1 (-0.1783),Retention/engagement nudge
24340,0.56623334,0,added_to_cart (+3.3972) | user_type_0 (-0.3160) | device_type_1 (-0.1768),Investigate checkout/discount friction
20852,0.50910183,0,added_to_cart (+3.3972) | user_type_0 (-0.3160) | device_type_0 (-0.1811),Investigate checkout/discount friction
11787,0.00031311,0,added_to_cart (-4.8886) | user_type_0 (-0.3160) | device_type_1 (-0.1768),Retention/engagement nudge
6107,0.58927483,1,added_to_cart (+3.3972) | user_type_0 (-0.3160) | device_type_0 (-0.1811),Candidate for promotion - threshold-qualified
262,0.60056491,1,added_to_cart (+3.3972) | user_type_0 (-0.3160) | device_type_1 (-0.1768),Candidate for promotion - threshold-qualified
22842,0.00037440,0,added_to_cart (-4.8886) | user_type_0 (-0.3160) | device_type_0 (-0.1811),Retention/engagement nudge
8289,0.64247392,1,added_to_cart (+3.3972) | user_type_0 (-0.3160) | device_type_0 (-0.1811),Candidate for promotion - threshold-qualified
21494,0.63069211,1,added_to_cart (+3.3972) | user_type_0 (-0.3160) | device_type_0 (-0.1811),Candidate for promotion - threshold-qualified
8676,0.00046069,0,added_to_cart (-4.8886) | user_type_0 (-0.3160) | device_type_2 (-0.2368),Retention/engagement nudge
7313,0.53835376,0,added_to_cart (+3.3972) | user_type_0 (-0.3160) | visit_season_1 (-0.1783),Investigate checkout/discount friction
17199,0.65190078,1,added_to_cart (+3.3972) | user_type_0 (-0.3160) | device_type_1 (-0.1768),Candidate for promotion - threshold-qualified
15956,0.73767338,1,added_to_cart (+3.3972) | user_type_0 (+0.3862) | device_type_0 (-0.1811),Candidate for promotion - higher score
10049,0.00049641,0,added_to_cart (-4.8886) | user_type_0 (+0.3862) | visit_season_0 (-0.1830),Retention/engagement nudge
19149,0.56197282,0,added_to_cart (+3.3972) | user_type_0 (-0.3160) | visit_season_0 (-0.1830),Investigate checkout/discount friction
15791,0.57698852,1,added_to_cart (+3.3972) | user_type_0 (-0.3160) | device_type_1 (-0.1768),Candidate for promotion - threshold-qualified
16121,0.00035539,0,added_to_cart (-4.8886) | user_type_0 (-0.3160) | device_type_0 (-0.1811),Retention/engagement nudge
21968,0.00061256,0,added_to_cart (-4.8886) | user_type_0 (+0.3862) | device_type_2 (-0.2368),Retention/engagement nudge
23477,0.59146047,1,added_to_cart (+3.3972) | user_type_0 (-0.3160) | visit_season_0 (-0.1830),Candidate for promotion - threshold-qualified
18155,0.68496369,1,added_to_cart (+3.3972) | user_type_0 (+0.3862) | visit_season_0 (-0.1830),Candidate for promotion - higher score
24664,0.69101422,1,added_to_cart (+3.3972) | user_type_0 (+0.3862) | device_type_1 (-0.1768),Candidate for promotion - higher score
17893,0.60098043,1,added_to_cart (+3.3972) | user_type_0 (-0.3160) | device_type_1 (-0.1768),Candidate for promotion - threshold-qualified
11574,0.73179102,1,added_to_cart (+3.3972) | user_type_0 (+0.3862) | visit_season_1 (-0.1783),Candidate for promotion - higher score
18725,0.55611395,0,added_to_cart (+3.3972) | user_type_0 (-0.3160) | time_on_site_sec (-0.1938),Investigate checkout/discount friction
20519,0.00036652,0,added_to_cart (-4.8886) | user_type_0 (-0.3160) | device_type_0 (-0.1811),Retention/engagement nudge
1647,0.65987691,1,added_to_cart (+3.3972) | user_type_0 (+0.3862) | device_type_1 (-0.1768),Candidate for promotion - threshold-qualified
18227,0.61291256,1,added_to_cart (+3.3972) | user_type_0 (-0.3160) | device_type_0 (-0.1811),Candidate for promotion - threshold-qualified
21123,0.00037654,0,added_to_cart (-4.8886) | user_type_0 (-0.3160) | device_type_2 (-0.2368),Retention/engagement nudge
750,0.72526188,1,added_to_cart (+3.3972) | user_type_0 (+0.3862) | device_type_0 (-0.1811),Candidate for promotion - higher score
23270,0.00053265,0,added_to_cart (-4.8886) | user_type_0 (+0.3862) | visit_season_0 (-0.1830),Retention/engagement nudge
16642,0.00026940,0,added_to_cart (-4.8886) | user_type_0 (-0.3160) | time_on_site_sec (-0.1895),Retention/engagement nudge
13870,0.70952001,1,added_to_cart (+3.3972) | user_type_0 (+0.3862) | device_type_2 (-0.2368),Candidate for promotion - higher score
6639,0.00043240,0,added_to_cart (-4.8886) | user_type_0 (-0.3160) | visit_season_0 (-0.1830),Retention/engagement nudge
18887,0.00062037,0,added_to_cart (-4.8886) | user_type_0 (+0.3862) | device_type_0 (-0.1811),Retention/engagement nudge
22483,0.00054228,0,added_to_cart (-4.8886) | user_type_0 (+0.3862) | visit_season_0 (-0.1830),Retention/engagement nudge
13704,0.70218589,1,added_to_cart (+3.3972) | user_type_0 (+0.3862) | device_type_2 (-0.2368),Candidate for promotion - higher score
23807,0.69779444,1,added_to_cart (+3.3972) | user_type_0 (+0.3862) | visit_season_0 (-0.1830),Candidate for promotion - higher score
8667,0.75995819,1,added_to_cart (+3.3972) | user_type_0 (+0.3862) | visit_season_0 (-0.1830),Candidate for promotion - higher score
1602,0.61413985,1,added_to_cart (+3.3972) | user_type_0 (-0.3160) | device_type_2 (-0.2368),Candidate for promotion - threshold-qualified
16355,0.54536300,0,added_to_cart (+3.3972) | user_type_0 (-0.3160) | time_on_site_sec (-0.1980),Investigate checkout/discount friction
9348,0.00054768,0,added_to_cart (-4.8886) | user_type_0 (+0.3862) | visit_season_0 (-0.1830),Retention/engagement nudge
23374,0.58824817,1,added_to_cart (+3.3972) | user_type_0 (-0.3160) | device_type_2 (-0.2368),Candidate for promotion - threshold-qualified
2557,0.00057953,0,added_to_cart (-4.8886) | user_type_0 (+0.3862) | device_type_0 (-0.1811),Retention/engagement nudge
1961,0.58876535,1,added_to_cart (+3.3972) | user_type_0 (-0.3160) | device_type_0 (-0.1811),Candidate for promotion - threshold-qualified
20348,0.61061140,1,added_to_cart (+3.3972) | user_type_0 (-0.3160) | visit_season_0 (-0.1830),Candidate for promotion - threshold-qualified
6080,0.54393268,0,added_to_cart (+3.3972) | user_type_0 (-0.3160) | device_type_1 (-0.1768),Investigate checkout/discount friction
2450,0.71377421,1,added_to_cart (+3.3972) | user_type_0 (+0.3862) | visit_season_1 (-0.1783),Candidate for promotion - higher score
5829,0.72979251,1,added_to_cart (+3.3972) | user_type_0 (+0.3862) | device_type_2 (-0.2368),Candidate for promotion - higher score
22504,0.72654941,1,added_to_cart (+3.3972) | user_type_0 (+0.3862) | device_type_1 (-0.1768),Candidate for promotion - higher score
22341,0.69351301,1,added_to_cart (+3.3972) | user_type_0 (-0.3160) | visit_season_1 (-0.1783),Candidate for promotion - higher score
11208,0.00047827,0,added_to_cart (-4.8886) | user_type_0 (+0.3862) | time_on_site_sec (-0.1910),Retention/engagement nudge
21691,0.56776996,0,added_to_cart (+3.3972) | user_type_0 (-0.3160) | visit_season_0 (-0.1830),Investigate checkout/discount friction
13888,0.62644084,1,added_to_cart (+3.3972) | user_type_0 (-0.3160) | device_type_1 (-0.1768),Candidate for promotion - threshold-qualified
20196,0.58303456,1,added_to_cart (+3.3972) | user_type_0 (-0.3160) | device_type_0 (-0.1811),Candidate for promotion - threshold-qualified
15045,0.00029179,0,added_to_cart (-4.8886) | user_type_0 (-0.3160) | device_type_0 (-0.1811),Retention/engagement nudge
10845,0.00057062,0,added_to_cart (-4.8886) | user_type_0 (+0.3862) | device_type_1 (-0.1768),Retention/engagement nudge
14766,0.56552253,0,added_to_cart (+3.3972) | user_type_0 (-0.3160) | visit_season_1 (-0.1783),Investigate checkout/discount friction
14859,0.67008020,1,added_to_cart (+3.3972) | user_type_0 (+0.3862) | device_type_2 (-0.2368),Candidate for promotion - threshold-qualified
19217,0.66312703,1,added_to_cart (+3.3972) | user_type_0 (+0.3862) | device_type_2 (-0.2368),Candidate for promotion - threshold-qualified
7931,0.00028826,0,added_to_cart (-4.8886) | user_type_0 (-0.3160) | visit_season_0 (-0.1830),Retention/engagement nudge
17696,0.60455191,1,added_to_cart (+3.3972) | user_type_0 (-0.3160) | device_type_0 (-0.1811),Candidate for promotion - threshold-qualified
336,0.00059948,0,added_to_cart (-4.8886) | user_type_0 (+0.3862) | device_type_0 (-0.1811),Retention/engagement nudge
462,0.62478540,1,added_to_cart (+3.3972) | user_type_0 (-0.3160) | device_type_0 (-0.1811),Candidate for promotion - threshold-qualified
15336,0.65976896,1,added_to_cart (+3.3972) | user_type_0 (+0.3862) | device_type_2 (-0.2368),Candidate for promotion - threshold-qualified
22643,0.70057363,1,added_to_cart (+3.3972) | user_type_0 (+0.3862) | device_type_0 (-0.1811),Candidate for promotion - higher score
21156,0.62440972,1,added_to_cart (+3.3972) | user_type_0 (-0.3160) | device_type_0 (-0.1811),Candidate for promotion - threshold-qualified
14481,0.54520655,0,added_to_cart (+3.3972) | user_type_0 (-0.3160) | device_type_2 (-0.2368),Investigate checkout/discount friction
5935,0.71217520,1,added_to_cart (+3.3972) | user_type_0 (+0.3862) | device_type_1 (-0.1768),Candidate for promotion - higher score
5855,0.00060291,0,added_to_cart (-4.8886) | user_type_0 (+0.3862) | visit_season_0 (-0.1830),Retention/engagement nudge
17763,0.00058447,0,added_to_cart (-4.8886) | user_type_0 (+0.3862) | device_type_1 (-0.1768),Retention/engagement nudge
8078,0.00056838,0,added_to_cart (-4.8886) | user_type_0 (+0.3862) | visit_season_1 (-0.1783),Retention/engagement nudge
3221,0.59041330,1,added_to_cart (+3.3972) | user_type_0 (-0.3160) | device_type_0 (-0.1811),Candidate for promotion - threshold-qualified
924,0.70394161,1,added_to_cart (+3.3972) | user_type_0 (+0.3862) | visit_season_1 (-0.1783),Candidate for promotion - higher score
10868,0.00040695,0,added_to_cart (-4.8886) | user_type_0 (-0.3160) | device_type_1 (-0.1768),Retention/engagement nudge
160,0.00029758,0,added_to_cart (-4.8886) | user_type_0 (-0.3160) | device_type_2 (-0.2368),Retention/engagement nudge
12552,0.00058826,0,added_to_cart (-4.8886) | user_type_0 (+0.3862) | device_type_1 (-0.1768),Retention/engagement nudge
6469,0.66388836,1,added_to_cart (+3.3972) | user_type_0 (+0.3862) | visit_season_0 (-0.1830),Candidate for promotion - threshold-qualified
15278,0.00030666,0,added_to_cart (-4.8886) | user_type_0 (-0.3160) | visit_season_0 (-0.1830),Retention/engagement nudge
17004,0.73950612,1,added_to_cart (+3.3972) | user_type_0 (+0.3862) | visit_season_0 (-0.1830),Candidate for promotion - higher score
3784,0.00038671,0,added_to_cart (-4.8886) | user_type_0 (-0.3160) | visit_season_0 (-0.1830),Retention/engagement nudge
1346,0.70953431,1,added_to_cart (+3.3972) | user_type_0 (+0.3862) | device_type_1 (-0.1768),Candidate for promotion - higher score
14722,0.54469904,0,added_to_cart (+3.3972) | user_type_0 (-0.3160) | device_type_0 (-0.1811),Investigate checkout/discount friction
24364,0.00035149,0,added_to_cart (-4.8886) | user_type_0 (-0.3160) | visit_season_0 (-0.1830),Retention/engagement nudge
11458,0.68887960,1,added_to_cart (+3.3972) | user_type_0 (+0.3862) | device_type_0 (-0.1811),Candidate for promotion - higher score
22033,0.00034397,0,added_to_cart (-4.8886) | user_type_0 (-0.3160) | device_type_0 (-0.1811),Retention/engagement nudge
9357,0.76091418,1,added_to_cart (+3.3972) | user_type_0 (+0.3862) | device_type_2 (-0.2368),Candidate for promotion - higher score
7773,0.69220075,1,added_to_cart (+3.3972) | user_type_0 (+0.3862) | visit_season_1 (-0.1783),Candidate for promotion - higher score
15692,0.73261346,1,added_to_cart (+3.3972) | user_type_0 (+0.3862) | visit_season_0 (-0.1830),Candidate for promotion - higher score
23977,0.65312164,1,added_to_cart (+3.3972) | user_type_0 (+0.3862) | device_type_0 (-0.1811),Candidate for promotion - threshold-qualified
3608,0.00044917,0,added_to_cart (-4.8886) | user_type_0 (+0.3862) | visit_season_1 (-0.1783),Retention/engagement nudge
10950,0.00035484,0,added_to_cart (-4.8886) | user_type_0 (-0.3160) | device_type_0 (-0.1811),Retention/engagement nudge
24442,0.00054707,0,added_to_cart (-4.8886) | user_type_0 (+0.3862) | device_type_0 (-0.1811),Retention/engagement nudge
18471,0.55300124,0,added_to_cart (+3.3972) | user_type_0 (-0.3160) | device_type_0 (-0.1811),Investigate checkout/discount friction
13948,0.00033333,0,added_to_cart (-4.8886) | user_type_0 (-0.3160) | device_type_1 (-0.1768),Retention/engagement nudge
18664,0.66446963,1,added_to_cart (+3.3972) | user_type_0 (+0.3862) | device_type_0 (-0.1811),Candidate for promotion - threshold-qualified
21263,0.55827367,0,added_to_cart (+3.3972) | user_type_0 (-0.3160) | visit_season_0 (-0.1830),Investigate checkout/discount friction
20925,0.00041897,0,added_to_cart (-4.8886) | user_type_0 (-0.3160) | visit_season_1 (-0.1783),Retention/engagement nudge
971,0.00032351,0,added_to_cart (-4.8886) | user_type_0 (-0.3160) | visit_season_0 (-0.1830),Retention/engagement nudge
7905,0.71783187,1,added_to_cart (+3.3972) | user_type_0 (+0.3862) | visit_season_1 (-0.1783),Candidate for promotion - higher score
118,0.00059701,0,added_to_cart (-4.8886) | user_type_0 (+0.3862) | device_type_0 (-0.1811),Retention/engagement nudge
7522,0.00032846,0,added_to_cart (-4.8886) | user_type_0 (-0.3160) | device_type_1 (-0.1768),Retention/engagement nudge
20418,0.65258569,1,added_to_cart (+3.3972) | user_type_0 (-0.3160) | device_type_0 (-0.1811),Candidate for promotion - threshold-qualified
18591,0.64211193,1,added_to_cart (+3.3972) | user_type_0 (+0.3862) | visit_season_1 (-0.1783),Candidate for promotion - threshold-qualified
10698,0.00058168,0,added_to_cart (-4.8886) | user_type_0 (+0.3862) | device_type_1 (-0.1768),Retention/engagement nudge
8365,0.54517062,0,added_to_cart (+3.3972) | user_type_0 (-0.3160) | device_type_0 (-0.1811),Investigate checkout/discount friction
13031,0.00041930,0,added_to_cart (-4.8886) | user_type_0 (-0.3160) | device_type_1 (-0.1768),Retention/engagement nudge
10345,0.54666657,0,added_to_cart (+3.3972) | user_type_0 (-0.3160) | visit_season_1 (-0.1783),Investigate checkout/discount friction
17133,0.68954889,1,added_to_cart (+3.3972) | user_type_0 (+0.3862) | device_type_0 (-0.1811),Candidate for promotion - higher score
22572,0.00042195,0,added_to_cart (-4.8886) | user_type_0 (-0.3160) | device_type_0 (-0.1811),Retention/engagement nudge
2631,0.62409745,1,added_to_cart (+3.3972) | user_type_0 (-0.3160) | device_type_0 (-0.1811),Candidate for promotion - threshold-qualified
12644,0.62236291,1,added_to_cart (+3.3972) | user_type_0 (-0.3160) | device_type_1 (-0.1768),Candidate for promotion - threshold-qualified
13024,0.72829101,1,added_to_cart (+3.3972) | user_type_0 (+0.3862) | device_type_1 (-0.1768),Candidate for promotion - higher score
6836,0.57530724,1,added_to_cart (+3.3972) | user_type_0 (-0.3160) | visit_season_0 (-0.1830),Candidate for promotion - threshold-qualified
19108,0.61102939,1,added_to_cart (+3.3972) | user_type_0 (-0.3160) | visit_season_0 (-0.1830),Candidate for promotion - threshold-qualified
8749,0.51635157,0,added_to_cart (+3.3972) | user_type_0 (-0.3160) | visit_season_0 (-0.1830),Investigate checkout/discount friction
6133,0.00063847,0,added_to_cart (-4.8886) | user_type_0 (+0.3862) | visit_season_0 (-0.1830),Retention/engagement nudge
16514,0.00048491,0,added_to_cart (-4.8886) | user_type_0 (+0.3862) | time_on_site_sec (-0.1862),Retention/engagement nudge
21797,0.00037073,0,added_to_cart (-4.8886) | user_type_0 (-0.3160) | visit_season_1 (-0.1783),Retention/engagement nudge
14256,0.60333912,1,added_to_cart (+3.3972) | user_type_0 (-0.3160) | visit_season_1 (-0.1783),Candidate for promotion - threshold-qualified
21683,0.00059005,0,added_to_cart (-4.8886) | user_type_0 (+0.3862) | device_type_0 (-0.1811),Retention/engagement nudge
22636,0.72996122,1,added_to_cart (+3.3972) | user_type_0 (+0.3862) | device_type_1 (-0.1768),Candidate for promotion - higher score
14389,0.65590042,1,added_to_cart (+3.3972) | user_type_0 (+0.3862) | time_on_site_sec (-0.2022),Candidate for promotion - threshold-qualified
18773,0.59504621,1,added_to_cart (+3.3972) | user_type_0 (-0.3160) | visit_season_0 (-0.1830),Candidate for promotion - threshold-qualified
1289,0.71692453,1,added_to_cart (+3.3972) | user_type_0 (+0.3862) | device_type_0 (-0.1811),Candidate for promotion - higher score
17943,0.00034902,0,added_to_cart (-4.8886) | user_type_0 (-0.3160) | device_type_2 (-0.2368),Retention/engagement nudge
9801,0.71485803,1,added_to_cart (+3.3972) | user_type_0 (+0.3862) | visit_season_0 (-0.1830),Candidate for promotion - higher score
21511,0.54747857,0,added_to_cart (+3.3972) | user_type_0 (-0.3160) | visit_season_0 (-0.1830),Investigate checkout/discount friction
6571,0.58352912,1,added_to_cart (+3.3972) | user_type_0 (-0.3160) | device_type_0 (-0.1811),Candidate for promotion - threshold-qualified
6219,0.00036439,0,added_to_cart (-4.8886) | user_type_0 (-0.3160) | device_type_2 (-0.2368),Retention/engagement nudge
21313,0.72043428,1,added_to_cart (+3.3972) | user_type_0 (+0.3862) | device_type_1 (-0.1768),Candidate for promotion - higher score
14562,0.59631135,1,added_to_cart (+3.3972) | user_type_0 (-0.3160) | device_type_0 (-0.1811),Candidate for promotion - threshold-qualified
19675,0.00034495,0,added_to_cart (-4.8886) | user_type_0 (-0.3160) | visit_season_1 (-0.1783),Retention/engagement nudge
21846,0.57881434,1,added_to_cart (+3.3972) | user_type_0 (-0.3160) | visit_season_0 (-0.1830),Candidate for promotion - threshold-qualified
4151,0.00031312,0,added_to_cart (-4.8886) | user_type_0 (-0.3160) | time_on_site_sec (-0.1851),Retention/engagement nudge
1730,0.55787349,0,added_to_cart (+3.3972) | user_type_0 (-0.3160) | visit_season_0 (-0.1830),Investigate checkout/discount friction
6029,0.00029311,0,added_to_cart (-4.8886) | user_type_0 (-0.3160) | device_type_1 (-0.1768),Retention/engagement nudge
15844,0.63345699,1,added_to_cart (+3.3972) | user_type_0 (+0.3862) | device_type_0 (-0.1811),Candidate for promotion - threshold-qualified
6830,0.62001094,1,added_to_cart (+3.3972) | user_type_0 (-0.3160) | visit_season_1 (-0.1783),Candidate for promotion - threshold-qualified
9401,0.60535367,1,added_to_cart (+3.3972) | user_type_0 (-0.3160) | visit_season_0 (-0.1830),Candidate for promotion - threshold-qualified
21974,0.73814400,1,added_to_cart (+3.3972) | user_type_0 (+0.3862) | device_type_1 (-0.1768),Candidate for promotion - higher score
15235,0.70747400,1,added_to_cart (+3.3972) | user_type_0 (+0.3862) | device_type_2 (-0.2368),Candidate for promotion - higher score
889,0.61978899,1,added_to_cart (+3.3972) | user_type_0 (+0.3862) | device_type_1 (-0.1768),Candidate for promotion - threshold-qualified
20179,0.70111011,1,added_to_cart (+3.3972) | user_type_0 (+0.3862) | device_type_1 (-0.1768),Candidate for promotion - higher score
13554,0.00034939,0,added_to_cart (-4.8886) | user_type_0 (-0.3160) | device_type_2 (-0.2368),Retention/engagement nudge
18543,0.00051754,0,added_to_cart (-4.8886) | user_type_0 (+0.3862) | device_type_0 (-0.1811),Retention/engagement nudge
6848,0.62709093,1,added_to_cart (+3.3972) | user_type_0 (-0.3160) | device_type_1 (-0.1768),Candidate for promotion - threshold-qualified
3525,0.70324258,1,added_to_cart (+3.3972) | user_type_0 (+0.3862) | visit_season_1 (-0.1783),Candidate for promotion - higher score
24751,0.55733732,0,added_to_cart (+3.3972) | user_type_0 (-0.3160) | visit_season_0 (-0.1830),Investigate checkout/discount friction
4520,0.00053817,0,added_to_cart (-4.8886) | user_type_0 (+0.3862) | visit_season_0 (-0.1830),Retention/engagement nudge
365,0.69487468,1,added_to_cart (+3.3972) | user_type_0 (+0.3862) | device_type_1 (-0.1768),Candidate for promotion - higher score
2511,0.00034974,0,added_to_cart (-4.8886) | user_type_0 (-0.3160) | visit_season_0 (-0.1830),Retention/engagement nudge
2925,0.00058383,0,added_to_cart (-4.8886) | user_type_0 (+0.3862) | visit_season_0 (-0.1830),Retention/engagement nudge
15694,0.66530234,1,added_to_cart (+3.3972) | user_type_0 (+0.3862) | device_type_0 (-0.1811),Candidate for promotion - threshold-qualified
10583,0.59896538,1,added_to_cart (+3.3972) | user_type_0 (-0.3160) | device_type_1 (-0.1768),Candidate for promotion - threshold-qualified
18650,0.69476505,1,added_to_cart (+3.3972) | user_type_0 (+0.3862) | device_type_1 (-0.1768),Candidate for promotion - higher score
24344,0.00044094,0,added_to_cart (-4.8886) | user_type_0 (+0.3862) | visit_season_0 (-0.1830),Retention/engagement nudge
16422,0.49865792,0,added_to_cart (+3.3972) | user_type_0 (-0.3160) | time_on_site_sec (-0.2039),Investigate checkout/discount friction
12180,0.55478504,0,added_to_cart (+3.3972) | user_type_0 (-0.3160) | visit_season_1 (-0.1783),Investigate checkout/discount friction
6371,0.69329414,1,added_to_cart (+3.3972) | user_type_0 (+0.3862) | visit_season_1 (-0.1783),Candidate for promotion - higher score
22557,0.72076648,1,added_to_cart (+3.3972) | user_type_0 (+0.3862) | device_type_0 (-0.1811),Candidate for promotion - higher score
8557,0.00052069,0,added_to_cart (-4.8886) | user_type_0 (+0.3862) | device_type_1 (-0.1768),Retention/engagement nudge
12013,0.00050450,0,added_to_cart (-4.8886) | user_type_0 (+0.3862) | visit_season_0 (-0.1830),Retention/engagement nudge
17721,0.61237927,1,added_to_cart (+3.3972) | user_type_0 (-0.3160) | device_type_0 (-0.1811),Candidate for promotion - threshold-qualified
22896,0.67106825,1,added_to_cart (+3.3972) | user_type_0 (+0.3862) | visit_season_0 (-0.1830),Candidate for promotion - threshold-qualified
21755,0.55100498,0,added_to_cart (+3.3972) | user_type_0 (-0.3160) | visit_season_1 (-0.1783),Investigate checkout/discount friction
23551,0.54228754,0,added_to_cart (+3.3972) | user_type_0 (-0.3160) | visit_season_0 (-0.1830),Investigate checkout/discount friction
10796,0.00059794,0,added_to_cart (-4.8886) | user_type_0 (+0.3862) | visit_season_1 (-0.1783),Retention/engagement nudge
17292,0.00049367,0,added_to_cart (-4.8886) | user_type_0 (+0.3862) | visit_season_0 (-0.1830),Retention/engagement nudge
14940,0.66333820,1,added_to_cart (+3.3972) | user_type_0 (+0.3862) | device_type_0 (-0.1811),Candidate for promotion - threshold-qualified
10129,0.00053516,0,added_to_cart (-4.8886) | user_type_0 (+0.3862) | device_type_1 (-0.1768),Retention/engagement nudge
17398,0.00053690,0,added_to_cart (-4.8886) | user_type_0 (+0.3862) | device_type_1 (-0.1768),Retention/engagement nudge
5317,0.58015896,1,added_to_cart (+3.3972) | user_type_0 (-0.3160) | device_type_0 (-0.1811),Candidate for promotion - threshold-qualified
1845,0.72334286,1,added_to_cart (+3.3972) | user_type_0 (+0.3862) | device_type_0 (-0.1811),Candidate for promotion - higher score
13661,0.74887048,1,added_to_cart (+3.3972) | user_type_0 (+0.3862) | visit_season_0 (-0.1830),Candidate for promotion - higher score
13443,0.56126888,0,added_to_cart (+3.3972) | user_type_0 (-0.3160) | device_type_0 (-0.1811),Investigate checkout/discount friction
5400,0.00057009,0,added_to_cart (-4.8886) | user_type_0 (+0.3862) | device_type_0 (-0.1811),Retention/engagement nudge
22926,0.64172634,1,added_to_cart (+3.3972) | user_type_0 (-0.3160) | device_type_1 (-0.1768),Candidate for promotion - threshold-qualified
988,0.70187873,1,added_to_cart (+3.3972) | user_type_0 (+0.3862) | device_type_0 (-0.1811),Candidate for promotion - higher score
13892,0.00047589,0,added_to_cart (-4.8886) | user_type_0 (-0.3160) | device_type_2 (-0.2368),Retention/engagement nudge
12185,0.00027320,0,added_to_cart (-4.8886) | user_type_0 (-0.3160) | device_type_1 (-0.1768),Retention/engagement nudge
13730,0.00068061,0,added_to_cart (-4.8886) | user_type_0 (+0.3862) | device_type_0 (-0.1811),Retention/engagement nudge
14357,0.74160139,1,added_to_cart (+3.3972) | user_type_0 (+0.3862) | device_type_2 (-0.2368),Candidate for promotion - higher score
5988,0.00065031,0,added_to_cart (-4.8886) | user_type_0 (+0.3862) | device_type_1 (-0.1768),Retention/engagement nudge
835,0.58927046,1,added_to_cart (+3.3972) | user_type_0 (-0.3160) | visit_season_0 (-0.1830),Candidate for promotion - threshold-qualified
22392,0.00064027,0,added_to_cart (-4.8886) | user_type_0 (+0.3862) | device_type_0 (-0.1811),Retention/engagement nudge
12021,0.66288493,1,added_to_cart (+3.3972) | user_type_0 (+0.3862) | device_type_0 (-0.1811),Candidate for promotion - threshold-qualified
12084,0.67572346,1,added_to_cart (+3.3972) | user_type_0 (+0.3862) | visit_season_0 (-0.1830),Candidate for promotion - higher score
2436,0.00061340,0,added_to_cart (-4.8886) | user_type_0 (+0.3862) | device_type_0 (-0.1811),Retention/engagement nudge
4238,0.68028183,1,added_to_cart (+3.3972) | user_type_0 (+0.3862) | device_type_0 (-0.1811),Candidate for promotion - higher score
6533,0.00033483,0,added_to_cart (-4.8886) | user_type_0 (-0.3160) | device_type_1 (-0.1768),Retention/engagement nudge
9043,0.71936077,1,added_to_cart (+3.3972) | user_type_0 (+0.3862) | device_type_1 (-0.1768),Candidate for promotion - higher score
11000,0.00032497,0,added_to_cart (-4.8886) | user_type_0 (-0.3160) | device_type_1 (-0.1768),Retention/engagement nudge
11590,0.67290592,1,added_to_cart (+3.3972) | user_type_0 (+0.3862) | visit_season_0 (-0.1830),Candidate for promotion - higher score
2198,0.64170084,1,added_to_cart (+3.3972) | user_type_0 (+0.3862) | device_type_2 (-0.2368),Candidate for promotion - threshold-qualified
6942,0.59302475,1,added_to_cart (+3.3972) | user_type_0 (-0.3160) | device_type_0 (-0.1811),Candidate for promotion - threshold-qualified
13991,0.00043134,0,added_to_cart (-4.8886) | user_type_0 (-0.3160) | device_type_0 (-0.1811),Retention/engagement nudge
24200,0.00035260,0,added_to_cart (-4.8886) | user_type_0 (-0.3160) | device_type_0 (-0.1811),Retention/engagement nudge
13338,0.00037677,0,added_to_cart (-4.8886) | user_type_0 (+0.3862) | device_type_1 (-0.1768),Retention/engagement nudge
3029,0.70444249,1,added_to_cart (+3.3972) | user_type_0 (+0.3862) | visit_season_0 (-0.1830),Candidate for promotion - higher score
12404,0.64247626,1,added_to_cart (+3.3972) | user_type_0 (-0.3160) | visit_season_0 (-0.1830),Candidate for promotion - threshold-qualified
17558,0.70706133,1,added_to_cart (+3.3972) | user_type_0 (+0.3862) | visit_season_1 (-0.1783),Candidate for promotion - higher score
14299,0.68329182,1,added_to_cart (+3.3972) | user_type_0 (+0.3862) | time_on_site_sec (-0.1860),Candidate for promotion - higher score
24171,0.75572993,1,added_to_cart (+3.3972) | user_type_0 (+0.3862) | device_type_1 (-0.1768),Candidate for promotion - higher score
2867,0.61692334,1,added_to_cart (+3.3972) | user_type_0 (-0.3160) | device_type_1 (-0.1768),Candidate for promotion - threshold-qualified
15646,0.00049942,0,added_to_cart (-4.8886) | user_type_0 (+0.3862) | time_on_site_sec (-0.1898),Retention/engagement nudge
1815,0.00045605,0,added_to_cart (-4.8886) | user_type_0 (+0.3862) | device_type_0 (-0.1811),Retention/engagement nudge
4414,0.60557694,1,added_to_cart (+3.3972) | user_type_0 (-0.3160) | device_type_1 (-0.1768),Candidate for promotion - threshold-qualified
24902,0.69311036,1,added_to_cart (+3.3972) | user_type_0 (+0.3862) | device_type_0 (-0.1811),Candidate for promotion - higher score
11561,0.68978630,1,added_to_cart (+3.3972) | user_type_0 (+0.3862) | device_type_0 (-0.1811),Candidate for promotion - higher score
6740,0.00063651,0,added_to_cart (-4.8886) | user_type_0 (+0.3862) | device_type_0 (-0.1811),Retention/engagement nudge
23577,0.70446435,1,added_to_cart (+3.3972) | user_type_0 (+0.3862) | visit_season_0 (-0.1830),Candidate for promotion - higher score
11466,0.65926816,1,added_to_cart (+3.3972) | user_type_0 (+0.3862) | visit_season_0 (-0.1830),Candidate for promotion - threshold-qualified
16093,0.66164571,1,added_to_cart (+3.3972) | user_type_0 (+0.3862) | device_type_0 (-0.1811),Candidate for promotion - threshold-qualified
23940,0.00047929,0,added_to_cart (-4.8886) | user_type_0 (+0.3862) | visit_season_1 (-0.1783),Retention/engagement nudge
7188,0.57839542,1,added_to_cart (+3.3972) | user_type_0 (-0.3160) | device_type_0 (-0.1811),Candidate for promotion - threshold-qualified
5971,0.57713955,1,added_to_cart (+3.3972) | user_type_0 (-0.3160) | visit_season_0 (-0.1830),Candidate for promotion - threshold-qualified
6827,0.68556329,1,added_to_cart (+3.3972) | user_type_0 (+0.3862) | device_type_0 (-0.1811),Candidate for promotion - higher score
22860,0.59215945,1,added_to_cart (+3.3972) | user_type_0 (-0.3160) | device_type_0 (-0.1811),Candidate for promotion - threshold-qualified
8491,0.70163453,1,added_to_cart (+3.3972) | user_type_0 (+0.3862) | device_type_0 (-0.1811),Candidate for promotion - higher score
13800,0.70306849,1,added_to_cart (+3.3972) | user_type_0 (+0.3862) | visit_season_0 (-0.1830),Candidate for promotion - higher score
19356,0.68971071,1,added_to_cart (+3.3972) | user_type_0 (+0.3862) | device_type_1 (-0.1768),Candidate for promotion - higher score
7913,0.56219337,0,added_to_cart (+3.3972) | user_type_0 (-0.3160) | device_type_2 (-0.2368),Investigate checkout/discount friction
24025,0.00039223,0,added_to_cart (-4.8886) | user_type_0 (-0.3160) | visit_season_0 (-0.1830),Retention/engagement nudge
19165,0.64132065,1,added_to_cart (+3.3972) | user_type_0 (+0.3862) | visit_season_0 (-0.1830),Candidate for promotion - threshold-qualified
21892,0.73170681,1,added_to_cart (+3.3972) | user_type_0 (+0.3862) | device_type_1 (-0.1768),Candidate for promotion - higher score
10970,0.75545788,1,added_to_cart (+3.3972) | user_type_0 (+0.3862) | device_type_2 (-0.2368),Candidate for promotion - higher score
9798,0.00058535,0,added_to_cart (-4.8886) | user_type_0 (+0.3862) | device_type_0 (-0.1811),Retention/engagement nudge
10404,0.68146689,1,added_to_cart (+3.3972) | user_type_0 (+0.3862) | device_type_2 (-0.2368),Candidate for promotion - higher score
19663,0.57847159,1,added_to_cart (+3.3972) | user_type_0 (-0.3160) | device_type_0 (-0.1811),Candidate for promotion - threshold-qualified
3383,0.68880196,1,added_to_cart (+3.3972) | user_type_0 (+0.3862) | visit_season_0 (-0.1830),Candidate for promotion - higher score
14849,0.65207977,1,added_to_cart (+3.3972) | user_type_0 (-0.3160) | device_type_0 (-0.1811),Candidate for promotion - threshold-qualified
24982,0.00028608,0,added_to_cart (-4.8886) | user_type_0 (-0.3160) | visit_season_1 (-0.1783),Retention/engagement nudge
24878,0.00050680,0,added_to_cart (-4.8886) | user_type_0 (+0.3862) | device_type_2 (-0.2368),Retention/engagement nudge
11038,0.00051669,0,added_to_cart (-4.8886) | user_type_0 (+0.3862) | visit_season_0 (-0.1830),Retention/engagement nudge
24423,0.58161933,1,added_to_cart (+3.3972) | user_type_0 (-0.3160) | device_type_0 (-0.1811),Candidate for promotion - threshold-qualified
3847,0.70217053,1,added_to_cart (+3.3972) | user_type_0 (+0.3862) | device_type_2 (-0.2368),Candidate for promotion - higher score
17606,0.00038682,0,added_to_cart (-4.8886) | user_type_0 (-0.3160) | device_type_1 (-0.1768),Retention/engagement nudge
8985,0.58978311,1,added_to_cart (+3.3972) | user_type_0 (-0.3160) | device_type_0 (-0.1811),Candidate for promotion - threshold-qualified
4562,0.55724444,0,added_to_cart (+3.3972) | user_type_0 (-0.3160) | device_type_2 (-0.2368),Investigate checkout/discount friction
21222,0.56968503,0,added_to_cart (+3.3972) | user_type_0 (-0.3160) | device_type_0 (-0.1811),Investigate checkout/discount friction
24677,0.65507533,1,added_to_cart (+3.3972) | user_type_0 (+0.3862) | device_type_1 (-0.1768),Candidate for promotion - threshold-qualified
20451,0.70968047,1,added_to_cart (+3.3972) | user_type_0 (+0.3862) | device_type_0 (-0.1811),Candidate for promotion - higher score
990,0.54119786,0,added_to_cart (+3.3972) | user_type_0 (-0.3160) | device_type_1 (-0.1768),Investigate checkout/discount friction
12716,0.53754720,0,added_to_cart (+3.3972) | user_type_0 (-0.3160) | visit_season_0 (-0.1830),Investigate checkout/discount friction
18754,0.68214677,1,added_to_cart (+3.3972) | user_type_0 (+0.3862) | device_type_0 (-0.1811),Candidate for promotion - higher score
3956,0.67554296,1,added_to_cart (+3.3972) | user_type_0 (+0.3862) | visit_season_0 (-0.1830),Candidate for promotion - higher score
5077,0.66607161,1,added_to_cart (+3.3972) | user_type_0 (+0.3862) | visit_season_1 (-0.1783),Candidate for promotion - threshold-qualified
8065,0.00050472,0,added_to_cart (-4.8886) | user_type_0 (+0.3862) | visit_season_0 (-0.1830),Retention/engagement nudge
19845,0.61670311,1,added_to_cart (+3.3972) | user_type_0 (-0.3160) | device_type_2 (-0.2368),Candidate for promotion - threshold-qualified
12770,0.00078111,0,added_to_cart (-4.8886) | user_type_0 (+0.3862) | device_type_2 (-0.2368),Retention/engagement nudge
18766,0.00038730,0,added_to_cart (-4.8886) | user_type_0 (-0.3160) | device_type_2 (-0.2368),Retention/engagement nudge
20809,0.61565825,1,added_to_cart (+3.3972) | user_type_0 (-0.3160) | device_type_1 (-0.1768),Candidate for promotion - threshold-qualified
1163,0.70821477,1,added_to_cart (+3.3972) | user_type_0 (+0.3862) | device_type_1 (-0.1768),Candidate for promotion - higher score
21450,0.68655352,1,added_to_cart (+3.3972) | user_type_0 (+0.3862) | device_type_0 (-0.1811),Candidate for promotion - higher score
18129,0.00065882,0,added_to_cart (-4.8886) | user_type_0 (+0.3862) | visit_season_0 (-0.1830),Retention/engagement nudge
20274,0.00050195,0,added_to_cart (-4.8886) | user_type_0 (+0.3862) | device_type_0 (-0.1811),Retention/engagement nudge
24625,0.70416564,1,added_to_cart (+3.3972) | user_type_0 (+0.3862) | device_type_0 (-0.1811),Candidate for promotion - higher score
14552,0.62310749,1,added_to_cart (+3.3972) | user_type_0 (-0.3160) | visit_season_0 (-0.1830),Candidate for promotion - threshold-qualified
10720,0.59723848,1,added_to_cart (+3.3972) | user_type_0 (-0.3160) | device_type_0 (-0.1811),Candidate for promotion - threshold-qualified
293,0.68536295,1,added_to_cart (+3.3972) | user_type_0 (+0.3862) | device_type_1 (-0.1768),Candidate for promotion - higher score
1912,0.00057338,0,added_to_cart (-4.8886) | user_type_0 (+0.3862) | device_type_1 (-0.1768),Retention/engagement nudge
9094,0.74449951,1,added_to_cart (+3.3972) | user_type_0 (+0.3862) | visit_season_0 (-0.1830),Candidate for promotion - higher score
23364,0.75037904,1,added_to_cart (+3.3972) | user_type_0 (+0.3862) | visit_season_0 (-0.1830),Candidate for promotion - higher score
8566,0.71459673,1,added_to_cart (+3.3972) | user_type_0 (+0.3862) | device_type_0 (-0.1811),Candidate for promotion - higher score
5408,0.67184390,1,added_to_cart (+3.3972) | user_type_0 (+0.3862) | time_on_site_sec (-0.2022),Candidate for promotion - threshold-qualified
23744,0.61146009,1,added_to_cart (+3.3972) | user_type_0 (-0.3160) | time_on_site_sec (-0.1813),Candidate for promotion - threshold-qualified
7297,0.00065429,0,added_to_cart (-4.8886) | user_type_0 (+0.3862) | device_type_0 (-0.1811),Retention/engagement nudge
13552,0.57155786,0,added_to_cart (+3.3972) | user_type_0 (-0.3160) | visit_season_0 (-0.1830),Investigate checkout/discount friction
19241,0.64713148,1,added_to_cart (+3.3972) | user_type_0 (+0.3862) | device_type_1 (-0.1768),Candidate for promotion - threshold-qualified
17401,0.57358011,1,added_to_cart (+3.3972) | user_type_0 (-0.3160) | device_type_2 (-0.2368),Candidate for promotion - threshold-qualified
4718,0.00068279,0,added_to_cart (-4.8886) | user_type_0 (+0.3862) | device_type_0 (-0.1811),Retention/engagement nudge
13821,0.00060978,0,added_to_cart (-4.8886) | user_type_0 (+0.3862) | visit_season_0 (-0.1830),Retention/engagement nudge
13652,0.61733024,1,added_to_cart (+3.3972) | user_type_0 (-0.3160) | device_type_0 (-0.1811),Candidate for promotion - threshold-qualified
22299,0.67493239,1,added_to_cart (+3.3972) | user_type_0 (+0.3862) | device_type_0 (-0.1811),Candidate for promotion - higher score
272,0.00054953,0,added_to_cart (-4.8886) | user_type_0 (+0.3862) | visit_season_0 (-0.1830),Retention/engagement nudge
4344,0.58526534,1,added_to_cart (+3.3972) | user_type_0 (-0.3160) | visit_season_1 (-0.1783),Candidate for promotion - threshold-qualified
13890,0.70482113,1,added_to_cart (+3.3972) | user_type_0 (+0.3862) | device_type_0 (-0.1811),Candidate for promotion - higher score
4358,0.00038360,0,added_to_cart (-4.8886) | user_type_0 (-0.3160) | visit_season_0 (-0.1830),Retention/engagement nudge
23154,0.74954560,1,added_to_cart (+3.3972) | user_type_0 (+0.3862) | device_type_2 (-0.2368),Candidate for promotion - higher score
16954,0.70610179,1,added_to_cart (+3.3972) | user_type_0 (+0.3862) | device_type_1 (-0.1768),Candidate for promotion - higher score
8261,0.72012959,1,added_to_cart (+3.3972) | user_type_0 (+0.3862) | device_type_1 (-0.1768),Candidate for promotion - higher score
24358,0.61439323,1,added_to_cart (+3.3972) | user_type_0 (-0.3160) | device_type_0 (-0.1811),Candidate for promotion - threshold-qualified
19676,0.00028525,0,added_to_cart (-4.8886) | user_type_0 (-0.3160) | time_on_site_sec (-0.1872),Retention/engagement nudge
12422,0.68443152,1,added_to_cart (+3.3972) | user_type_0 (+0.3862) | device_type_0 (-0.1811),Candidate for promotion - higher score
9781,0.69871614,1,added_to_cart (+3.3972) | user_type_0 (+0.3862) | device_type_2 (-0.2368),Candidate for promotion - higher score
16135,0.63882885,1,added_to_cart (+3.3972) | user_type_0 (-0.3160) | device_type_2 (-0.2368),Candidate for promotion - threshold-qualified
18535,0.00036323,0,added_to_cart (-4.8886) | user_type_0 (-0.3160) | visit_season_1 (-0.1783),Retention/engagement nudge
9190,0.76282741,1,added_to_cart (+3.3972) | user_type_0 (+0.3862) | device_type_1 (-0.1768),Candidate for promotion - higher score
11110,0.72250310,1,added_to_cart (+3.3972) | user_type_0 (+0.3862) | device_type_0 (-0.1811),Candidate for promotion - higher score
16360,0.00041247,0,added_to_cart (-4.8886) | user_type_0 (-0.3160) | visit_season_0 (-0.1830),Retention/engagement nudge
23891,0.57373242,1,added_to_cart (+3.3972) | user_type_0 (-0.3160) | device_type_1 (-0.1768),Candidate for promotion - threshold-qualified
17929,0.69522535,1,added_to_cart (+3.3972) | user_type_0 (+0.3862) | device_type_1 (-0.1768),Candidate for promotion - higher score
14215,0.75083275,1,added_to_cart (+3.3972) | user_type_0 (+0.3862) | device_type_1 (-0.1768),Candidate for promotion - higher score
18198,0.69459207,1,added_to_cart (+3.3972) | user_type_0 (+0.3862) | device_type_0 (-0.1811),Candidate for promotion - higher score
12538,0.00033361,0,added_to_cart (-4.8886) | user_type_0 (-0.3160) | device_type_0 (-0.1811),Retention/engagement nudge
13186,0.62715133,1,added_to_cart (+3.3972) | user_type_0 (+0.3862) | time_on_site_sec (-0.1864),Candidate for promotion - threshold-qualified
5221,0.65252753,1,added_to_cart (+3.3972) | user_type_0 (+0.3862) | visit_season_1 (-0.1783),Candidate for promotion - threshold-qualified
566,0.52584002,0,added_to_cart (+3.3972) | user_type_0 (-0.3160) | device_type_0 (-0.1811),Investigate checkout/discount friction
13080,0.62522950,1,added_to_cart (+3.3972) | user_type_0 (-0.3160) | visit_season_0 (-0.1830),Candidate for promotion - threshold-qualified
858,0.00049225,0,added_to_cart (-4.8886) | user_type_0 (+0.3862) | device_type_0 (-0.1811),Retention/engagement nudge
19918,0.00031573,0,added_to_cart (-4.8886) | user_type_0 (-0.3160) | device_type_0 (-0.1811),Retention/engagement nudge
15920,0.00031123,0,added_to_cart (-4.8886) | user_type_0 (-0.3160) | device_type_0 (-0.1811),Retention/engagement nudge
792,0.67996802,1,added_to_cart (+3.3972) | user_type_0 (+0.3862) | time_on_site_sec (-0.2026),Candidate for promotion - higher score
23718,0.54600928,0,added_to_cart (+3.3972) | user_type_0 (-0.3160) | device_type_0 (-0.1811),Investigate checkout/discount friction
2431,0.69313613,1,added_to_cart (+3.3972) | user_type_0 (+0.3862) | device_type_1 (-0.1768),Candidate for promotion - higher score
6152,0.62666548,1,added_to_cart (+3.3972) | user_type_0 (+0.3862) | device_type_0 (-0.1811),Candidate for promotion - threshold-qualified
23285,0.00057976,0,added_to_cart (-4.8886) | user_type_0 (+0.3862) | visit_season_0 (-0.1830),Retention/engagement nudge
14516,0.70491882,1,added_to_cart (+3.3972) | user_type_0 (+0.3862) | device_type_0 (-0.1811),Candidate for promotion - higher score
20816,0.72356575,1,added_to_cart (+3.3972) | user_type_0 (+0.3862) | device_type_1 (-0.1768),Candidate for promotion - higher score
15397,0.65410547,1,added_to_cart (+3.3972) | user_type_0 (+0.3862) | device_type_1 (-0.1768),Candidate for promotion - threshold-qualified
13773,0.64045841,1,added_to_cart (+3.3972) | user_type_0 (-0.3160) | device_type_1 (-0.1768),Candidate for promotion - threshold-qualified
5069,0.00060753,0,added_to_cart (-4.8886) | user_type_0 (+0.3862) | visit_season_0 (-0.1830),Retention/engagement nudge
6185,0.67591932,1,added_to_cart (+3.3972) | user_type_0 (+0.3862) | device_type_1 (-0.1768),Candidate for promotion - higher score
6074,0.00044162,0,added_to_cart (-4.8886) | user_type_0 (-0.3160) | visit_season_0 (-0.1830),Retention/engagement nudge
14764,0.67307904,1,added_to_cart (+3.3972) | user_type_0 (+0.3862) | device_type_0 (-0.1811),Candidate for promotion - higher score
16590,0.59135337,1,added_to_cart (+3.3972) | user_type_0 (-0.3160) | device_type_2 (-0.2368),Candidate for promotion - threshold-qualified
1779,0.00040944,0,added_to_cart (-4.8886) | user_type_0 (-0.3160) | device_type_0 (-0.1811),Retention/engagement nudge
12950,0.00069719,0,added_to_cart (-4.8886) | user_type_0 (+0.3862) | device_type_1 (-0.1768),Retention/engagement nudge
12698,0.00039048,0,added_to_cart (-4.8886) | user_type_0 (-0.3160) | device_type_1 (-0.1768),Retention/engagement nudge
4366,0.68343503,1,added_to_cart (+3.3972) | user_type_0 (+0.3862) | device_type_1 (-0.1768),Candidate for promotion - higher score
24033,0.58558554,1,added_to_cart (+3.3972) | user_type_0 (-0.3160) | device_type_0 (-0.1811),Candidate for promotion - threshold-qualified
23360,0.71136492,1,added_to_cart (+3.3972) | user_type_0 (+0.3862) | device_type_2 (-0.2368),Candidate for promotion - higher score
8650,0.00026447,0,added_to_cart (-4.8886) | user_type_0 (-0.3160) | visit_season_1 (-0.1783),Retention/engagement nudge
1455,0.69442049,1,added_to_cart (+3.3972) | user_type_0 (+0.3862) | device_type_0 (-0.1811),Candidate for promotion - higher score
21066,0.68280120,1,added_to_cart (+3.3972) | user_type_0 (+0.3862) | visit_season_0 (-0.1830),Candidate for promotion - higher score
4244,0.00055945,0,added_to_cart (-4.8886) | user_type_0 (+0.3862) | time_on_site_sec (-0.1781),Retention/engagement nudge
21243,0.67514212,1,added_to_cart (+3.3972) | user_type_0 (+0.3862) | visit_season_1 (-0.1783),Candidate for promotion - higher score
10073,0.57592982,1,added_to_cart (+3.3972) | user_type_0 (-0.3160) | visit_season_0 (-0.1830),Candidate for promotion - threshold-qualified
20474,0.64299484,1,added_to_cart (+3.3972) | user_type_0 (+0.3862) | visit_season_1 (-0.1783),Candidate for promotion - threshold-qualified
12216,0.00027944,0,added_to_cart (-4.8886) | user_type_0 (-0.3160) | device_type_1 (-0.1768),Retention/engagement nudge
24520,0.69467486,1,added_to_cart (+3.3972) | user_type_0 (+0.3862) | device_type_0 (-0.1811),Candidate for promotion - higher score
9271,0.55522685,0,added_to_cart (+3.3972) | user_type_0 (-0.3160) | device_type_1 (-0.1768),Investigate checkout/discount friction
4150,0.62840658,1,added_to_cart (+3.3972) | user_type_0 (-0.3160) | device_type_2 (-0.2368),Candidate for promotion - threshold-qualified
15500,0.00064369,0,added_to_cart (-4.8886) | user_type_0 (+0.3862) | visit_season_0 (-0.1830),Retention/engagement nudge
18194,0.72688984,1,added_to_cart (+3.3972) | user_type_0 (+0.3862) | device_type_1 (-0.1768),Candidate for promotion - higher score
22419,0.59688359,1,added_to_cart (+3.3972) | user_type_0 (-0.3160) | visit_season_0 (-0.1830),Candidate for promotion - threshold-qualified
22052,0.00057408,0,added_to_cart (-4.8886) | user_type_0 (+0.3862) | device_type_1 (-0.1768),Retention/engagement nudge
10188,0.60390214,1,added_to_cart (+3.3972) | user_type_0 (-0.3160) | visit_season_0 (-0.1830),Candidate for promotion - threshold-qualified
13757,0.00041059,0,added_to_cart (-4.8886) | user_type_0 (-0.3160) | device_type_2 (-0.2368),Retention/engagement nudge
14222,0.71151447,1,added_to_cart (+3.3972) | user_type_0 (+0.3862) | device_type_1 (-0.1768),Candidate for promotion - higher score
11683,0.66218386,1,added_to_cart (+3.3972) | user_type_0 (+0.3862) | visit_season_0 (-0.1830),Candidate for promotion - threshold-qualified
13094,0.58810529,1,added_to_cart (+3.3972) | user_type_0 (-0.3160) | device_type_2 (-0.2368),Candidate for promotion - threshold-qualified
5060,0.58455368,1,added_to_cart (+3.3972) | user_type_0 (-0.3160) | visit_season_1 (-0.1783),Candidate for promotion - threshold-qualified
10900,0.00037802,0,added_to_cart (-4.8886) | user_type_0 (-0.3160) | device_type_0 (-0.1811),Retention/engagement nudge
173,0.74344121,1,added_to_cart (+3.3972) | user_type_0 (+0.3862) | device_type_2 (-0.2368),Candidate for promotion - higher score
20149,0.00028646,0,added_to_cart (-4.8886) | user_type_0 (-0.3160) | visit_season_0 (-0.1830),Retention/engagement nudge
19462,0.60036438,1,added_to_cart (+3.3972) | user_type_0 (-0.3160) | visit_season_1 (-0.1783),Candidate for promotion - threshold-qualified
13,0.00035533,0,added_to_cart (-4.8886) | user_type_0 (-0.3160) | visit_season_0 (-0.1830),Retention/engagement nudge
3543,0.60493445,1,added_to_cart (+3.3972) | user_type_0 (+0.3862) | device_type_2 (-0.2368),Candidate for promotion - threshold-qualified
9421,0.00029171,0,added_to_cart (-4.8886) | user_type_0 (-0.3160) | visit_season_0 (-0.1830),Retention/engagement nudge
10520,0.00044871,0,added_to_cart (-4.8886) | user_type_0 (-0.3160) | device_type_0 (-0.1811),Retention/engagement nudge
8335,0.70478396,1,added_to_cart (+3.3972) | user_type_0 (+0.3862) | device_type_0 (-0.1811),Candidate for promotion - higher score
12186,0.66938926,1,added_to_cart (+3.3972) | user_type_0 (+0.3862) | visit_season_0 (-0.1830),Candidate for promotion - threshold-qualified
23825,0.67199928,1,added_to_cart (+3.3972) | user_type_0 (+0.3862) | device_type_2 (-0.2368),Candidate for promotion - threshold-qualified
7552,0.52091052,0,added_to_cart (+3.3972) | user_type_0 (-0.3160) | device_type_0 (-0.1811),Investigate checkout/discount friction
12239,0.00059462,0,added_to_cart (-4.8886) | user_type_0 (+0.3862) | visit_season_0 (-0.1830),Retention/engagement nudge
13309,0.72200873,1,added_to_cart (+3.3972) | user_type_0 (+0.3862) | device_type_1 (-0.1768),Candidate for promotion - higher score
14769,0.60293897,1,added_to_cart (+3.3972) | user_type_0 (-0.3160) | visit_season_1 (-0.1783),Candidate for promotion - threshold-qualified
20318,0.71384238,1,added_to_cart (+3.3972) | user_type_0 (+0.3862) | device_type_1 (-0.1768),Candidate for promotion - higher score
10490,0.54369485,0,added_to_cart (+3.3972) | user_type_0 (-0.3160) | device_type_1 (-0.1768),Investigate checkout/discount friction
7169,0.00054133,0,added_to_cart (-4.8886) | user_type_0 (+0.3862) | visit_season_0 (-0.1830),Retention/engagement nudge
20243,0.64734950,1,added_to_cart (+3.3972) | user_type_0 (+0.3862) | time_on_site_sec (-0.1931),Candidate for promotion - threshold-qualified
4184,0.54488295,0,added_to_cart (+3.3972) | user_type_0 (-0.3160) | time_on_site_sec (-0.1794),Investigate checkout/discount friction
14932,0.00033924,0,added_to_cart (-4.8886) | user_type_0 (-0.3160) | visit_season_0 (-0.1830),Retention/engagement nudge
19446,0.65746646,1,added_to_cart (+3.3972) | user_type_0 (+0.3862) | visit_season_1 (-0.1783),Candidate for promotion - threshold-qualified
16264,0.50325471,0,added_to_cart (+3.3972) | user_type_0 (-0.3160) | device_type_2 (-0.2368),Investigate checkout/discount friction
14933,0.65393446,1,added_to_cart (+3.3972) | user_type_0 (+0.3862) | device_type_0 (-0.1811),Candidate for promotion - threshold-qualified
20828,0.57489001,1,added_to_cart (+3.3972) | user_type_0 (-0.3160) | visit_season_1 (-0.1783),Candidate for promotion - threshold-qualified
17957,0.59894871,1,added_to_cart (+3.3972) | user_type_0 (-0.3160) | device_type_1 (-0.1768),Candidate for promotion - threshold-qualified
9474,0.70578420,1,added_to_cart (+3.3972) | user_type_0 (+0.3862) | device_type_0 (-0.1811),Candidate for promotion - higher score
23141,0.00039027,0,added_to_cart (-4.8886) | user_type_0 (-0.3160) | device_type_0 (-0.1811),Retention/engagement nudge
11441,0.71578283,1,added_to_cart (+3.3972) | user_type_0 (+0.3862) | visit_season_0 (-0.1830),Candidate for promotion - higher score
13119,0.72867474,1,added_to_cart (+3.3972) | user_type_0 (+0.3862) | visit_season_1 (-0.1783),Candidate for promotion - higher score
22936,0.58396007,1,added_to_cart (+3.3972) | user_type_0 (-0.3160) | device_type_0 (-0.1811),Candidate for promotion - threshold-qualified
996,0.56942407,0,added_to_cart (+3.3972) | user_type_0 (-0.3160) | visit_season_1 (-0.1783),Investigate checkout/discount friction
13521,0.58911001,1,added_to_cart (+3.3972) | user_type_0 (-0.3160) | device_type_2 (-0.2368),Candidate for promotion - threshold-qualified
5042,0.54701546,0,added_to_cart (+3.3972) | user_type_0 (-0.3160) | device_type_0 (-0.1811),Investigate checkout/discount friction
10078,0.00036046,0,added_to_cart (-4.8886) | user_type_0 (-0.3160) | device_type_0 (-0.1811),Retention/engagement nudge
17507,0.72071346,1,added_to_cart (+3.3972) | user_type_0 (+0.3862) | visit_season_1 (-0.1783),Candidate for promotion - higher score
21350,0.62410228,1,added_to_cart (+3.3972) | user_type_0 (+0.3862) | time_on_site_sec (-0.1845),Candidate for promotion - threshold-qualified
19799,0.56093029,0,added_to_cart (+3.3972) | user_type_0 (-0.3160) | visit_season_1 (-0.1783),Investigate checkout/discount friction
13947,0.71253368,1,added_to_cart (+3.3972) | user_type_0 (+0.3862) | device_type_0 (-0.1811),Candidate for promotion - higher score
16868,0.00065117,0,added_to_cart (-4.8886) | user_type_0 (+0.3862) | device_type_0 (-0.1811),Retention/engagement nudge
9856,0.65074504,1,added_to_cart (+3.3972) | user_type_0 (+0.3862) | device_type_0 (-0.1811),Candidate for promotion - threshold-qualified
5199,0.00037163,0,added_to_cart (-4.8886) | user_type_0 (-0.3160) | device_type_0 (-0.1811),Retention/engagement nudge
5270,0.00036872,0,added_to_cart (-4.8886) | user_type_0 (-0.3160) | device_type_0 (-0.1811),Retention/engagement nudge
22872,0.52492813,0,added_to_cart (+3.3972) | user_type_0 (-0.3160) | visit_season_1 (-0.1783),Investigate checkout/discount friction
24828,0.60652841,1,added_to_cart (+3.3972) | user_type_0 (-0.3160) | visit_season_1 (-0.1783),Candidate for promotion - threshold-qualified
16372,0.00040758,0,added_to_cart (-4.8886) | user_type_0 (-0.3160) | device_type_1 (-0.1768),Retention/engagement nudge
7982,0.72241572,1,added_to_cart (+3.3972) | user_type_0 (+0.3862) | visit_season_0 (-0.1830),Candidate for promotion - higher score
7583,0.69205518,1,added_to_cart (+3.3972) | user_type_0 (+0.3862) | visit_season_1 (-0.1783),Candidate for promotion - higher score
8039,0.71012634,1,added_to_cart (+3.3972) | user_type_0 (+0.3862) | device_type_0 (-0.1811),Candidate for promotion - higher score
16526,0.70793533,1,added_to_cart (+3.3972) | user_type_0 (+0.3862) | visit_season_0 (-0.1830),Candidate for promotion - higher score
3239,0.67471715,1,added_to_cart (+3.3972) | user_type_0 (+0.3862) | visit_season_1 (-0.1783),Candidate for promotion - higher score
742,0.56739296,0,added_to_cart (+3.3972) | user_type_0 (-0.3160) | device_type_0 (-0.1811),Investigate checkout/discount friction
3835,0.52836990,0,added_to_cart (+3.3972) | user_type_0 (-0.3160) | visit_season_0 (-0.1830),Investigate checkout/discount friction
21595,0.00033547,0,added_to_cart (-4.8886) | user_type_0 (-0.3160) | device_type_0 (-0.1811),Retention/engagement nudge
8436,0.67490040,1,added_to_cart (+3.3972) | user_type_0 (-0.3160) | device_type_2 (-0.2368),Candidate for promotion - higher score
16501,0.00055951,0,added_to_cart (-4.8886) | user_type_0 (+0.3862) | device_type_1 (-0.1768),Retention/engagement nudge
22761,0.65984519,1,added_to_cart (+3.3972) | user_type_0 (+0.3862) | visit_season_1 (-0.1783),Candidate for promotion - threshold-qualified
22897,0.56417018,0,added_to_cart (+3.3972) | user_type_0 (-0.3160) | device_type_1 (-0.1768),Investigate checkout/discount friction
20962,0.76737431,1,added_to_cart (+3.3972) | user_type_0 (+0.3862) | device_type_0 (-0.1811),Candidate for promotion - higher score
13853,0.73566993,1,added_to_cart (+3.3972) | user_type_0 (+0.3862) | visit_season_0 (-0.1830),Candidate for promotion - higher score
9648,0.56035873,0,added_to_cart (+3.3972) | user_type_0 (-0.3160) | visit_season_0 (-0.1830),Investigate checkout/discount friction
148,0.56006054,0,added_to_cart (+3.3972) | user_type_0 (-0.3160) | device_type_2 (-0.2368),Investigate checkout/discount friction
23949,0.00051562,0,added_to_cart (-4.8886) | user_type_0 (+0.3862) | device_type_0 (-0.1811),Retention/engagement nudge
1070,0.62206953,1,added_to_cart (+3.3972) | user_type_0 (-0.3160) | visit_season_0 (-0.1830),Candidate for promotion - threshold-qualified
24733,0.00059432,0,added_to_cart (-4.8886) | user_type_0 (+0.3862) | visit_season_1 (-0.1783),Retention/engagement nudge
10348,0.68676449,1,added_to_cart (+3.3972) | user_type_0 (+0.3862) | visit_season_0 (-0.1830),Candidate for promotion - higher score
21038,0.76442047,1,added_to_cart (+3.3972) | user_type_0 (+0.3862) | device_type_1 (-0.1768),Candidate for promotion - higher score
8888,0.68483346,1,added_to_cart (+3.3972) | user_type_0 (+0.3862) | device_type_1 (-0.1768),Candidate for promotion - higher score
741,0.00063399,0,added_to_cart (-4.8886) | user_type_0 (+0.3862) | visit_season_0 (-0.1830),Retention/engagement nudge
9299,0.00062621,0,added_to_cart (-4.8886) | user_type_0 (+0.3862) | device_type_0 (-0.1811),Retention/engagement nudge
13606,0.00043040,0,added_to_cart (-4.8886) | user_type_0 (-0.3160) | visit_season_0 (-0.1830),Retention/engagement nudge
24313,0.56986354,0,added_to_cart (+3.3972) | user_type_0 (-0.3160) | visit_season_0 (-0.1830),Investigate checkout/discount friction
20676,0.73326484,1,added_to_cart (+3.3972) | user_type_0 (+0.3862) | device_type_1 (-0.1768),Candidate for promotion - higher score
20485,0.00059275,0,added_to_cart (-4.8886) | user_type_0 (+0.3862) | device_type_0 (-0.1811),Retention/engagement nudge
10222,0.61150940,1,added_to_cart (+3.3972) | user_type_0 (-0.3160) | device_type_2 (-0.2368),Candidate for promotion - threshold-qualified
21654,0.00053964,0,added_to_cart (-4.8886) | user_type_0 (+0.3862) | device_type_2 (-0.2368),Retention/engagement nudge
19444,0.00038407,0,added_to_cart (-4.8886) | user_type_0 (-0.3160) | device_type_0 (-0.1811),Retention/engagement nudge
240,0.00037433,0,added_to_cart (-4.8886) | user_type_0 (-0.3160) | device_type_1 (-0.1768),Retention/engagement nudge
11345,0.68953141,1,added_to_cart (+3.3972) | user_type_0 (+0.3862) | device_type_0 (-0.1811),Candidate for promotion - higher score
23788,0.59587994,1,added_to_cart (+3.3972) | user_type_0 (-0.3160) | visit_season_1 (-0.1783),Candidate for promotion - threshold-qualified
7060,0.74381635,1,added_to_cart (+3.3972) | user_type_0 (+0.3862) | device_type_1 (-0.1768),Candidate for promotion - higher score
8107,0.00053363,0,added_to_cart (-4.8886) | user_type_0 (+0.3862) | device_type_0 (-0.1811),Retention/engagement nudge
9939,0.58948887,1,added_to_cart (+3.3972) | user_type_0 (-0.3160) | visit_season_1 (-0.1783),Candidate for promotion - threshold-qualified
18553,0.00058478,0,added_to_cart (-4.8886) | user_type_0 (+0.3862) | device_type_0 (-0.1811),Retention/engagement nudge
23139,0.71066155,1,added_to_cart (+3.3972) | user_type_0 (+0.3862) | visit_season_0 (-0.1830),Candidate for promotion - higher score
3000,0.60987194,1,added_to_cart (+3.3972) | user_type_0 (-0.3160) | visit_season_1 (-0.1783),Candidate for promotion - threshold-qualified
5639,0.57357734,1,added_to_cart (+3.3972) | user_type_0 (-0.3160) | device_type_2 (-0.2368),Candidate for promotion - threshold-qualified
3192,0.57024361,0,added_to_cart (+3.3972) | user_type_0 (-0.3160) | visit_season_1 (-0.1783),Investigate checkout/discount friction
202,0.63446082,1,added_to_cart (+3.3972) | user_type_0 (-0.3160) | device_type_1 (-0.1768),Candidate for promotion - threshold-qualified
9077,0.70956801,1,added_to_cart (+3.3972) | user_type_0 (+0.3862) | device_type_0 (-0.1811),Candidate for promotion - higher score
24055,0.65848959,1,added_to_cart (+3.3972) | user_type_0 (+0.3862) | device_type_1 (-0.1768),Candidate for promotion - threshold-qualified
19589,0.60649039,1,added_to_cart (+3.3972) | user_type_0 (-0.3160) | device_type_0 (-0.1811),Candidate for promotion - threshold-qualified
2006,0.00035395,0,added_to_cart (-4.8886) | user_type_0 (-0.3160) | device_type_0 (-0.1811),Retention/engagement nudge
24716,0.58939437,1,added_to_cart (+3.3972) | user_type_0 (-0.3160) | device_type_0 (-0.1811),Candidate for promotion - threshold-qualified
12501,0.00043497,0,added_to_cart (-4.8886) | user_type_0 (+0.3862) | visit_season_1 (-0.1783),Retention/engagement nudge
12462,0.00061403,0,added_to_cart (-4.8886) | user_type_0 (+0.3862) | device_type_1 (-0.1768),Retention/engagement nudge
11681,0.52890780,0,added_to_cart (+3.3972) | user_type_0 (-0.3160) | visit_season_1 (-0.1783),Investigate checkout/discount friction
21325,0.59329308,1,added_to_cart (+3.3972) | user_type_0 (-0.3160) | device_type_0 (-0.1811),Candidate for promotion - threshold-qualified
13011,0.55548482,0,added_to_cart (+3.3972) | user_type_0 (-0.3160) | visit_season_0 (-0.1830),Investigate checkout/discount friction
21052,0.66498460,1,added_to_cart (+3.3972) | user_type_0 (+0.3862) | time_on_site_sec (-0.1961),Candidate for promotion - threshold-qualified
10126,0.63900928,1,added_to_cart (+3.3972) | user_type_0 (+0.3862) | device_type_1 (-0.1768),Candidate for promotion - threshold-qualified
18674,0.00042863,0,added_to_cart (-4.8886) | user_type_0 (+0.3862) | device_type_0 (-0.1811),Retention/engagement nudge
8160,0.69803574,1,added_to_cart (+3.3972) | user_type_0 (+0.3862) | visit_season_1 (-0.1783),Candidate for promotion - higher score
17445,0.66774034,1,added_to_cart (+3.3972) | user_type_0 (+0.3862) | device_type_2 (-0.2368),Candidate for promotion - threshold-qualified
15267,0.56512386,0,added_to_cart (+3.3972) | user_type_0 (-0.3160) | device_type_0 (-0.1811),Investigate checkout/discount friction
17790,0.57989414,1,added_to_cart (+3.3972) | user_type_0 (-0.3160) | device_type_1 (-0.1768),Candidate for promotion - threshold-qualified
13813,0.70419907,1,added_to_cart (+3.3972) | user_type_0 (+0.3862) | visit_season_0 (-0.1830),Candidate for promotion - higher score
24323,0.00032912,0,added_to_cart (-4.8886) | user_type_0 (-0.3160) | device_type_2 (-0.2368),Retention/engagement nudge
10132,0.59324148,1,added_to_cart (+3.3972) | user_type_0 (+0.3862) | visit_season_0 (-0.1830),Candidate for promotion - threshold-qualified
3207,0.71365747,1,added_to_cart (+3.3972) | user_type_0 (+0.3862) | device_type_2 (-0.2368),Candidate for promotion - higher score
555,0.00037240,0,added_to_cart (-4.8886) | user_type_0 (-0.3160) | device_type_1 (-0.1768),Retention/engagement nudge
1471,0.00046329,0,added_to_cart (-4.8886) | user_type_0 (+0.3862) | device_type_2 (-0.2368),Retention/engagement nudge
1622,0.00051467,0,added_to_cart (-4.8886) | user_type_0 (+0.3862) | device_type_1 (-0.1768),Retention/engagement nudge
7244,0.00033791,0,added_to_cart (-4.8886) | user_type_0 (-0.3160) | device_type_1 (-0.1768),Retention/engagement nudge
17331,0.00056052,0,added_to_cart (-4.8886) | user_type_0 (+0.3862) | device_type_1 (-0.1768),Retention/engagement nudge
22332,0.75673405,1,added_to_cart (+3.3972) | user_type_0 (+0.3862) | device_type_0 (-0.1811),Candidate for promotion - higher score
23099,0.00034941,0,added_to_cart (-4.8886) | user_type_0 (-0.3160) | device_type_0 (-0.1811),Retention/engagement nudge
20649,0.62984205,1,added_to_cart (+3.3972) | user_type_0 (-0.3160) | visit_season_1 (-0.1783),Candidate for promotion - threshold-qualified
9236,0.70526912,1,added_to_cart (+3.3972) | user_type_0 (+0.3862) | visit_season_0 (-0.1830),Candidate for promotion - higher score
15251,0.57552901,1,added_to_cart (+3.3972) | user_type_0 (-0.3160) | time_on_site_sec (-0.2005),Candidate for promotion - threshold-qualified
2597,0.70469710,1,added_to_cart (+3.3972) | user_type_0 (+0.3862) | visit_season_1 (-0.1783),Candidate for promotion - higher score
10070,0.00054994,0,added_to_cart (-4.8886) | user_type_0 (+0.3862) | device_type_1 (-0.1768),Retention/engagement nudge
13236,0.57693046,1,added_to_cart (+3.3972) | user_type_0 (-0.3160) | device_type_2 (-0.2368),Candidate for promotion - threshold-qualified
5293,0.55004600,0,added_to_cart (+3.3972) | user_type_0 (-0.3160) | device_type_1 (-0.1768),Investigate checkout/discount friction
17627,0.00068038,0,added_to_cart (-4.8886) | user_type_0 (+0.3862) | device_type_0 (-0.1811),Retention/engagement nudge
1406,0.67227006,1,added_to_cart (+3.3972) | user_type_0 (+0.3862) | visit_season_0 (-0.1830),Candidate for promotion - threshold-qualified
16085,0.74888215,1,added_to_cart (+3.3972) | user_type_0 (+0.3862) | visit_season_0 (-0.1830),Candidate for promotion - higher score
1251,0.70523928,1,added_to_cart (+3.3972) | user_type_0 (+0.3862) | device_type_0 (-0.1811),Candidate for promotion - higher score
10928,0.59486342,1,added_to_cart (+3.3972) | user_type_0 (-0.3160) | device_type_1 (-0.1768),Candidate for promotion - threshold-qualified
254,0.68341820,1,added_to_cart (+3.3972) | user_type_0 (+0.3862) | visit_season_0 (-0.1830),Candidate for promotion - higher score
5927,0.00034567,0,added_to_cart (-4.8886) | user_type_0 (-0.3160) | device_type_1 (-0.1768),Retention/engagement nudge
24919,0.66851809,1,added_to_cart (+3.3972) | user_type_0 (+0.3862) | time_on_site_sec (-0.2003),Candidate for promotion - threshold-qualified
206,0.66974302,1,added_to_cart (+3.3972) | user_type_0 (+0.3862) | visit_season_0 (-0.1830),Candidate for promotion - threshold-qualified
16206,0.69273450,1,added_to_cart (+3.3972) | user_type_0 (+0.3862) | device_type_1 (-0.1768),Candidate for promotion - higher score
22840,0.00045088,0,added_to_cart (-4.8886) | user_type_0 (-0.3160) | visit_season_0 (-0.1830),Retention/engagement nudge
11709,0.00031934,0,added_to_cart (-4.8886) | user_type_0 (-0.3160) | device_type_2 (-0.2368),Retention/engagement nudge
4100,0.69787874,1,added_to_cart (+3.3972) | user_type_0 (+0.3862) | visit_season_0 (-0.1830),Candidate for promotion - higher score
5962,0.70463906,1,added_to_cart (+3.3972) | user_type_0 (+0.3862) | visit_season_1 (-0.1783),Candidate for promotion - higher score
15108,0.56744658,0,added_to_cart (+3.3972) | user_type_0 (-0.3160) | visit_season_1 (-0.1783),Investigate checkout/discount friction
22231,0.65198505,1,added_to_cart (+3.3972) | user_type_0 (+0.3862) | visit_season_0 (-0.1830),Candidate for promotion - threshold-qualified
23765,0.61748891,1,added_to_cart (+3.3972) | user_type_0 (+0.3862) | device_type_0 (-0.1811),Candidate for promotion - threshold-qualified
7260,0.61214245,1,added_to_cart (+3.3972) | user_type_0 (-0.3160) | device_type_1 (-0.1768),Candidate for promotion - threshold-qualified
15721,0.00039594,0,added_to_cart (-4.8886) | user_type_0 (-0.3160) | device_type_1 (-0.1768),Retention/engagement nudge
18280,0.67345341,1,added_to_cart (+3.3972) | user_type_0 (+0.3862) | visit_season_0 (-0.1830),Candidate for promotion - higher score
3248,0.58510802,1,added_to_cart (+3.3972) | user_type_0 (-0.3160) | device_type_2 (-0.2368),Candidate for promotion - threshold-qualified
23291,0.51008702,0,added_to_cart (+3.3972) | user_type_0 (-0.3160) | visit_season_0 (-0.1830),Investigate checkout/discount friction
13244,0.48965828,0,added_to_cart (+3.3972) | user_type_0 (-0.3160) | time_on_site_sec (-0.2018),Investigate checkout/discount friction
22011,0.65638719,1,added_to_cart (+3.3972) | user_type_0 (+0.3862) | visit_season_0 (-0.1830),Candidate for promotion - threshold-qualified
12870,0.55953243,0,added_to_cart (+3.3972) | user_type_0 (-0.3160) | device_type_2 (-0.2368),Investigate checkout/discount friction
7836,0.66481448,1,added_to_cart (+3.3972) | user_type_0 (+0.3862) | visit_season_0 (-0.1830),Candidate for promotion - threshold-qualified
7496,0.53938910,0,added_to_cart (+3.3972) | user_type_0 (-0.3160) | device_type_1 (-0.1768),Investigate checkout/discount friction
16271,0.00037383,0,added_to_cart (-4.8886) | user_type_0 (-0.3160) | visit_season_0 (-0.1830),Retention/engagement nudge
10940,0.00058231,0,added_to_cart (-4.8886) | user_type_0 (+0.3862) | visit_season_1 (-0.1783),Retention/engagement nudge
7405,0.70182668,1,added_to_cart (+3.3972) | user_type_0 (+0.3862) | device_type_2 (-0.2368),Candidate for promotion - higher score
16648,0.70020015,1,added_to_cart (+3.3972) | user_type_0 (+0.3862) | device_type_0 (-0.1811),Candidate for promotion - higher score
2798,0.60500403,1,added_to_cart (+3.3972) | user_type_0 (-0.3160) | device_type_1 (-0.1768),Candidate for promotion - threshold-qualified
15759,0.67426176,1,added_to_cart (+3.3972) | user_type_0 (+0.3862) | device_type_1 (-0.1768),Candidate for promotion - higher score
24754,0.68748327,1,added_to_cart (+3.3972) | user_type_0 (+0.3862) | device_type_2 (-0.2368),Candidate for promotion - higher score
9383,0.70754844,1,added_to_cart (+3.3972) | user_type_0 (+0.3862) | device_type_0 (-0.1811),Candidate for promotion - higher score
9432,0.65462320,1,added_to_cart (+3.3972) | user_type_0 (+0.3862) | visit_season_0 (-0.1830),Candidate for promotion - threshold-qualified
9107,0.00030240,0,added_to_cart (-4.8886) | user_type_0 (-0.3160) | device_type_0 (-0.1811),Retention/engagement nudge
10625,0.00088092,0,added_to_cart (-4.8886) | user_type_0 (+0.3862) | device_type_1 (-0.1768),Retention/engagement nudge
2371,0.00029480,0,added_to_cart (-4.8886) | user_type_0 (-0.3160) | device_type_0 (-0.1811),Retention/engagement nudge
10016,0.67121492,1,added_to_cart (+3.3972) | user_type_0 (+0.3862) | visit_season_1 (-0.1783),Candidate for promotion - threshold-qualified
17310,0.62031577,1,added_to_cart (+3.3972) | user_type_0 (-0.3160) | device_type_0 (-0.1811),Candidate for promotion - threshold-qualified
4398,0.73623227,1,added_to_cart (+3.3972) | user_type_0 (+0.3862) | device_type_1 (-0.1768),Candidate for promotion - higher score
10057,0.57322587,1,added_to_cart (+3.3972) | user_type_0 (-0.3160) | device_type_0 (-0.1811),Candidate for promotion - threshold-qualified
19443,0.68349399,1,added_to_cart (+3.3972) | user_type_0 (+0.3862) | device_type_1 (-0.1768),Candidate for promotion - higher score
5464,0.55222097,0,added_to_cart (+3.3972) | user_type_0 (-0.3160) | visit_season_1 (-0.1783),Investigate checkout/discount friction
9797,0.00050403,0,added_to_cart (-4.8886) | user_type_0 (+0.3862) | visit_season_0 (-0.1830),Retention/engagement nudge
20458,0.55948038,0,added_to_cart (+3.3972) | user_type_0 (-0.3160) | device_type_0 (-0.1811),Investigate checkout/discount friction
13854,0.66927526,1,added_to_cart (+3.3972) | user_type_0 (+0.3862) | visit_season_0 (-0.1830),Candidate for promotion - threshold-qualified
19615,0.63710080,1,added_to_cart (+3.3972) | user_type_0 (-0.3160) | device_type_1 (-0.1768),Candidate for promotion - threshold-qualified
2322,0.00055270,0,added_to_cart (-4.8886) | user_type_0 (+0.3862) | device_type_1 (-0.1768),Retention/engagement nudge
510,0.64211669,1,added_to_cart (+3.3972) | user_type_0 (+0.3862) | device_type_1 (-0.1768),Candidate for promotion - threshold-qualified
5677,0.70659406,1,added_to_cart (+3.3972) | user_type_0 (+0.3862) | device_type_2 (-0.2368),Candidate for promotion - higher score
2281,0.00031201,0,added_to_cart (-4.8886) | user_type_0 (-0.3160) | device_type_1 (-0.1768),Retention/engagement nudge
24586,0.66725658,1,added_to_cart (+3.3972) | user_type_0 (+0.3862) | visit_season_1 (-0.1783),Candidate for promotion - threshold-qualified
15583,0.56225241,0,added_to_cart (+3.3972) | user_type_0 (-0.3160) | device_type_0 (-0.1811),Investigate checkout/discount friction
17871,0.66476689,1,added_to_cart (+3.3972) | user_type_0 (+0.3862) | visit_season_0 (-0.1830),Candidate for promotion - threshold-qualified
20701,0.66727585,1,added_to_cart (+3.3972) | user_type_0 (+0.3862) | visit_season_1 (-0.1783),Candidate for promotion - threshold-qualified
15266,0.00038226,0,added_to_cart (-4.8886) | user_type_0 (-0.3160) | visit_season_1 (-0.1783),Retention/engagement nudge
24550,0.68288363,1,added_to_cart (+3.3972) | user_type_0 (+0.3862) | device_type_1 (-0.1768),Candidate for promotion - higher score
17486,0.65908912,1,added_to_cart (+3.3972) | user_type_0 (+0.3862) | visit_season_1 (-0.1783),Candidate for promotion - threshold-qualified
13596,0.62104284,1,added_to_cart (+3.3972) | user_type_0 (-0.3160) | visit_season_1 (-0.1783),Candidate for promotion - threshold-qualified
24891,0.59506274,1,added_to_cart (+3.3972) | user_type_0 (-0.3160) | device_type_0 (-0.1811),Candidate for promotion - threshold-qualified
2928,0.69090263,1,added_to_cart (+3.3972) | user_type_0 (+0.3862) | device_type_0 (-0.1811),Candidate for promotion - higher score
9464,0.64316696,1,added_to_cart (+3.3972) | user_type_0 (-0.3160) | visit_season_1 (-0.1783),Candidate for promotion - threshold-qualified
19712,0.63537528,1,added_to_cart (+3.3972) | user_type_0 (-0.3160) | visit_season_0 (-0.1830),Candidate for promotion - threshold-qualified
4903,0.59696377,1,added_to_cart (+3.3972) | user_type_0 (-0.3160) | visit_season_0 (-0.1830),Candidate for promotion - threshold-qualified
11597,0.55515554,0,added_to_cart (+3.3972) | user_type_0 (-0.3160) | device_type_2 (-0.2368),Investigate checkout/discount friction
5737,0.00049671,0,added_to_cart (-4.8886) | user_type_0 (+0.3862) | time_on_site_sec (-0.1830),Retention/engagement nudge
20518,0.00031537,0,added_to_cart (-4.8886) | user_type_0 (-0.3160) | visit_season_0 (-0.1830),Retention/engagement nudge
3222,0.00043615,0,added_to_cart (-4.8886) | user_type_0 (-0.3160) | visit_season_1 (-0.1783),Retention/engagement nudge
5031,0.00036784,0,added_to_cart (-4.8886) | user_type_0 (-0.3160) | visit_season_0 (-0.1830),Retention/engagement nudge
2558,0.00066060,0,added_to_cart (-4.8886) | user_type_0 (+0.3862) | visit_season_1 (-0.1783),Retention/engagement nudge
22448,0.56254752,0,added_to_cart (+3.3972) | user_type_0 (-0.3160) | visit_season_0 (-0.1830),Investigate checkout/discount friction
18759,0.00030758,0,added_to_cart (-4.8886) | user_type_0 (-0.3160) | time_on_site_sec (-0.1836),Retention/engagement nudge
2243,0.00049179,0,added_to_cart (-4.8886) | user_type_0 (+0.3862) | device_type_0 (-0.1811),Retention/engagement nudge
8129,0.58288603,1,added_to_cart (+3.3972) | user_type_0 (-0.3160) | device_type_1 (-0.1768),Candidate for promotion - threshold-qualified
22678,0.00025720,0,added_to_cart (-4.8886) | user_type_0 (-0.3160) | visit_season_0 (-0.1830),Retention/engagement nudge
12250,0.60460610,1,added_to_cart (+3.3972) | user_type_0 (-0.3160) | device_type_0 (-0.1811),Candidate for promotion - threshold-qualified
17368,0.00037080,0,added_to_cart (-4.8886) | user_type_0 (-0.3160) | visit_season_1 (-0.1783),Retention/engagement nudge
9669,0.70253449,1,added_to_cart (+3.3972) | user_type_0 (+0.3862) | device_type_1 (-0.1768),Candidate for promotion - higher score
6602,0.00043893,0,added_to_cart (-4.8886) | user_type_0 (-0.3160) | device_type_1 (-0.1768),Retention/engagement nudge
3733,0.58766515,1,added_to_cart (+3.3972) | user_type_0 (-0.3160) | visit_season_0 (-0.1830),Candidate for promotion - threshold-qualified
18564,0.59994914,1,added_to_cart (+3.3972) | user_type_0 (-0.3160) | device_type_0 (-0.1811),Candidate for promotion - threshold-qualified
19709,0.69711638,1,added_to_cart (+3.3972) | user_type_0 (+0.3862) | visit_season_0 (-0.1830),Candidate for promotion - higher score
2441,0.52962189,0,added_to_cart (+3.3972) | user_type_0 (-0.3160) | device_type_1 (-0.1768),Investigate checkout/discount friction
1377,0.76336420,1,added_to_cart (+3.3972) | user_type_0 (+0.3862) | device_type_1 (-0.1768),Candidate for promotion - higher score
19436,0.00070415,0,added_to_cart (-4.8886) | user_type_0 (+0.3862) | device_type_0 (-0.1811),Retention/engagement nudge
4593,0.63917450,1,added_to_cart (+3.3972) | user_type_0 (-0.3160) | device_type_1 (-0.1768),Candidate for promotion - threshold-qualified
718,0.00029488,0,added_to_cart (-4.8886) | user_type_0 (-0.3160) | device_type_0 (-0.1811),Retention/engagement nudge
2388,0.69339114,1,added_to_cart (+3.3972) | user_type_0 (+0.3862) | device_type_2 (-0.2368),Candidate for promotion - higher score
7160,0.74381651,1,added_to_cart (+3.3972) | user_type_0 (+0.3862) | visit_season_0 (-0.1830),Candidate for promotion - higher score
2524,0.73996739,1,added_to_cart (+3.3972) | user_type_0 (+0.3862) | device_type_2 (-0.2368),Candidate for promotion - higher score
24454,0.00037131,0,added_to_cart (-4.8886) | user_type_0 (-0.3160) | device_type_0 (-0.1811),Retention/engagement nudge
16283,0.69828537,1,added_to_cart (+3.3972) | user_type_0 (+0.3862) | device_type_1 (-0.1768),Candidate for promotion - higher score
229,0.55302554,0,added_to_cart (+3.3972) | user_type_0 (-0.3160) | device_type_0 (-0.1811),Investigate checkout/discount friction
15984,0.69473033,1,added_to_cart (+3.3972) | user_type_0 (+0.3862) | device_type_0 (-0.1811),Candidate for promotion - higher score
6755,0.73046075,1,added_to_cart (+3.3972) | user_type_0 (+0.3862) | device_type_1 (-0.1768),Candidate for promotion - higher score
11056,0.67583073,1,added_to_cart (+3.3972) | user_type_0 (+0.3862) | visit_season_0 (-0.1830),Candidate for promotion - higher score
4441,0.59506344,1,added_to_cart (+3.3972) | user_type_0 (-0.3160) | visit_season_0 (-0.1830),Candidate for promotion - threshold-qualified
8051,0.00056746,0,added_to_cart (-4.8886) | user_type_0 (+0.3862) | device_type_1 (-0.1768),Retention/engagement nudge
20376,0.69474255,1,added_to_cart (+3.3972) | user_type_0 (+0.3862) | device_type_2 (-0.2368),Candidate for promotion - higher score
11008,0.65170929,1,added_to_cart (+3.3972) | user_type_0 (+0.3862) | visit_season_0 (-0.1830),Candidate for promotion - threshold-qualified
2756,0.00057157,0,added_to_cart (-4.8886) | user_type_0 (+0.3862) | device_type_0 (-0.1811),Retention/engagement nudge
18971,0.00042907,0,added_to_cart (-4.8886) | user_type_0 (-0.3160) | device_type_0 (-0.1811),Retention/engagement nudge
21273,0.70173522,1,added_to_cart (+3.3972) | user_type_0 (+0.3862) | visit_season_0 (-0.1830),Candidate for promotion - higher score
16825,0.00054840,0,added_to_cart (-4.8886) | user_type_0 (+0.3862) | device_type_0 (-0.1811),Retention/engagement nudge
15696,0.67103976,1,added_to_cart (+3.3972) | user_type_0 (+0.3862) | device_type_0 (-0.1811),Candidate for promotion - threshold-qualified
10632,0.72171760,1,added_to_cart (+3.3972) | user_type_0 (+0.3862) | device_type_0 (-0.1811),Candidate for promotion - higher score
5702,0.66606919,1,added_to_cart (+3.3972) | user_type_0 (+0.3862) | visit_season_0 (-0.1830),Candidate for promotion - threshold-qualified
11834,0.54694327,0,added_to_cart (+3.3972) | user_type_0 (-0.3160) | device_type_2 (-0.2368),Investigate checkout/discount friction
23401,0.70381970,1,added_to_cart (+3.3972) | user_type_0 (+0.3862) | device_type_2 (-0.2368),Candidate for promotion - higher score
24610,0.71029910,1,added_to_cart (+3.3972) | user_type_0 (+0.3862) | visit_season_0 (-0.1830),Candidate for promotion - higher score
12338,0.00057541,0,added_to_cart (-4.8886) | user_type_0 (+0.3862) | device_type_1 (-0.1768),Retention/engagement nudge
17272,0.66934293,1,added_to_cart (+3.3972) | user_type_0 (+0.3862) | time_on_site_sec (-0.1847),Candidate for promotion - threshold-qualified
21195,0.72339199,1,added_to_cart (+3.3972) | user_type_0 (+0.3862) | device_type_0 (-0.1811),Candidate for promotion - higher score
593,0.59718234,1,added_to_cart (+3.3972) | user_type_0 (-0.3160) | visit_season_0 (-0.1830),Candidate for promotion - threshold-qualified
1938,0.57349338,1,added_to_cart (+3.3972) | user_type_0 (-0.3160) | visit_season_0 (-0.1830),Candidate for promotion - threshold-qualified
10807,0.72938896,1,added_to_cart (+3.3972) | user_type_0 (+0.3862) | device_type_0 (-0.1811),Candidate for promotion - higher score
21934,0.69745855,1,added_to_cart (+3.3972) | user_type_0 (+0.3862) | device_type_0 (-0.1811),Candidate for promotion - higher score
2722,0.54957263,0,added_to_cart (+3.3972) | user_type_0 (-0.3160) | device_type_0 (-0.1811),Investigate checkout/discount friction
24526,0.63619160,1,added_to_cart (+3.3972) | user_type_0 (+0.3862) | time_on_site_sec (-0.1860),Candidate for promotion - threshold-qualified
24087,0.54549949,0,added_to_cart (+3.3972) | user_type_0 (-0.3160) | device_type_1 (-0.1768),Investigate checkout/discount friction
9422,0.58458981,1,added_to_cart (+3.3972) | user_type_0 (-0.3160) | visit_season_0 (-0.1830),Candidate for promotion - threshold-qualified
2282,0.58752919,1,added_to_cart (+3.3972) | user_type_0 (-0.3160) | visit_season_1 (-0.1783),Candidate for promotion - threshold-qualified
8354,0.67856321,1,added_to_cart (+3.3972) | user_type_0 (+0.3862) | visit_season_0 (-0.1830),Candidate for promotion - higher score
4629,0.54387617,0,added_to_cart (+3.3972) | user_type_0 (-0.3160) | device_type_1 (-0.1768),Investigate checkout/discount friction
9750,0.68404776,1,added_to_cart (+3.3972) | user_type_0 (+0.3862) | device_type_2 (-0.2368),Candidate for promotion - higher score
13848,0.00038610,0,added_to_cart (-4.8886) | user_type_0 (-0.3160) | device_type_1 (-0.1768),Retention/engagement nudge
17428,0.00029351,0,added_to_cart (-4.8886) | user_type_0 (-0.3160) | device_type_0 (-0.1811),Retention/engagement nudge
19536,0.53813105,0,added_to_cart (+3.3972) | user_type_0 (-0.3160) | visit_season_0 (-0.1830),Investigate checkout/discount friction
2306,0.00032931,0,added_to_cart (-4.8886) | user_type_0 (-0.3160) | device_type_1 (-0.1768),Retention/engagement nudge
20,0.67026865,1,added_to_cart (+3.3972) | user_type_0 (-0.3160) | device_type_2 (-0.2368),Candidate for promotion - threshold-qualified
12361,0.00042481,0,added_to_cart (-4.8886) | user_type_0 (-0.3160) | device_type_2 (-0.2368),Retention/engagement nudge
17752,0.54338389,0,added_to_cart (+3.3972) | user_type_0 (-0.3160) | visit_season_1 (-0.1783),Investigate checkout/discount friction
4734,0.00059364,0,added_to_cart (-4.8886) | user_type_0 (+0.3862) | visit_season_0 (-0.1830),Retention/engagement nudge
15523,0.69410335,1,added_to_cart (+3.3972) | user_type_0 (+0.3862) | device_type_1 (-0.1768),Candidate for promotion - higher score
20368,0.60776808,1,added_to_cart (+3.3972) | user_type_0 (-0.3160) | visit_season_0 (-0.1830),Candidate for promotion - threshold-qualified
13932,0.61657636,1,added_to_cart (+3.3972) | user_type_0 (-0.3160) | device_type_1 (-0.1768),Candidate for promotion - threshold-qualified
1286,0.60132250,1,added_to_cart (+3.3972) | user_type_0 (-0.3160) | visit_season_0 (-0.1830),Candidate for promotion - threshold-qualified
23271,0.59376550,1,added_to_cart (+3.3972) | user_type_0 (-0.3160) | time_on_site_sec (-0.1923),Candidate for promotion - threshold-qualified
11005,0.61483513,1,added_to_cart (+3.3972) | user_type_0 (-0.3160) | device_type_1 (-0.1768),Candidate for promotion - threshold-qualified
16599,0.71660281,1,added_to_cart (+3.3972) | user_type_0 (+0.3862) | device_type_0 (-0.1811),Candidate for promotion - higher score
5712,0.58556969,1,added_to_cart (+3.3972) | user_type_0 (-0.3160) | device_type_1 (-0.1768),Candidate for promotion - threshold-qualified
5175,0.00035786,0,added_to_cart (-4.8886) | user_type_0 (-0.3160) | visit_season_0 (-0.1830),Retention/engagement nudge
17776,0.55529351,0,added_to_cart (+3.3972) | user_type_0 (-0.3160) | visit_season_0 (-0.1830),Investigate checkout/discount friction
21188,0.69394564,1,added_to_cart (+3.3972) | user_type_0 (+0.3862) | device_type_0 (-0.1811),Candidate for promotion - higher score
12570,0.68826153,1,added_to_cart (+3.3972) | user_type_0 (+0.3862) | visit_season_0 (-0.1830),Candidate for promotion - higher score
22933,0.73619243,1,added_to_cart (+3.3972) | user_type_0 (+0.3862) | device_type_2 (-0.2368),Candidate for promotion - higher score
6362,0.75824231,1,added_to_cart (+3.3972) | user_type_0 (+0.3862) | device_type_0 (-0.1811),Candidate for promotion - higher score
14036,0.00042713,0,added_to_cart (-4.8886) | user_type_0 (-0.3160) | visit_season_0 (-0.1830),Retention/engagement nudge
5850,0.64485054,1,added_to_cart (+3.3972) | user_type_0 (+0.3862) | visit_season_0 (-0.1830),Candidate for promotion - threshold-qualified
2849,0.70706460,1,added_to_cart (+3.3972) | user_type_0 (+0.3862) | device_type_1 (-0.1768),Candidate for promotion - higher score
12434,0.00049322,0,added_to_cart (-4.8886) | user_type_0 (+0.3862) | device_type_1 (-0.1768),Retention/engagement nudge
13615,0.00061673,0,added_to_cart (-4.8886) | user_type_0 (+0.3862) | visit_season_1 (-0.1783),Retention/engagement nudge
2246,0.00061542,0,added_to_cart (-4.8886) | user_type_0 (+0.3862) | device_type_0 (-0.1811),Retention/engagement nudge
12954,0.00067486,0,added_to_cart (-4.8886) | user_type_0 (+0.3862) | device_type_1 (-0.1768),Retention/engagement nudge
18013,0.69551658,1,added_to_cart (+3.3972) | user_type_0 (+0.3862) | visit_season_1 (-0.1783),Candidate for promotion - higher score
24493,0.00048311,0,added_to_cart (-4.8886) | user_type_0 (+0.3862) | device_type_1 (-0.1768),Retention/engagement nudge
24992,0.00064895,0,added_to_cart (-4.8886) | user_type_0 (+0.3862) | visit_season_0 (-0.1830),Retention/engagement nudge
10799,0.00051900,0,added_to_cart (-4.8886) | user_type_0 (+0.3862) | device_type_1 (-0.1768),Retention/engagement nudge
7699,0.00053905,0,added_to_cart (-4.8886) | user_type_0 (+0.3862) | device_type_0 (-0.1811),Retention/engagement nudge
13908,0.68331152,1,added_to_cart (+3.3972) | user_type_0 (+0.3862) | device_type_1 (-0.1768),Candidate for promotion - higher score
6213,0.72315843,1,added_to_cart (+3.3972) | user_type_0 (+0.3862) | visit_season_1 (-0.1783),Candidate for promotion - higher score
8211,0.00060258,0,added_to_cart (-4.8886) | user_type_0 (+0.3862) | device_type_1 (-0.1768),Retention/engagement nudge
16156,0.63640810,1,added_to_cart (+3.3972) | user_type_0 (+0.3862) | visit_season_0 (-0.1830),Candidate for promotion - threshold-qualified
18418,0.00069979,0,added_to_cart (-4.8886) | user_type_0 (+0.3862) | device_type_0 (-0.1811),Retention/engagement nudge
4466,0.00051905,0,added_to_cart (-4.8886) | user_type_0 (+0.3862) | visit_season_0 (-0.1830),Retention/engagement nudge
12031,0.66684482,1,added_to_cart (+3.3972) | user_type_0 (+0.3862) | device_type_2 (-0.2368),Candidate for promotion - threshold-qualified
19638,0.00049352,0,added_to_cart (-4.8886) | user_type_0 (+0.3862) | device_type_1 (-0.1768),Retention/engagement nudge
22403,0.50362711,0,added_to_cart (+3.3972) | user_type_0 (-0.3160) | visit_season_1 (-0.1783),Investigate checkout/discount friction
13835,0.71771646,1,added_to_cart (+3.3972) | user_type_0 (+0.3862) | device_type_0 (-0.1811),Candidate for promotion - higher score
15271,0.70943498,1,added_to_cart (+3.3972) | user_type_0 (+0.3862) | time_on_site_sec (-0.1849),Candidate for promotion - higher score
4797,0.65143912,1,added_to_cart (+3.3972) | user_type_0 (-0.3160) | device_type_1 (-0.1768),Candidate for promotion - threshold-qualified
8309,0.00030568,0,added_to_cart (-4.8886) | user_type_0 (-0.3160) | device_type_2 (-0.2368),Retention/engagement nudge
4334,0.67854148,1,added_to_cart (+3.3972) | user_type_0 (+0.3862) | device_type_1 (-0.1768),Candidate for promotion - higher score
16902,0.66787951,1,added_to_cart (+3.3972) | user_type_0 (+0.3862) | device_type_2 (-0.2368),Candidate for promotion - threshold-qualified
23259,0.66014976,1,added_to_cart (+3.3972) | user_type_0 (+0.3862) | visit_season_1 (-0.1783),Candidate for promotion - threshold-qualified
4915,0.68737137,1,added_to_cart (+3.3972) | user_type_0 (+0.3862) | device_type_0 (-0.1811),Candidate for promotion - higher score
2459,0.64424255,1,added_to_cart (+3.3972) | user_type_0 (-0.3160) | visit_season_0 (-0.1830),Candidate for promotion - threshold-qualified
14427,0.65538927,1,added_to_cart (+3.3972) | user_type_0 (+0.3862) | visit_season_1 (-0.1783),Candidate for promotion - threshold-qualified
22253,0.54185024,0,added_to_cart (+3.3972) | user_type_0 (-0.3160) | device_type_1 (-0.1768),Investigate checkout/discount friction
23455,0.56455857,0,added_to_cart (+3.3972) | user_type_0 (-0.3160) | device_type_0 (-0.1811),Investigate checkout/discount friction
13844,0.64499202,1,added_to_cart (+3.3972) | user_type_0 (+0.3862) | device_type_2 (-0.2368),Candidate for promotion - threshold-qualified
14016,0.66686770,1,added_to_cart (+3.3972) | user_type_0 (+0.3862) | visit_season_0 (-0.1830),Candidate for promotion - threshold-qualified
13961,0.71972687,1,added_to_cart (+3.3972) | user_type_0 (+0.3862) | visit_season_0 (-0.1830),Candidate for promotion - higher score
3305,0.70826960,1,added_to_cart (+3.3972) | user_type_0 (+0.3862) | visit_season_0 (-0.1830),Candidate for promotion - higher score
15476,0.63781875,1,added_to_cart (+3.3972) | user_type_0 (-0.3160) | device_type_1 (-0.1768),Candidate for promotion - threshold-qualified
17709,0.00046969,0,added_to_cart (-4.8886) | user_type_0 (+0.3862) | device_type_1 (-0.1768),Retention/engagement nudge
10596,0.71834107,1,added_to_cart (+3.3972) | user_type_0 (+0.3862) | device_type_1 (-0.1768),Candidate for promotion - higher score
19953,0.68660276,1,added_to_cart (+3.3972) | user_type_0 (+0.3862) | device_type_0 (-0.1811),Candidate for promotion - higher score
20037,0.00030630,0,added_to_cart (-4.8886) | user_type_0 (-0.3160) | visit_season_1 (-0.1783),Retention/engagement nudge
19116,0.72031701,1,added_to_cart (+3.3972) | user_type_0 (+0.3862) | visit_season_0 (-0.1830),Candidate for promotion - higher score
17385,0.00069360,0,added_to_cart (-4.8886) | user_type_0 (+0.3862) | device_type_0 (-0.1811),Retention/engagement nudge
20620,0.71429871,1,added_to_cart (+3.3972) | user_type_0 (+0.3862) | visit_season_1 (-0.1783),Candidate for promotion - higher score
11024,0.65613324,1,added_to_cart (+3.3972) | user_type_0 (+0.3862) | time_on_site_sec (-0.2012),Candidate for promotion - threshold-qualified
3335,0.00040364,0,added_to_cart (-4.8886) | user_type_0 (-0.3160) | visit_season_0 (-0.1830),Retention/engagement nudge
10618,0.55945165,0,added_to_cart (+3.3972) | user_type_0 (-0.3160) | visit_season_0 (-0.1830),Investigate checkout/discount friction
22664,0.69718686,1,added_to_cart (+3.3972) | user_type_0 (+0.3862) | device_type_2 (-0.2368),Candidate for promotion - higher score
4678,0.68906418,1,added_to_cart (+3.3972) | user_type_0 (+0.3862) | device_type_1 (-0.1768),Candidate for promotion - higher score
17779,0.00037722,0,added_to_cart (-4.8886) | user_type_0 (-0.3160) | device_type_0 (-0.1811),Retention/engagement nudge
22698,0.68998334,1,added_to_cart (+3.3972) | user_type_0 (+0.3862) | visit_season_0 (-0.1830),Candidate for promotion - higher score
16010,0.72323224,1,added_to_cart (+3.3972) | user_type_0 (+0.3862) | device_type_2 (-0.2368),Candidate for promotion - higher score
10939,0.70991262,1,added_to_cart (+3.3972) | user_type_0 (+0.3862) | device_type_1 (-0.1768),Candidate for promotion - higher score
15492,0.67597943,1,added_to_cart (+3.3972) | user_type_0 (+0.3862) | time_on_site_sec (-0.1959),Candidate for promotion - higher score
7375,0.00052843,0,added_to_cart (-4.8886) | user_type_0 (+0.3862) | visit_season_0 (-0.1830),Retention/engagement nudge
20780,0.73449218,1,added_to_cart (+3.3972) | user_type_0 (+0.3862) | device_type_1 (-0.1768),Candidate for promotion - higher score
22653,0.00034157,0,added_to_cart (-4.8886) | user_type_0 (-0.3160) | device_type_1 (-0.1768),Retention/engagement nudge
11113,0.74558845,1,added_to_cart (+3.3972) | user_type_0 (+0.3862) | device_type_1 (-0.1768),Candidate for promotion - higher score
13397,0.71603901,1,added_to_cart (+3.3972) | user_type_0 (+0.3862) | visit_season_0 (-0.1830),Candidate for promotion - higher score
2134,0.69738640,1,added_to_cart (+3.3972) | user_type_0 (+0.3862) | device_type_1 (-0.1768),Candidate for promotion - higher score
16172,0.57730782,1,added_to_cart (+3.3972) | user_type_0 (-0.3160) | visit_season_1 (-0.1783),Candidate for promotion - threshold-qualified
11677,0.00027317,0,added_to_cart (-4.8886) | user_type_0 (-0.3160) | visit_season_0 (-0.1830),Retention/engagement nudge
6542,0.54100964,0,added_to_cart (+3.3972) | user_type_0 (-0.3160) | device_type_1 (-0.1768),Investigate checkout/discount friction
8629,0.00060956,0,added_to_cart (-4.8886) | user_type_0 (+0.3862) | device_type_0 (-0.1811),Retention/engagement nudge
1998,0.55447070,0,added_to_cart (+3.3972) | user_type_0 (-0.3160) | visit_season_0 (-0.1830),Investigate checkout/discount friction
24539,0.00035752,0,added_to_cart (-4.8886) | user_type_0 (-0.3160) | device_type_0 (-0.1811),Retention/engagement nudge
9900,0.71493206,1,added_to_cart (+3.3972) | user_type_0 (+0.3862) | visit_season_0 (-0.1830),Candidate for promotion - higher score
18692,0.54690484,0,added_to_cart (+3.3972) | user_type_0 (-0.3160) | visit_season_0 (-0.1830),Investigate checkout/discount friction
18762,0.00046725,0,added_to_cart (-4.8886) | user_type_0 (-0.3160) | device_type_2 (-0.2368),Retention/engagement nudge
9141,0.00040164,0,added_to_cart (-4.8886) | user_type_0 (-0.3160) | device_type_0 (-0.1811),Retention/engagement nudge
1924,0.74344454,1,added_to_cart (+3.3972) | user_type_0 (+0.3862) | device_type_0 (-0.1811),Candidate for promotion - higher score
12533,0.57499594,1,added_to_cart (+3.3972) | user_type_0 (-0.3160) | visit_season_1 (-0.1783),Candidate for promotion - threshold-qualified
270,0.53489796,0,added_to_cart (+3.3972) | user_type_0 (-0.3160) | device_type_2 (-0.2368),Investigate checkout/discount friction
2191,0.00051516,0,added_to_cart (-4.8886) | user_type_0 (+0.3862) | time_on_site_sec (-0.2016),Retention/engagement nudge
4240,0.00035635,0,added_to_cart (-4.8886) | user_type_0 (-0.3160) | device_type_0 (-0.1811),Retention/engagement nudge
13940,0.00064008,0,added_to_cart (-4.8886) | user_type_0 (+0.3862) | device_type_2 (-0.2368),Retention/engagement nudge
20028,0.66745597,1,added_to_cart (+3.3972) | user_type_0 (+0.3862) | visit_season_0 (-0.1830),Candidate for promotion - threshold-qualified
17858,0.00032876,0,added_to_cart (-4.8886) | user_type_0 (-0.3160) | visit_season_0 (-0.1830),Retention/engagement nudge
23091,0.72929153,1,added_to_cart (+3.3972) | user_type_0 (+0.3862) | device_type_1 (-0.1768),Candidate for promotion - higher score
22005,0.57059471,0,added_to_cart (+3.3972) | user_type_0 (-0.3160) | device_type_0 (-0.1811),Investigate checkout/discount friction
24951,0.00029840,0,added_to_cart (-4.8886) | user_type_0 (-0.3160) | visit_season_0 (-0.1830),Retention/engagement nudge
1838,0.00036909,0,added_to_cart (-4.8886) | user_type_0 (-0.3160) | device_type_0 (-0.1811),Retention/engagement nudge
8467,0.61043968,1,added_to_cart (+3.3972) | user_type_0 (-0.3160) | device_type_1 (-0.1768),Candidate for promotion - threshold-qualified
4640,0.66239728,1,added_to_cart (+3.3972) | user_type_0 (+0.3862) | visit_season_0 (-0.1830),Candidate for promotion - threshold-qualified
7598,0.00059001,0,added_to_cart (-4.8886) | user_type_0 (+0.3862) | device_type_0 (-0.1811),Retention/engagement nudge
11663,0.00046405,0,added_to_cart (-4.8886) | user_type_0 (+0.3862) | visit_season_0 (-0.1830),Retention/engagement nudge
7064,0.00076510,0,added_to_cart (-4.8886) | user_type_0 (+0.3862) | visit_season_0 (-0.1830),Retention/engagement nudge
6527,0.62815558,1,added_to_cart (+3.3972) | user_type_0 (+0.3862) | device_type_1 (-0.1768),Candidate for promotion - threshold-qualified
688,0.64569299,1,added_to_cart (+3.3972) | user_type_0 (+0.3862) | device_type_1 (-0.1768),Candidate for promotion - threshold-qualified
1853,0.63019365,1,added_to_cart (+3.3972) | user_type_0 (-0.3160) | device_type_2 (-0.2368),Candidate for promotion - threshold-qualified
10652,0.00052417,0,added_to_cart (-4.8886) | user_type_0 (+0.3862) | time_on_site_sec (-0.1847),Retention/engagement nudge
17372,0.59224204,1,added_to_cart (+3.3972) | user_type_0 (-0.3160) | device_type_1 (-0.1768),Candidate for promotion - threshold-qualified
19631,0.68774302,1,added_to_cart (+3.3972) | user_type_0 (+0.3862) | visit_season_1 (-0.1783),Candidate for promotion - higher score
9194,0.70869869,1,added_to_cart (+3.3972) | user_type_0 (+0.3862) | device_type_0 (-0.1811),Candidate for promotion - higher score
17242,0.00057234,0,added_to_cart (-4.8886) | user_type_0 (+0.3862) | visit_season_1 (-0.1783),Retention/engagement nudge
9010,0.56313539,0,added_to_cart (+3.3972) | user_type_0 (-0.3160) | device_type_0 (-0.1811),Investigate checkout/discount friction
863,0.00039975,0,added_to_cart (-4.8886) | user_type_0 (+0.3862) | time_on_site_sec (-0.1969),Retention/engagement nudge
421,0.74113367,1,added_to_cart (+3.3972) | user_type_0 (+0.3862) | device_type_1 (-0.1768),Candidate for promotion - higher score
24790,0.00036706,0,added_to_cart (-4.8886) | user_type_0 (-0.3160) | device_type_0 (-0.1811),Retention/engagement nudge
19764,0.00040191,0,added_to_cart (-4.8886) | user_type_0 (-0.3160) | visit_season_0 (-0.1830),Retention/engagement nudge
15248,0.69478168,1,added_to_cart (+3.3972) | user_type_0 (+0.3862) | visit_season_0 (-0.1830),Candidate for promotion - higher score
23782,0.00040386,0,added_to_cart (-4.8886) | user_type_0 (-0.3160) | device_type_0 (-0.1811),Retention/engagement nudge
2551,0.71835806,1,added_to_cart (+3.3972) | user_type_0 (+0.3862) | device_type_0 (-0.1811),Candidate for promotion - higher score
22927,0.00056166,0,added_to_cart (-4.8886) | user_type_0 (+0.3862) | visit_season_0 (-0.1830),Retention/engagement nudge
1279,0.00058636,0,added_to_cart (-4.8886) | user_type_0 (+0.3862) | visit_season_0 (-0.1830),Retention/engagement nudge
15666,0.68275123,1,added_to_cart (+3.3972) | user_type_0 (+0.3862) | visit_season_1 (-0.1783),Candidate for promotion - higher score
17983,0.60752620,1,added_to_cart (+3.3972) | user_type_0 (-0.3160) | device_type_0 (-0.1811),Candidate for promotion - threshold-qualified
23871,0.75451502,1,added_to_cart (+3.3972) | user_type_0 (+0.3862) | visit_season_0 (-0.1830),Candidate for promotion - higher score
22505,0.60391679,1,added_to_cart (+3.3972) | user_type_0 (-0.3160) | visit_season_0 (-0.1830),Candidate for promotion - threshold-qualified
10363,0.00053338,0,added_to_cart (-4.8886) | user_type_0 (+0.3862) | device_type_1 (-0.1768),Retention/engagement nudge
483,0.00029009,0,added_to_cart (-4.8886) | user_type_0 (-0.3160) | device_type_0 (-0.1811),Retention/engagement nudge
67,0.72406136,1,added_to_cart (+3.3972) | user_type_0 (+0.3862) | device_type_0 (-0.1811),Candidate for promotion - higher score
125,0.67135823,1,added_to_cart (+3.3972) | user_type_0 (+0.3862) | visit_season_0 (-0.1830),Candidate for promotion - threshold-qualified
4676,0.64147250,1,added_to_cart (+3.3972) | user_type_0 (+0.3862) | time_on_site_sec (-0.1849),Candidate for promotion - threshold-qualified
15681,0.00054027,0,added_to_cart (-4.8886) | user_type_0 (+0.3862) | visit_season_1 (-0.1783),Retention/engagement nudge
731,0.00064512,0,added_to_cart (-4.8886) | user_type_0 (+0.3862) | visit_season_0 (-0.1830),Retention/engagement nudge
19262,0.58620241,1,added_to_cart (+3.3972) | user_type_0 (-0.3160) | time_on_site_sec (-0.1946),Candidate for promotion - threshold-qualified
7070,0.73285729,1,added_to_cart (+3.3972) | user_type_0 (+0.3862) | device_type_1 (-0.1768),Candidate for promotion - higher score
21056,0.52628477,0,added_to_cart (+3.3972) | user_type_0 (-0.3160) | time_on_site_sec (-0.2014),Investigate checkout/discount friction
16357,0.62776693,1,added_to_cart (+3.3972) | user_type_0 (-0.3160) | device_type_0 (-0.1811),Candidate for promotion - threshold-qualified
21125,0.00034222,0,added_to_cart (-4.8886) | user_type_0 (-0.3160) | visit_season_0 (-0.1830),Retention/engagement nudge
2332,0.55169330,0,added_to_cart (+3.3972) | user_type_0 (-0.3160) | visit_season_0 (-0.1830),Investigate checkout/discount friction
7880,0.57904679,1,added_to_cart (+3.3972) | user_type_0 (-0.3160) | visit_season_0 (-0.1830),Candidate for promotion - threshold-qualified
3113,0.68377431,1,added_to_cart (+3.3972) | user_type_0 (+0.3862) | device_type_1 (-0.1768),Candidate for promotion - higher score
22630,0.58657266,1,added_to_cart (+3.3972) | user_type_0 (-0.3160) | visit_season_1 (-0.1783),Candidate for promotion - threshold-qualified
24012,0.00054856,0,added_to_cart (-4.8886) | user_type_0 (+0.3862) | device_type_0 (-0.1811),Retention/engagement nudge
21043,0.58024905,1,added_to_cart (+3.3972) | user_type_0 (-0.3160) | device_type_0 (-0.1811),Candidate for promotion - threshold-qualified
15371,0.00056555,0,added_to_cart (-4.8886) | user_type_0 (+0.3862) | visit_season_0 (-0.1830),Retention/engagement nudge
8555,0.74800853,1,added_to_cart (+3.3972) | user_type_0 (+0.3862) | device_type_1 (-0.1768),Candidate for promotion - higher score
5995,0.58330804,1,added_to_cart (+3.3972) | user_type_0 (-0.3160) | visit_season_1 (-0.1783),Candidate for promotion - threshold-qualified
3872,0.66178132,1,added_to_cart (+3.3972) | user_type_0 (+0.3862) | visit_season_0 (-0.1830),Candidate for promotion - threshold-qualified
13514,0.59976403,1,added_to_cart (+3.3972) | user_type_0 (-0.3160) | device_type_1 (-0.1768),Candidate for promotion - threshold-qualified
15339,0.67471105,1,added_to_cart (+3.3972) | user_type_0 (+0.3862) | device_type_0 (-0.1811),Candidate for promotion - higher score
6079,0.71714850,1,added_to_cart (+3.3972) | user_type_0 (+0.3862) | device_type_0 (-0.1811),Candidate for promotion - higher score
15225,0.00030212,0,added_to_cart (-4.8886) | user_type_0 (-0.3160) | device_type_2 (-0.2368),Retention/engagement nudge
2108,0.57216054,0,added_to_cart (+3.3972) | user_type_0 (-0.3160) | visit_season_0 (-0.1830),Investigate checkout/discount friction
24877,0.00042228,0,added_to_cart (-4.8886) | user_type_0 (+0.3862) | visit_season_0 (-0.1830),Retention/engagement nudge
8634,0.77501464,1,added_to_cart (+3.3972) | user_type_0 (+0.3862) | device_type_2 (-0.2368),Candidate for promotion - higher score
1570,0.61174669,1,added_to_cart (+3.3972) | user_type_0 (-0.3160) | device_type_0 (-0.1811),Candidate for promotion - threshold-qualified
22531,0.72756283,1,added_to_cart (+3.3972) | user_type_0 (+0.3862) | visit_season_0 (-0.1830),Candidate for promotion - higher score
8063,0.62289160,1,added_to_cart (+3.3972) | user_type_0 (-0.3160) | device_type_1 (-0.1768),Candidate for promotion - threshold-qualified
22648,0.76268345,1,added_to_cart (+3.3972) | user_type_0 (+0.3862) | device_type_1 (-0.1768),Candidate for promotion - higher score
13331,0.70072631,1,added_to_cart (+3.3972) | user_type_0 (+0.3862) | device_type_1 (-0.1768),Candidate for promotion - higher score
2783,0.68346674,1,added_to_cart (+3.3972) | user_type_0 (+0.3862) | visit_season_0 (-0.1830),Candidate for promotion - higher score
13797,0.00062312,0,added_to_cart (-4.8886) | user_type_0 (+0.3862) | device_type_2 (-0.2368),Retention/engagement nudge
6311,0.69959549,1,added_to_cart (+3.3972) | user_type_0 (+0.3862) | device_type_1 (-0.1768),Candidate for promotion - higher score
5632,0.00062579,0,added_to_cart (-4.8886) | user_type_0 (+0.3862) | device_type_1 (-0.1768),Retention/engagement nudge
325,0.66010480,1,added_to_cart (+3.3972) | user_type_0 (+0.3862) | device_type_1 (-0.1768),Candidate for promotion - threshold-qualified
9252,0.68956491,1,added_to_cart (+3.3972) | user_type_0 (+0.3862) | visit_season_0 (-0.1830),Candidate for promotion - higher score
7119,0.00034278,0,added_to_cart (-4.8886) | user_type_0 (-0.3160) | device_type_1 (-0.1768),Retention/engagement nudge
21980,0.65515110,1,added_to_cart (+3.3972) | user_type_0 (+0.3862) | device_type_2 (-0.2368),Candidate for promotion - threshold-qualified
7610,0.00067789,0,added_to_cart (-4.8886) | user_type_0 (+0.3862) | visit_season_0 (-0.1830),Retention/engagement nudge
24903,0.00061039,0,added_to_cart (-4.8886) | user_type_0 (+0.3862) | visit_season_0 (-0.1830),Retention/engagement nudge
19377,0.59221125,1,added_to_cart (+3.3972) | user_type_0 (-0.3160) | device_type_0 (-0.1811),Candidate for promotion - threshold-qualified
17755,0.00043945,0,added_to_cart (-4.8886) | user_type_0 (+0.3862) | time_on_site_sec (-0.1971),Retention/engagement nudge
13510,0.00065727,0,added_to_cart (-4.8886) | user_type_0 (+0.3862) | device_type_2 (-0.2368),Retention/engagement nudge
14762,0.00034824,0,added_to_cart (-4.8886) | user_type_0 (-0.3160) | visit_season_0 (-0.1830),Retention/engagement nudge
4781,0.00062519,0,added_to_cart (-4.8886) | user_type_0 (+0.3862) | device_type_0 (-0.1811),Retention/engagement nudge
3121,0.68641839,1,added_to_cart (+3.3972) | user_type_0 (+0.3862) | device_type_1 (-0.1768),Candidate for promotion - higher score
18712,0.00066698,0,added_to_cart (-4.8886) | user_type_0 (+0.3862) | visit_season_1 (-0.1783),Retention/engagement nudge
10852,0.00032849,0,added_to_cart (-4.8886) | user_type_0 (-0.3160) | visit_season_1 (-0.1783),Retention/engagement nudge
19082,0.60896490,1,added_to_cart (+3.3972) | user_type_0 (-0.3160) | device_type_0 (-0.1811),Candidate for promotion - threshold-qualified
24906,0.68258087,1,added_to_cart (+3.3972) | user_type_0 (+0.3862) | device_type_2 (-0.2368),Candidate for promotion - higher score
18886,0.68096444,1,added_to_cart (+3.3972) | user_type_0 (+0.3862) | time_on_site_sec (-0.2031),Candidate for promotion - higher score
10773,0.56428613,0,added_to_cart (+3.3972) | user_type_0 (-0.3160) | device_type_2 (-0.2368),Investigate checkout/discount friction
14553,0.61535904,1,added_to_cart (+3.3972) | user_type_0 (-0.3160) | visit_season_1 (-0.1783),Candidate for promotion - threshold-qualified
23215,0.55280986,0,added_to_cart (+3.3972) | user_type_0 (-0.3160) | device_type_0 (-0.1811),Investigate checkout/discount friction
3834,0.69668681,1,added_to_cart (+3.3972) | user_type_0 (+0.3862) | visit_season_1 (-0.1783),Candidate for promotion - higher score
23255,0.74447917,1,added_to_cart (+3.3972) | user_type_0 (+0.3862) | device_type_0 (-0.1811),Candidate for promotion - higher score
2142,0.00033310,0,added_to_cart (-4.8886) | user_type_0 (-0.3160) | device_type_1 (-0.1768),Retention/engagement nudge
18282,0.70673296,1,added_to_cart (+3.3972) | user_type_0 (+0.3862) | device_type_1 (-0.1768),Candidate for promotion - higher score
17856,0.00035585,0,added_to_cart (-4.8886) | user_type_0 (-0.3160) | device_type_0 (-0.1811),Retention/engagement nudge
13838,0.76065377,1,added_to_cart (+3.3972) | user_type_0 (+0.3862) | visit_season_1 (-0.1783),Candidate for promotion - higher score
13017,0.71695679,1,added_to_cart (+3.3972) | user_type_0 (+0.3862) | device_type_1 (-0.1768),Candidate for promotion - higher score
24732,0.71851302,1,added_to_cart (+3.3972) | user_type_0 (+0.3862) | visit_season_0 (-0.1830),Candidate for promotion - higher score
11485,0.69314977,1,added_to_cart (+3.3972) | user_type_0 (+0.3862) | device_type_2 (-0.2368),Candidate for promotion - higher score
7650,0.73719691,1,added_to_cart (+3.3972) | user_type_0 (+0.3862) | device_type_1 (-0.1768),Candidate for promotion - higher score
14910,0.67028250,1,added_to_cart (+3.3972) | user_type_0 (+0.3862) | device_type_0 (-0.1811),Candidate for promotion - threshold-qualified
8674,0.72073763,1,added_to_cart (+3.3972) | user_type_0 (+0.3862) | device_type_0 (-0.1811),Candidate for promotion - higher score
2430,0.00064460,0,added_to_cart (-4.8886) | user_type_0 (+0.3862) | visit_season_1 (-0.1783),Retention/engagement nudge
19593,0.69481237,1,added_to_cart (+3.3972) | user_type_0 (+0.3862) | visit_season_0 (-0.1830),Candidate for promotion - higher score
2470,0.72062789,1,added_to_cart (+3.3972) | user_type_0 (+0.3862) | device_type_0 (-0.1811),Candidate for promotion - higher score
198,0.67636486,1,added_to_cart (+3.3972) | user_type_0 (+0.3862) | visit_season_0 (-0.1830),Candidate for promotion - higher score
17259,0.68257662,1,added_to_cart (+3.3972) | user_type_0 (+0.3862) | device_type_2 (-0.2368),Candidate for promotion - higher score
9572,0.70301698,1,added_to_cart (+3.3972) | user_type_0 (+0.3862) | device_type_0 (-0.1811),Candidate for promotion - higher score
19549,0.00054542,0,added_to_cart (-4.8886) | user_type_0 (+0.3862) | visit_season_1 (-0.1783),Retention/engagement nudge
3350,0.00029046,0,added_to_cart (-4.8886) | user_type_0 (-0.3160) | time_on_site_sec (-0.1786),Retention/engagement nudge
231,0.00040208,0,added_to_cart (-4.8886) | user_type_0 (-0.3160) | visit_season_0 (-0.1830),Retention/engagement nudge
13035,0.65877073,1,added_to_cart (+3.3972) | user_type_0 (+0.3862) | visit_season_1 (-0.1783),Candidate for promotion - threshold-qualified
14161,0.75704119,1,added_to_cart (+3.3972) | user_type_0 (+0.3862) | visit_season_1 (-0.1783),Candidate for promotion - higher score
20180,0.00037926,0,added_to_cart (-4.8886) | user_type_0 (-0.3160) | visit_season_1 (-0.1783),Retention/engagement nudge
12704,0.00061077,0,added_to_cart (-4.8886) | user_type_0 (+0.3862) | device_type_2 (-0.2368),Retention/engagement nudge
857,0.00069239,0,added_to_cart (-4.8886) | user_type_0 (+0.3862) | device_type_0 (-0.1811),Retention/engagement nudge
7658,0.00038505,0,added_to_cart (-4.8886) | user_type_0 (-0.3160) | device_type_1 (-0.1768),Retention/engagement nudge
5422,0.55985234,0,added_to_cart (+3.3972) | user_type_0 (-0.3160) | visit_season_1 (-0.1783),Investigate checkout/discount friction
9323,0.00041933,0,added_to_cart (-4.8886) | user_type_0 (-0.3160) | device_type_1 (-0.1768),Retention/engagement nudge
20016,0.00048629,0,added_to_cart (-4.8886) | user_type_0 (+0.3862) | visit_season_0 (-0.1830),Retention/engagement nudge
20480,0.00035467,0,added_to_cart (-4.8886) | user_type_0 (-0.3160) | visit_season_0 (-0.1830),Retention/engagement nudge
11714,0.00031841,0,added_to_cart (-4.8886) | user_type_0 (-0.3160) | device_type_1 (-0.1768),Retention/engagement nudge
19567,0.00071057,0,added_to_cart (-4.8886) | user_type_0 (+0.3862) | device_type_2 (-0.2368),Retention/engagement nudge
15254,0.00061893,0,added_to_cart (-4.8886) | user_type_0 (+0.3862) | device_type_0 (-0.1811),Retention/engagement nudge
17572,0.57357966,1,added_to_cart (+3.3972) | user_type_0 (-0.3160) | device_type_2 (-0.2368),Candidate for promotion - threshold-qualified
2010,0.00056715,0,added_to_cart (-4.8886) | user_type_0 (+0.3862) | visit_season_1 (-0.1783),Retention/engagement nudge
7196,0.61110695,1,added_to_cart (+3.3972) | user_type_0 (+0.3862) | time_on_site_sec (-0.1855),Candidate for promotion - threshold-qualified
10060,0.75507126,1,added_to_cart (+3.3972) | user_type_0 (+0.3862) | visit_season_0 (-0.1830),Candidate for promotion - higher score
12521,0.52872944,0,added_to_cart (+3.3972) | user_type_0 (-0.3160) | device_type_1 (-0.1768),Investigate checkout/discount friction
11385,0.00059509,0,added_to_cart (-4.8886) | user_type_0 (+0.3862) | visit_season_1 (-0.1783),Retention/engagement nudge
770,0.00039927,0,added_to_cart (-4.8886) | user_type_0 (-0.3160) | device_type_1 (-0.1768),Retention/engagement nudge
12273,0.68511645,1,added_to_cart (+3.3972) | user_type_0 (+0.3862) | visit_season_0 (-0.1830),Candidate for promotion - higher score
16851,0.00061379,0,added_to_cart (-4.8886) | user_type_0 (+0.3862) | visit_season_0 (-0.1830),Retention/engagement nudge
22659,0.00038894,0,added_to_cart (-4.8886) | user_type_0 (-0.3160) | device_type_1 (-0.1768),Retention/engagement nudge
11120,0.00036378,0,added_to_cart (-4.8886) | user_type_0 (-0.3160) | visit_season_1 (-0.1783),Retention/engagement nudge
11587,0.00028099,0,added_to_cart (-4.8886) | user_type_0 (-0.3160) | device_type_0 (-0.1811),Retention/engagement nudge
4105,0.53641547,0,added_to_cart (+3.3972) | user_type_0 (-0.3160) | time_on_site_sec (-0.1798),Investigate checkout/discount friction
17937,0.69604374,1,added_to_cart (+3.3972) | user_type_0 (+0.3862) | visit_season_0 (-0.1830),Candidate for promotion - higher score
872,0.66806019,1,added_to_cart (+3.3972) | user_type_0 (+0.3862) | device_type_0 (-0.1811),Candidate for promotion - threshold-qualified
24573,0.62618077,1,added_to_cart (+3.3972) | user_type_0 (-0.3160) | visit_season_1 (-0.1783),Candidate for promotion - threshold-qualified
23798,0.66178112,1,added_to_cart (+3.3972) | user_type_0 (+0.3862) | device_type_1 (-0.1768),Candidate for promotion - threshold-qualified
870,0.66544297,1,added_to_cart (+3.3972) | user_type_0 (+0.3862) | device_type_2 (-0.2368),Candidate for promotion - threshold-qualified
17350,0.00054067,0,added_to_cart (-4.8886) | user_type_0 (+0.3862) | visit_season_0 (-0.1830),Retention/engagement nudge
9824,0.58637428,1,added_to_cart (+3.3972) | user_type_0 (-0.3160) | device_type_0 (-0.1811),Candidate for promotion - threshold-qualified
21428,0.00053787,0,added_to_cart (-4.8886) | user_type_0 (+0.3862) | visit_season_1 (-0.1783),Retention/engagement nudge
6885,0.70862960,1,added_to_cart (+3.3972) | user_type_0 (+0.3862) | visit_season_1 (-0.1783),Candidate for promotion - higher score
300,0.62566494,1,added_to_cart (+3.3972) | user_type_0 (-0.3160) | visit_season_1 (-0.1783),Candidate for promotion - threshold-qualified
2183,0.74843773,1,added_to_cart (+3.3972) | user_type_0 (+0.3862) | device_type_2 (-0.2368),Candidate for promotion - higher score
24099,0.00033492,0,added_to_cart (-4.8886) | user_type_0 (-0.3160) | visit_season_0 (-0.1830),Retention/engagement nudge
22318,0.54579623,0,added_to_cart (+3.3972) | user_type_0 (-0.3160) | visit_season_1 (-0.1783),Investigate checkout/discount friction
15392,0.00031614,0,added_to_cart (-4.8886) | user_type_0 (-0.3160) | device_type_0 (-0.1811),Retention/engagement nudge
15275,0.00058760,0,added_to_cart (-4.8886) | user_type_0 (+0.3862) | device_type_2 (-0.2368),Retention/engagement nudge
21300,0.00045710,0,added_to_cart (-4.8886) | user_type_0 (+0.3862) | device_type_0 (-0.1811),Retention/engagement nudge
19203,0.00062271,0,added_to_cart (-4.8886) | user_type_0 (+0.3862) | time_on_site_sec (-0.1824),Retention/engagement nudge
20628,0.00054905,0,added_to_cart (-4.8886) | user_type_0 (+0.3862) | visit_season_0 (-0.1830),Retention/engagement nudge
13136,0.00038352,0,added_to_cart (-4.8886) | user_type_0 (-0.3160) | visit_season_0 (-0.1830),Retention/engagement nudge
18965,0.74942268,1,added_to_cart (+3.3972) | user_type_0 (+0.3862) | device_type_1 (-0.1768),Candidate for promotion - higher score
7539,0.00041266,0,added_to_cart (-4.8886) | user_type_0 (-0.3160) | device_type_2 (-0.2368),Retention/engagement nudge
21110,0.67247860,1,added_to_cart (+3.3972) | user_type_0 (+0.3862) | visit_season_1 (-0.1783),Candidate for promotion - threshold-qualified
19221,0.73822520,1,added_to_cart (+3.3972) | user_type_0 (+0.3862) | device_type_1 (-0.1768),Candidate for promotion - higher score
22958,0.00032330,0,added_to_cart (-4.8886) | user_type_0 (-0.3160) | visit_season_1 (-0.1783),Retention/engagement nudge
7892,0.00051141,0,added_to_cart (-4.8886) | user_type_0 (-0.3160) | device_type_0 (-0.1811),Retention/engagement nudge
17131,0.00060372,0,added_to_cart (-4.8886) | user_type_0 (+0.3862) | device_type_2 (-0.2368),Retention/engagement nudge
20061,0.58578648,1,added_to_cart (+3.3972) | user_type_0 (-0.3160) | visit_season_0 (-0.1830),Candidate for promotion - threshold-qualified
2079,0.00039940,0,added_to_cart (-4.8886) | user_type_0 (-0.3160) | visit_season_0 (-0.1830),Retention/engagement nudge
7977,0.56114096,0,added_to_cart (+3.3972) | user_type_0 (-0.3160) | device_type_0 (-0.1811),Investigate checkout/discount friction
9092,0.00048254,0,added_to_cart (-4.8886) | user_type_0 (+0.3862) | device_type_1 (-0.1768),Retention/engagement nudge
1048,0.55520077,0,added_to_cart (+3.3972) | user_type_0 (-0.3160) | device_type_1 (-0.1768),Investigate checkout/discount friction
15405,0.00034395,0,added_to_cart (-4.8886) | user_type_0 (-0.3160) | device_type_2 (-0.2368),Retention/engagement nudge
7370,0.00055958,0,added_to_cart (-4.8886) | user_type_0 (+0.3862) | device_type_0 (-0.1811),Retention/engagement nudge
9445,0.00060452,0,added_to_cart (-4.8886) | user_type_0 (+0.3862) | visit_season_1 (-0.1783),Retention/engagement nudge
22388,0.70473891,1,added_to_cart (+3.3972) | user_type_0 (+0.3862) | device_type_1 (-0.1768),Candidate for promotion - higher score
11139,0.68225967,1,added_to_cart (+3.3972) | user_type_0 (+0.3862) | device_type_0 (-0.1811),Candidate for promotion - higher score
5853,0.52596844,0,added_to_cart (+3.3972) | user_type_0 (-0.3160) | visit_season_0 (-0.1830),Investigate checkout/discount friction
23992,0.54500180,0,added_to_cart (+3.3972) | user_type_0 (-0.3160) | device_type_0 (-0.1811),Investigate checkout/discount friction
7835,0.62207135,1,added_to_cart (+3.3972) | user_type_0 (+0.3862) | device_type_2 (-0.2368),Candidate for promotion - threshold-qualified
4737,0.00032221,0,added_to_cart (-4.8886) | user_type_0 (-0.3160) | device_type_0 (-0.1811),Retention/engagement nudge
12986,0.70284379,1,added_to_cart (+3.3972) | user_type_0 (+0.3862) | visit_season_0 (-0.1830),Candidate for promotion - higher score
14987,0.70554919,1,added_to_cart (+3.3972) | user_type_0 (+0.3862) | device_type_0 (-0.1811),Candidate for promotion - higher score
3818,0.57234172,0,added_to_cart (+3.3972) | user_type_0 (-0.3160) | time_on_site_sec (-0.1838),Investigate checkout/discount friction
9685,0.58582716,1,added_to_cart (+3.3972) | user_type_0 (-0.3160) | device_type_0 (-0.1811),Candidate for promotion - threshold-qualified
9494,0.00027853,0,added_to_cart (-4.8886) | user_type_0 (-0.3160) | visit_season_1 (-0.1783),Retention/engagement nudge
20119,0.71722557,1,added_to_cart (+3.3972) | user_type_0 (+0.3862) | device_type_1 (-0.1768),Candidate for promotion - higher score
18313,0.71985751,1,added_to_cart (+3.3972) | user_type_0 (+0.3862) | device_type_1 (-0.1768),Candidate for promotion - higher score
261,0.00047331,0,added_to_cart (-4.8886) | user_type_0 (+0.3862) | device_type_0 (-0.1811),Retention/engagement nudge
7769,0.00049700,0,added_to_cart (-4.8886) | user_type_0 (-0.3160) | device_type_0 (-0.1811),Retention/engagement nudge
6582,0.57358416,1,added_to_cart (+3.3972) | user_type_0 (-0.3160) | device_type_0 (-0.1811),Candidate for promotion - threshold-qualified
3974,0.00061359,0,added_to_cart (-4.8886) | user_type_0 (+0.3862) | device_type_0 (-0.1811),Retention/engagement nudge
16757,0.70109460,1,added_to_cart (+3.3972) | user_type_0 (+0.3862) | visit_season_0 (-0.1830),Candidate for promotion - higher score
12255,0.62216238,1,added_to_cart (+3.3972) | user_type_0 (-0.3160) | device_type_0 (-0.1811),Candidate for promotion - threshold-qualified
894,0.72847782,1,added_to_cart (+3.3972) | user_type_0 (+0.3862) | visit_season_0 (-0.1830),Candidate for promotion - higher score
20511,0.00050322,0,added_to_cart (-4.8886) | user_type_0 (+0.3862) | device_type_0 (-0.1811),Retention/engagement nudge
22707,0.00047102,0,added_to_cart (-4.8886) | user_type_0 (-0.3160) | device_type_0 (-0.1811),Retention/engagement nudge
22830,0.64833988,1,added_to_cart (+3.3972) | user_type_0 (+0.3862) | device_type_2 (-0.2368),Candidate for promotion - threshold-qualified
2213,0.75647814,1,added_to_cart (+3.3972) | user_type_0 (+0.3862) | device_type_1 (-0.1768),Candidate for promotion - higher score
16403,0.65229208,1,added_to_cart (+3.3972) | user_type_0 (+0.3862) | time_on_site_sec (-0.1885),Candidate for promotion - threshold-qualified
15788,0.67720485,1,added_to_cart (+3.3972) | user_type_0 (+0.3862) | device_type_0 (-0.1811),Candidate for promotion - higher score
10063,0.00063719,0,added_to_cart (-4.8886) | user_type_0 (+0.3862) | device_type_2 (-0.2368),Retention/engagement nudge
21135,0.00031227,0,added_to_cart (-4.8886) | user_type_0 (-0.3160) | visit_season_1 (-0.1783),Retention/engagement nudge
12414,0.57955919,1,added_to_cart (+3.3972) | user_type_0 (-0.3160) | device_type_2 (-0.2368),Candidate for promotion - threshold-qualified
7446,0.61364548,1,added_to_cart (+3.3972) | user_type_0 (-0.3160) | device_type_0 (-0.1811),Candidate for promotion - threshold-qualified
20405,0.00026580,0,added_to_cart (-4.8886) | user_type_0 (-0.3160) | time_on_site_sec (-0.1830),Retention/engagement nudge
24445,0.00060269,0,added_to_cart (-4.8886) | user_type_0 (+0.3862) | visit_season_1 (-0.1783),Retention/engagement nudge
19600,0.69289000,1,added_to_cart (+3.3972) | user_type_0 (+0.3862) | visit_season_0 (-0.1830),Candidate for promotion - higher score
7498,0.61365791,1,added_to_cart (+3.3972) | user_type_0 (-0.3160) | device_type_1 (-0.1768),Candidate for promotion - threshold-qualified
6404,0.65046591,1,added_to_cart (+3.3972) | user_type_0 (+0.3862) | visit_season_0 (-0.1830),Candidate for promotion - threshold-qualified
18003,0.63265547,1,added_to_cart (+3.3972) | user_type_0 (+0.3862) | time_on_site_sec (-0.1910),Candidate for promotion - threshold-qualified
8066,0.59926181,1,added_to_cart (+3.3972) | user_type_0 (-0.3160) | device_type_1 (-0.1768),Candidate for promotion - threshold-qualified
19738,0.00036192,0,added_to_cart (-4.8886) | user_type_0 (-0.3160) | visit_season_1 (-0.1783),Retention/engagement nudge
18224,0.72831393,1,added_to_cart (+3.3972) | user_type_0 (+0.3862) | device_type_0 (-0.1811),Candidate for promotion - higher score
24930,0.00039931,0,added_to_cart (-4.8886) | user_type_0 (+0.3862) | device_type_1 (-0.1768),Retention/engagement nudge
16573,0.64152982,1,added_to_cart (+3.3972) | user_type_0 (+0.3862) | time_on_site_sec (-0.2016),Candidate for promotion - threshold-qualified
19833,0.00043159,0,added_to_cart (-4.8886) | user_type_0 (+0.3862) | visit_season_0 (-0.1830),Retention/engagement nudge
1044,0.66723186,1,added_to_cart (+3.3972) | user_type_0 (+0.3862) | visit_season_0 (-0.1830),Candidate for promotion - threshold-qualified
11881,0.75337692,1,added_to_cart (+3.3972) | user_type_0 (+0.3862) | device_type_2 (-0.2368),Candidate for promotion - higher score
6873,0.72194617,1,added_to_cart (+3.3972) | user_type_0 (+0.3862) | visit_season_0 (-0.1830),Candidate for promotion - higher score
20642,0.00031492,0,added_to_cart (-4.8886) | user_type_0 (-0.3160) | visit_season_1 (-0.1783),Retention/engagement nudge
17122,0.70608088,1,added_to_cart (+3.3972) | user_type_0 (+0.3862) | device_type_2 (-0.2368),Candidate for promotion - higher score
23766,0.00031862,0,added_to_cart (-4.8886) | user_type_0 (-0.3160) | visit_season_0 (-0.1830),Retention/engagement nudge
10305,0.00028651,0,added_to_cart (-4.8886) | user_type_0 (-0.3160) | device_type_1 (-0.1768),Retention/engagement nudge
23522,0.61151363,1,added_to_cart (+3.3972) | user_type_0 (-0.3160) | device_type_0 (-0.1811),Candidate for promotion - threshold-qualified
19454,0.74789282,1,added_to_cart (+3.3972) | user_type_0 (+0.3862) | visit_season_0 (-0.1830),Candidate for promotion - higher score
10693,0.71301585,1,added_to_cart (+3.3972) | user_type_0 (+0.3862) | device_type_1 (-0.1768),Candidate for promotion - higher score
14877,0.67251924,1,added_to_cart (+3.3972) | user_type_0 (+0.3862) | device_type_0 (-0.1811),Candidate for promotion - threshold-qualified
6452,0.55797511,0,added_to_cart (+3.3972) | user_type_0 (-0.3160) | visit_season_0 (-0.1830),Investigate checkout/discount friction
15668,0.67334245,1,added_to_cart (+3.3972) | user_type_0 (+0.3862) | device_type_0 (-0.1811),Candidate for promotion - higher score
8322,0.69162744,1,added_to_cart (+3.3972) | user_type_0 (+0.3862) | visit_season_0 (-0.1830),Candidate for promotion - higher score
4359,0.58229387,1,added_to_cart (+3.3972) | user_type_0 (-0.3160) | device_type_1 (-0.1768),Candidate for promotion - threshold-qualified
20934,0.57153508,0,added_to_cart (+3.3972) | user_type_0 (-0.3160) | visit_season_1 (-0.1783),Investigate checkout/discount friction
9690,0.00061673,0,added_to_cart (-4.8886) | user_type_0 (+0.3862) | visit_season_0 (-0.1830),Retention/engagement nudge
1585,0.00030203,0,added_to_cart (-4.8886) | user_type_0 (-0.3160) | device_type_1 (-0.1768),Retention/engagement nudge
16207,0.68980568,1,added_to_cart (+3.3972) | user_type_0 (+0.3862) | visit_season_0 (-0.1830),Candidate for promotion - higher score
7809,0.00034643,0,added_to_cart (-4.8886) | user_type_0 (-0.3160) | device_type_1 (-0.1768),Retention/engagement nudge
4415,0.65989088,1,added_to_cart (+3.3972) | user_type_0 (+0.3862) | visit_season_1 (-0.1783),Candidate for promotion - threshold-qualified
18219,0.73373943,1,added_to_cart (+3.3972) | user_type_0 (+0.3862) | device_type_1 (-0.1768),Candidate for promotion - higher score
6015,0.67748284,1,added_to_cart (+3.3972) | user_type_0 (+0.3862) | visit_season_0 (-0.1830),Candidate for promotion - higher score
17238,0.62662898,1,added_to_cart (+3.3972) | user_type_0 (+0.3862) | visit_season_0 (-0.1830),Candidate for promotion - threshold-qualified
9258,0.63470129,1,added_to_cart (+3.3972) | user_type_0 (+0.3862) | time_on_site_sec (-0.1826),Candidate for promotion - threshold-qualified
15468,0.66940933,1,added_to_cart (+3.3972) | user_type_0 (+0.3862) | time_on_site_sec (-0.1986),Candidate for promotion - threshold-qualified
15853,0.63210775,1,added_to_cart (+3.3972) | user_type_0 (+0.3862) | time_on_site_sec (-0.1933),Candidate for promotion - threshold-qualified
2773,0.70473723,1,added_to_cart (+3.3972) | user_type_0 (+0.3862) | device_type_0 (-0.1811),Candidate for promotion - higher score
15130,0.58721677,1,added_to_cart (+3.3972) | user_type_0 (-0.3160) | device_type_0 (-0.1811),Candidate for promotion - threshold-qualified
8955,0.60957703,1,added_to_cart (+3.3972) | user_type_0 (-0.3160) | visit_season_0 (-0.1830),Candidate for promotion - threshold-qualified
9303,0.62284368,1,added_to_cart (+3.3972) | user_type_0 (-0.3160) | device_type_0 (-0.1811),Candidate for promotion - threshold-qualified
24588,0.00067658,0,added_to_cart (-4.8886) | user_type_0 (+0.3862) | device_type_0 (-0.1811),Retention/engagement nudge
20534,0.00029004,0,added_to_cart (-4.8886) | user_type_0 (-0.3160) | visit_season_1 (-0.1783),Retention/engagement nudge
11844,0.00040741,0,added_to_cart (-4.8886) | user_type_0 (-0.3160) | visit_season_1 (-0.1783),Retention/engagement nudge
3375,0.56504292,0,added_to_cart (+3.3972) | user_type_0 (-0.3160) | device_type_0 (-0.1811),Investigate checkout/discount friction
416,0.69033302,1,added_to_cart (+3.3972) | user_type_0 (+0.3862) | visit_season_0 (-0.1830),Candidate for promotion - higher score
9802,0.00039289,0,added_to_cart (-4.8886) | user_type_0 (+0.3862) | visit_season_1 (-0.1783),Retention/engagement nudge
6886,0.55423044,0,added_to_cart (+3.3972) | user_type_0 (-0.3160) | time_on_site_sec (-0.1986),Investigate checkout/discount friction
18985,0.00067845,0,added_to_cart (-4.8886) | user_type_0 (+0.3862) | visit_season_0 (-0.1830),Retention/engagement nudge
24017,0.55229333,0,added_to_cart (+3.3972) | user_type_0 (-0.3160) | visit_season_0 (-0.1830),Investigate checkout/discount friction
20666,0.59917467,1,added_to_cart (+3.3972) | user_type_0 (-0.3160) | visit_season_0 (-0.1830),Candidate for promotion - threshold-qualified
15676,0.72843703,1,added_to_cart (+3.3972) | user_type_0 (+0.3862) | device_type_0 (-0.1811),Candidate for promotion - higher score
21134,0.67411650,1,added_to_cart (+3.3972) | user_type_0 (+0.3862) | device_type_2 (-0.2368),Candidate for promotion - higher score
16308,0.56101289,0,added_to_cart (+3.3972) | user_type_0 (-0.3160) | visit_season_0 (-0.1830),Investigate checkout/discount friction
16352,0.00072528,0,added_to_cart (-4.8886) | user_type_0 (+0.3862) | device_type_2 (-0.2368),Retention/engagement nudge
23748,0.70794914,1,added_to_cart (+3.3972) | user_type_0 (+0.3862) | visit_season_0 (-0.1830),Candidate for promotion - higher score
14558,0.00063962,0,added_to_cart (-4.8886) | user_type_0 (+0.3862) | device_type_1 (-0.1768),Retention/engagement nudge
18794,0.71065933,1,added_to_cart (+3.3972) | user_type_0 (+0.3862) | device_type_1 (-0.1768),Candidate for promotion - higher score
10316,0.64136758,1,added_to_cart (+3.3972) | user_type_0 (-0.3160) | device_type_1 (-0.1768),Candidate for promotion - threshold-qualified
24800,0.00026167,0,added_to_cart (-4.8886) | user_type_0 (-0.3160) | device_type_1 (-0.1768),Retention/engagement nudge
24718,0.00052393,0,added_to_cart (-4.8886) | user_type_0 (+0.3862) | visit_season_0 (-0.1830),Retention/engagement nudge
19561,0.64961829,1,added_to_cart (+3.3972) | user_type_0 (+0.3862) | visit_season_0 (-0.1830),Candidate for promotion - threshold-qualified
14114,0.72675208,1,added_to_cart (+3.3972) | user_type_0 (+0.3862) | device_type_1 (-0.1768),Candidate for promotion - higher score
21474,0.00030588,0,added_to_cart (-4.8886) | user_type_0 (-0.3160) | visit_season_1 (-0.1783),Retention/engagement nudge
13196,0.71449113,1,added_to_cart (+3.3972) | user_type_0 (+0.3862) | visit_season_0 (-0.1830),Candidate for promotion - higher score
10289,0.00034932,0,added_to_cart (-4.8886) | user_type_0 (-0.3160) | device_type_0 (-0.1811),Retention/engagement nudge
9799,0.60369762,1,added_to_cart (+3.3972) | user_type_0 (-0.3160) | device_type_1 (-0.1768),Candidate for promotion - threshold-qualified
12125,0.00052129,0,added_to_cart (-4.8886) | user_type_0 (+0.3862) | device_type_2 (-0.2368),Retention/engagement nudge
15105,0.00030065,0,added_to_cart (-4.8886) | user_type_0 (-0.3160) | visit_season_0 (-0.1830),Retention/engagement nudge
8547,0.00043967,0,added_to_cart (-4.8886) | user_type_0 (-0.3160) | device_type_1 (-0.1768),Retention/engagement nudge
7950,0.00054175,0,added_to_cart (-4.8886) | user_type_0 (+0.3862) | visit_season_0 (-0.1830),Retention/engagement nudge
342,0.60361183,1,added_to_cart (+3.3972) | user_type_0 (+0.3862) | device_type_0 (-0.1811),Candidate for promotion - threshold-qualified
10214,0.00027568,0,added_to_cart (-4.8886) | user_type_0 (-0.3160) | device_type_0 (-0.1811),Retention/engagement nudge
11367,0.00038376,0,added_to_cart (-4.8886) | user_type_0 (-0.3160) | visit_season_0 (-0.1830),Retention/engagement nudge
17219,0.74061706,1,added_to_cart (+3.3972) | user_type_0 (+0.3862) | device_type_2 (-0.2368),Candidate for promotion - higher score
7451,0.60358924,1,added_to_cart (+3.3972) | user_type_0 (-0.3160) | device_type_1 (-0.1768),Candidate for promotion - threshold-qualified
21831,0.66764984,1,added_to_cart (+3.3972) | user_type_0 (+0.3862) | visit_season_1 (-0.1783),Candidate for promotion - threshold-qualified
9535,0.58168858,1,added_to_cart (+3.3972) | user_type_0 (-0.3160) | device_type_0 (-0.1811),Candidate for promotion - threshold-qualified
10858,0.51069322,0,added_to_cart (+3.3972) | user_type_0 (-0.3160) | time_on_site_sec (-0.1843),Investigate checkout/discount friction
7420,0.58846490,1,added_to_cart (+3.3972) | user_type_0 (-0.3160) | visit_season_0 (-0.1830),Candidate for promotion - threshold-qualified
17506,0.53535427,0,added_to_cart (+3.3972) | user_type_0 (-0.3160) | time_on_site_sec (-0.1853),Investigate checkout/discount friction
4197,0.00035039,0,added_to_cart (-4.8886) | user_type_0 (-0.3160) | device_type_1 (-0.1768),Retention/engagement nudge
2988,0.00055058,0,added_to_cart (-4.8886) | user_type_0 (+0.3862) | device_type_1 (-0.1768),Retention/engagement nudge
19043,0.72023687,1,added_to_cart (+3.3972) | user_type_0 (+0.3862) | device_type_0 (-0.1811),Candidate for promotion - higher score
11247,0.66601184,1,added_to_cart (+3.3972) | user_type_0 (+0.3862) | device_type_0 (-0.1811),Candidate for promotion - threshold-qualified
20589,0.57035682,0,added_to_cart (+3.3972) | user_type_0 (-0.3160) | visit_season_1 (-0.1783),Investigate checkout/discount friction
22344,0.66581676,1,added_to_cart (+3.3972) | user_type_0 (+0.3862) | device_type_1 (-0.1768),Candidate for promotion - threshold-qualified
23655,0.00029795,0,added_to_cart (-4.8886) | user_type_0 (-0.3160) | visit_season_0 (-0.1830),Retention/engagement nudge
13658,0.76059870,1,added_to_cart (+3.3972) | user_type_0 (+0.3862) | device_type_1 (-0.1768),Candidate for promotion - higher score
14029,0.00033723,0,added_to_cart (-4.8886) | user_type_0 (-0.3160) | device_type_2 (-0.2368),Retention/engagement nudge
16546,0.52240912,0,added_to_cart (+3.3972) | user_type_0 (-0.3160) | device_type_1 (-0.1768),Investigate checkout/discount friction
24983,0.00041097,0,added_to_cart (-4.8886) | user_type_0 (-0.3160) | visit_season_0 (-0.1830),Retention/engagement nudge
14730,0.71759578,1,added_to_cart (+3.3972) | user_type_0 (+0.3862) | visit_season_0 (-0.1830),Candidate for promotion - higher score
12822,0.70659962,1,added_to_cart (+3.3972) | user_type_0 (+0.3862) | visit_season_0 (-0.1830),Candidate for promotion - higher score
23854,0.00045689,0,added_to_cart (-4.8886) | user_type_0 (+0.3862) | device_type_1 (-0.1768),Retention/engagement nudge
2708,0.00031043,0,added_to_cart (-4.8886) | user_type_0 (-0.3160) | device_type_0 (-0.1811),Retention/engagement nudge
3186,0.00063864,0,added_to_cart (-4.8886) | user_type_0 (+0.3862) | device_type_1 (-0.1768),Retention/engagement nudge
840,0.66461176,1,added_to_cart (+3.3972) | user_type_0 (+0.3862) | time_on_site_sec (-0.2003),Candidate for promotion - threshold-qualified
10516,0.69282969,1,added_to_cart (+3.3972) | user_type_0 (+0.3862) | device_type_0 (-0.1811),Candidate for promotion - higher score
21275,0.64363447,1,added_to_cart (+3.3972) | user_type_0 (-0.3160) | device_type_1 (-0.1768),Candidate for promotion - threshold-qualified
20115,0.72299191,1,added_to_cart (+3.3972) | user_type_0 (+0.3862) | device_type_1 (-0.1768),Candidate for promotion - higher score
13721,0.71645038,1,added_to_cart (+3.3972) | user_type_0 (+0.3862) | visit_season_0 (-0.1830),Candidate for promotion - higher score
2416,0.68081483,1,added_to_cart (+3.3972) | user_type_0 (+0.3862) | device_type_1 (-0.1768),Candidate for promotion - higher score
1118,0.58598152,1,added_to_cart (+3.3972) | user_type_0 (-0.3160) | device_type_1 (-0.1768),Candidate for promotion - threshold-qualified
6662,0.60206476,1,added_to_cart (+3.3972) | user_type_0 (-0.3160) | device_type_0 (-0.1811),Candidate for promotion - threshold-qualified
468,0.71709994,1,added_to_cart (+3.3972) | user_type_0 (+0.3862) | device_type_0 (-0.1811),Candidate for promotion - higher score
14146,0.00039128,0,added_to_cart (-4.8886) | user_type_0 (-0.3160) | device_type_0 (-0.1811),Retention/engagement nudge
4758,0.68611811,1,added_to_cart (+3.3972) | user_type_0 (+0.3862) | visit_season_0 (-0.1830),Candidate for promotion - higher score
17440,0.61317709,1,added_to_cart (+3.3972) | user_type_0 (-0.3160) | device_type_1 (-0.1768),Candidate for promotion - threshold-qualified
15412,0.63651286,1,added_to_cart (+3.3972) | user_type_0 (-0.3160) | device_type_1 (-0.1768),Candidate for promotion - threshold-qualified
3423,0.70805175,1,added_to_cart (+3.3972) | user_type_0 (+0.3862) | device_type_1 (-0.1768),Candidate for promotion - higher score
12470,0.60084653,1,added_to_cart (+3.3972) | user_type_0 (-0.3160) | device_type_0 (-0.1811),Candidate for promotion - threshold-qualified
14007,0.66162422,1,added_to_cart (+3.3972) | user_type_0 (+0.3862) | time_on_site_sec (-0.1828),Candidate for promotion - threshold-qualified
4169,0.73108759,1,added_to_cart (+3.3972) | user_type_0 (+0.3862) | device_type_2 (-0.2368),Candidate for promotion - higher score
14863,0.59947515,1,added_to_cart (+3.3972) | user_type_0 (-0.3160) | device_type_0 (-0.1811),Candidate for promotion - threshold-qualified
10906,0.68527079,1,added_to_cart (+3.3972) | user_type_0 (+0.3862) | visit_season_1 (-0.1783),Candidate for promotion - higher score
7198,0.69540861,1,added_to_cart (+3.3972) | user_type_0 (+0.3862) | visit_season_1 (-0.1783),Candidate for promotion - higher score
16337,0.00034703,0,added_to_cart (-4.8886) | user_type_0 (-0.3160) | device_type_0 (-0.1811),Retention/engagement nudge
2310,0.57175879,0,added_to_cart (+3.3972) | user_type_0 (-0.3160) | device_type_1 (-0.1768),Investigate checkout/discount friction
14718,0.72644762,1,added_to_cart (+3.3972) | user_type_0 (+0.3862) | visit_season_0 (-0.1830),Candidate for promotion - higher score
3946,0.61501324,1,added_to_cart (+3.3972) | user_type_0 (-0.3160) | device_type_0 (-0.1811),Candidate for promotion - threshold-qualified
1149,0.71024830,1,added_to_cart (+3.3972) | user_type_0 (+0.3862) | device_type_2 (-0.2368),Candidate for promotion - higher score
20786,0.62277636,1,added_to_cart (+3.3972) | user_type_0 (-0.3160) | device_type_0 (-0.1811),Candidate for promotion - threshold-qualified
21068,0.71065226,1,added_to_cart (+3.3972) | user_type_0 (+0.3862) | device_type_0 (-0.1811),Candidate for promotion - higher score
6893,0.00048127,0,added_to_cart (-4.8886) | user_type_0 (+0.3862) | device_type_0 (-0.1811),Retention/engagement nudge
12337,0.00040854,0,added_to_cart (-4.8886) | user_type_0 (-0.3160) | device_type_0 (-0.1811),Retention/engagement nudge
20410,0.61664654,1,added_to_cart (+3.3972) | user_type_0 (-0.3160) | device_type_0 (-0.1811),Candidate for promotion - threshold-qualified
23431,0.61520308,1,added_to_cart (+3.3972) | user_type_0 (-0.3160) | device_type_2 (-0.2368),Candidate for promotion - threshold-qualified
5694,0.57213422,0,added_to_cart (+3.3972) | user_type_0 (-0.3160) | device_type_0 (-0.1811),Investigate checkout/discount friction
5803,0.51775358,0,added_to_cart (+3.3972) | user_type_0 (-0.3160) | visit_season_1 (-0.1783),Investigate checkout/discount friction
15908,0.00038872,0,added_to_cart (-4.8886) | user_type_0 (-0.3160) | visit_season_1 (-0.1783),Retention/engagement nudge
4598,0.58612392,1,added_to_cart (+3.3972) | user_type_0 (-0.3160) | device_type_0 (-0.1811),Candidate for promotion - threshold-qualified
1552,0.67390645,1,added_to_cart (+3.3972) | user_type_0 (+0.3862) | device_type_2 (-0.2368),Candidate for promotion - higher score
16235,0.73049379,1,added_to_cart (+3.3972) | user_type_0 (+0.3862) | device_type_1 (-0.1768),Candidate for promotion - higher score
16981,0.56937779,0,added_to_cart (+3.3972) | user_type_0 (-0.3160) | device_type_2 (-0.2368),Investigate checkout/discount friction
16458,0.74738817,1,added_to_cart (+3.3972) | user_type_0 (+0.3862) | device_type_0 (-0.1811),Candidate for promotion - higher score
21718,0.00040865,0,added_to_cart (-4.8886) | user_type_0 (-0.3160) | device_type_2 (-0.2368),Retention/engagement nudge
13829,0.00060267,0,added_to_cart (-4.8886) | user_type_0 (+0.3862) | visit_season_1 (-0.1783),Retention/engagement nudge
12189,0.75841698,1,added_to_cart (+3.3972) | user_type_0 (+0.3862) | device_type_1 (-0.1768),Candidate for promotion - higher score
12705,0.68659668,1,added_to_cart (+3.3972) | user_type_0 (+0.3862) | device_type_0 (-0.1811),Candidate for promotion - higher score
22770,0.59631820,1,added_to_cart (+3.3972) | user_type_0 (-0.3160) | device_type_1 (-0.1768),Candidate for promotion - threshold-qualified
22956,0.00026746,0,added_to_cart (-4.8886) | user_type_0 (-0.3160) | device_type_0 (-0.1811),Retention/engagement nudge
24489,0.00053094,0,added_to_cart (-4.8886) | user_type_0 (+0.3862) | device_type_0 (-0.1811),Retention/engagement nudge
12578,0.71981439,1,added_to_cart (+3.3972) | user_type_0 (+0.3862) | device_type_1 (-0.1768),Candidate for promotion - higher score
4679,0.00063511,0,added_to_cart (-4.8886) | user_type_0 (+0.3862) | device_type_1 (-0.1768),Retention/engagement nudge
23479,0.68266522,1,added_to_cart (+3.3972) | user_type_0 (+0.3862) | device_type_0 (-0.1811),Candidate for promotion - higher score
22932,0.75032333,1,added_to_cart (+3.3972) | user_type_0 (+0.3862) | device_type_0 (-0.1811),Candidate for promotion - higher score
19647,0.00036267,0,added_to_cart (-4.8886) | user_type_0 (-0.3160) | device_type_1 (-0.1768),Retention/engagement nudge
5261,0.00053312,0,added_to_cart (-4.8886) | user_type_0 (+0.3862) | visit_season_0 (-0.1830),Retention/engagement nudge
22162,0.55709600,0,added_to_cart (+3.3972) | user_type_0 (-0.3160) | device_type_0 (-0.1811),Investigate checkout/discount friction
14647,0.56056798,0,added_to_cart (+3.3972) | user_type_0 (-0.3160) | device_type_2 (-0.2368),Investigate checkout/discount friction
20956,0.59532334,1,added_to_cart (+3.3972) | user_type_0 (-0.3160) | device_type_0 (-0.1811),Candidate for promotion - threshold-qualified
19485,0.00067174,0,added_to_cart (-4.8886) | user_type_0 (+0.3862) | device_type_1 (-0.1768),Retention/engagement nudge
7473,0.60113271,1,added_to_cart (+3.3972) | user_type_0 (-0.3160) | visit_season_0 (-0.1830),Candidate for promotion - threshold-qualified
15276,0.68431040,1,added_to_cart (+3.3972) | user_type_0 (+0.3862) | device_type_2 (-0.2368),Candidate for promotion - higher score
7775,0.00046220,0,added_to_cart (-4.8886) | user_type_0 (+0.3862) | visit_season_1 (-0.1783),Retention/engagement nudge
15504,0.51484188,0,added_to_cart (+3.3972) | user_type_0 (-0.3160) | time_on_site_sec (-0.1914),Investigate checkout/discount friction
8294,0.59473094,1,added_to_cart (+3.3972) | user_type_0 (-0.3160) | device_type_1 (-0.1768),Candidate for promotion - threshold-qualified
19770,0.56991163,0,added_to_cart (+3.3972) | user_type_0 (-0.3160) | visit_season_1 (-0.1783),Investigate checkout/discount friction
7017,0.55969889,0,added_to_cart (+3.3972) | user_type_0 (-0.3160) | device_type_1 (-0.1768),Investigate checkout/discount friction
9625,0.73698668,1,added_to_cart (+3.3972) | user_type_0 (+0.3862) | visit_season_1 (-0.1783),Candidate for promotion - higher score
7067,0.00036228,0,added_to_cart (-4.8886) | user_type_0 (-0.3160) | visit_season_1 (-0.1783),Retention/engagement nudge
9523,0.60383954,1,added_to_cart (+3.3972) | user_type_0 (-0.3160) | visit_season_1 (-0.1783),Candidate for promotion - threshold-qualified
15584,0.00030011,0,added_to_cart (-4.8886) | user_type_0 (-0.3160) | device_type_0 (-0.1811),Retention/engagement nudge
14836,0.57745444,1,added_to_cart (+3.3972) | user_type_0 (-0.3160) | time_on_site_sec (-0.1857),Candidate for promotion - threshold-qualified
22055,0.00039465,0,added_to_cart (-4.8886) | user_type_0 (-0.3160) | visit_season_1 (-0.1783),Retention/engagement nudge
19926,0.00042134,0,added_to_cart (-4.8886) | user_type_0 (-0.3160) | visit_season_1 (-0.1783),Retention/engagement nudge
3139,0.57853351,1,added_to_cart (+3.3972) | user_type_0 (-0.3160) | visit_season_0 (-0.1830),Candidate for promotion - threshold-qualified
357,0.63487653,1,added_to_cart (+3.3972) | user_type_0 (-0.3160) | visit_season_1 (-0.1783),Candidate for promotion - threshold-qualified
4826,0.00030092,0,added_to_cart (-4.8886) | user_type_0 (-0.3160) | device_type_0 (-0.1811),Retention/engagement nudge
22425,0.00052988,0,added_to_cart (-4.8886) | user_type_0 (+0.3862) | device_type_1 (-0.1768),Retention/engagement nudge
2440,0.00042126,0,added_to_cart (-4.8886) | user_type_0 (-0.3160) | device_type_1 (-0.1768),Retention/engagement nudge
17961,0.65514613,1,added_to_cart (+3.3972) | user_type_0 (+0.3862) | visit_season_0 (-0.1830),Candidate for promotion - threshold-qualified
9487,0.59102921,1,added_to_cart (+3.3972) | user_type_0 (-0.3160) | device_type_1 (-0.1768),Candidate for promotion - threshold-qualified
15867,0.70242921,1,added_to_cart (+3.3972) | user_type_0 (+0.3862) | device_type_2 (-0.2368),Candidate for promotion - higher score
22856,0.68510609,1,added_to_cart (+3.3972) | user_type_0 (+0.3862) | visit_season_0 (-0.1830),Candidate for promotion - higher score
7372,0.60631768,1,added_to_cart (+3.3972) | user_type_0 (-0.3160) | device_type_0 (-0.1811),Candidate for promotion - threshold-qualified
20183,0.00033187,0,added_to_cart (-4.8886) | user_type_0 (-0.3160) | device_type_0 (-0.1811),Retention/engagement nudge
1579,0.64782830,1,added_to_cart (+3.3972) | user_type_0 (-0.3160) | device_type_1 (-0.1768),Candidate for promotion - threshold-qualified
21293,0.65156024,1,added_to_cart (+3.3972) | user_type_0 (+0.3862) | device_type_0 (-0.1811),Candidate for promotion - threshold-qualified
6767,0.74037506,1,added_to_cart (+3.3972) | user_type_0 (+0.3862) | visit_season_0 (-0.1830),Candidate for promotion - higher score
18396,0.00041868,0,added_to_cart (-4.8886) | user_type_0 (-0.3160) | device_type_2 (-0.2368),Retention/engagement nudge
7412,0.00045541,0,added_to_cart (-4.8886) | user_type_0 (+0.3862) | device_type_1 (-0.1768),Retention/engagement nudge
13511,0.75301621,1,added_to_cart (+3.3972) | user_type_0 (+0.3862) | device_type_1 (-0.1768),Candidate for promotion - higher score
1459,0.71359756,1,added_to_cart (+3.3972) | user_type_0 (+0.3862) | visit_season_0 (-0.1830),Candidate for promotion - higher score
13862,0.73884839,1,added_to_cart (+3.3972) | user_type_0 (+0.3862) | device_type_1 (-0.1768),Candidate for promotion - higher score
9373,0.00045605,0,added_to_cart (-4.8886) | user_type_0 (+0.3862) | device_type_2 (-0.2368),Retention/engagement nudge
2225,0.00051917,0,added_to_cart (-4.8886) | user_type_0 (+0.3862) | device_type_0 (-0.1811),Retention/engagement nudge
21026,0.00029183,0,added_to_cart (-4.8886) | user_type_0 (-0.3160) | time_on_site_sec (-0.1999),Retention/engagement nudge
18657,0.00062556,0,added_to_cart (-4.8886) | user_type_0 (+0.3862) | device_type_2 (-0.2368),Retention/engagement nudge
1920,0.65125659,1,added_to_cart (+3.3972) | user_type_0 (+0.3862) | visit_season_1 (-0.1783),Candidate for promotion - threshold-qualified
24934,0.57865607,1,added_to_cart (+3.3972) | user_type_0 (-0.3160) | device_type_0 (-0.1811),Candidate for promotion - threshold-qualified
17564,0.57001753,0,added_to_cart (+3.3972) | user_type_0 (-0.3160) | visit_season_1 (-0.1783),Investigate checkout/discount friction
5819,0.00048371,0,added_to_cart (-4.8886) | user_type_0 (+0.3862) | device_type_1 (-0.1768),Retention/engagement nudge
2217,0.00065009,0,added_to_cart (-4.8886) | user_type_0 (+0.3862) | visit_season_1 (-0.1783),Retention/engagement nudge
14797,0.00070875,0,added_to_cart (-4.8886) | user_type_0 (+0.3862) | device_type_0 (-0.1811),Retention/engagement nudge
6565,0.59175230,1,added_to_cart (+3.3972) | user_type_0 (-0.3160) | device_type_2 (-0.2368),Candidate for promotion - threshold-qualified
13474,0.00042223,0,added_to_cart (-4.8886) | user_type_0 (-0.3160) | device_type_1 (-0.1768),Retention/engagement nudge
18680,0.71574638,1,added_to_cart (+3.3972) | user_type_0 (+0.3862) | device_type_0 (-0.1811),Candidate for promotion - higher score
24028,0.52697705,0,added_to_cart (+3.3972) | user_type_0 (-0.3160) | visit_season_0 (-0.1830),Investigate checkout/discount friction
9817,0.00030741,0,added_to_cart (-4.8886) | user_type_0 (-0.3160) | device_type_1 (-0.1768),Retention/engagement nudge
13642,0.62511089,1,added_to_cart (+3.3972) | user_type_0 (-0.3160) | visit_season_0 (-0.1830),Candidate for promotion - threshold-qualified
12902,0.54747112,0,added_to_cart (+3.3972) | user_type_0 (-0.3160) | visit_season_1 (-0.1783),Investigate checkout/discount friction
14868,0.00061063,0,added_to_cart (-4.8886) | user_type_0 (+0.3862) | visit_season_1 (-0.1783),Retention/engagement nudge
17079,0.00036726,0,added_to_cart (-4.8886) | user_type_0 (-0.3160) | device_type_1 (-0.1768),Retention/engagement nudge
14896,0.00090376,0,added_to_cart (-4.8886) | user_type_0 (+0.3862) | device_type_1 (-0.1768),Retention/engagement nudge
14495,0.63967650,1,added_to_cart (+3.3972) | user_type_0 (+0.3862) | device_type_0 (-0.1811),Candidate for promotion - threshold-qualified
16463,0.66269673,1,added_to_cart (+3.3972) | user_type_0 (+0.3862) | visit_season_1 (-0.1783),Candidate for promotion - threshold-qualified
16640,0.54309955,0,added_to_cart (+3.3972) | user_type_0 (-0.3160) | visit_season_1 (-0.1783),Investigate checkout/discount friction
8099,0.58172064,1,added_to_cart (+3.3972) | user_type_0 (-0.3160) | device_type_0 (-0.1811),Candidate for promotion - threshold-qualified
3582,0.67505778,1,added_to_cart (+3.3972) | user_type_0 (+0.3862) | device_type_0 (-0.1811),Candidate for promotion - higher score
23040,0.64416658,1,added_to_cart (+3.3972) | user_type_0 (+0.3862) | visit_season_0 (-0.1830),Candidate for promotion - threshold-qualified
9975,0.00036132,0,added_to_cart (-4.8886) | user_type_0 (-0.3160) | visit_season_1 (-0.1783),Retention/engagement nudge
8437,0.00050472,0,added_to_cart (-4.8886) | user_type_0 (+0.3862) | device_type_0 (-0.1811),Retention/engagement nudge
16486,0.69957041,1,added_to_cart (+3.3972) | user_type_0 (+0.3862) | device_type_0 (-0.1811),Candidate for promotion - higher score
12715,0.00036894,0,added_to_cart (-4.8886) | user_type_0 (-0.3160) | device_type_0 (-0.1811),Retention/engagement nudge
7283,0.00069378,0,added_to_cart (-4.8886) | user_type_0 (+0.3862) | device_type_0 (-0.1811),Retention/engagement nudge
15054,0.68655177,1,added_to_cart (+3.3972) | user_type_0 (+0.3862) | device_type_1 (-0.1768),Candidate for promotion - higher score
4606,0.00034720,0,added_to_cart (-4.8886) | user_type_0 (-0.3160) | device_type_0 (-0.1811),Retention/engagement nudge
9810,0.00051915,0,added_to_cart (-4.8886) | user_type_0 (+0.3862) | device_type_0 (-0.1811),Retention/engagement nudge
3805,0.55009295,0,added_to_cart (+3.3972) | user_type_0 (-0.3160) | device_type_2 (-0.2368),Investigate checkout/discount friction
17290,0.59441553,1,added_to_cart (+3.3972) | user_type_0 (-0.3160) | device_type_2 (-0.2368),Candidate for promotion - threshold-qualified
2161,0.00057607,0,added_to_cart (-4.8886) | user_type_0 (+0.3862) | device_type_0 (-0.1811),Retention/engagement nudge
20858,0.00056696,0,added_to_cart (-4.8886) | user_type_0 (+0.3862) | visit_season_0 (-0.1830),Retention/engagement nudge
3167,0.00048000,0,added_to_cart (-4.8886) | user_type_0 (+0.3862) | visit_season_1 (-0.1783),Retention/engagement nudge
12218,0.70134218,1,added_to_cart (+3.3972) | user_type_0 (+0.3862) | device_type_0 (-0.1811),Candidate for promotion - higher score
5192,0.71392972,1,added_to_cart (+3.3972) | user_type_0 (+0.3862) | device_type_1 (-0.1768),Candidate for promotion - higher score
1386,0.60626777,1,added_to_cart (+3.3972) | user_type_0 (-0.3160) | device_type_1 (-0.1768),Candidate for promotion - threshold-qualified
12132,0.56323031,0,added_to_cart (+3.3972) | user_type_0 (-0.3160) | device_type_0 (-0.1811),Investigate checkout/discount friction
3639,0.00040972,0,added_to_cart (-4.8886) | user_type_0 (-0.3160) | device_type_0 (-0.1811),Retention/engagement nudge
479,0.68211472,1,added_to_cart (+3.3972) | user_type_0 (+0.3862) | visit_season_0 (-0.1830),Candidate for promotion - higher score
14187,0.00047944,0,added_to_cart (-4.8886) | user_type_0 (+0.3862) | device_type_0 (-0.1811),Retention/engagement nudge
16759,0.00071511,0,added_to_cart (-4.8886) | user_type_0 (+0.3862) | visit_season_1 (-0.1783),Retention/engagement nudge
3156,0.00058399,0,added_to_cart (-4.8886) | user_type_0 (+0.3862) | visit_season_0 (-0.1830),Retention/engagement nudge
10740,0.60914566,1,added_to_cart (+3.3972) | user_type_0 (-0.3160) | device_type_1 (-0.1768),Candidate for promotion - threshold-qualified
1854,0.59092587,1,added_to_cart (+3.3972) | user_type_0 (-0.3160) | device_type_0 (-0.1811),Candidate for promotion - threshold-qualified
15070,0.00050412,0,added_to_cart (-4.8886) | user_type_0 (+0.3862) | time_on_site_sec (-0.1925),Retention/engagement nudge
24882,0.00039451,0,added_to_cart (-4.8886) | user_type_0 (-0.3160) | device_type_0 (-0.1811),Retention/engagement nudge
23548,0.00053312,0,added_to_cart (-4.8886) | user_type_0 (+0.3862) | visit_season_1 (-0.1783),Retention/engagement nudge
11673,0.71048496,1,added_to_cart (+3.3972) | user_type_0 (+0.3862) | visit_season_1 (-0.1783),Candidate for promotion - higher score
6649,0.62498276,1,added_to_cart (+3.3972) | user_type_0 (-0.3160) | visit_season_1 (-0.1783),Candidate for promotion - threshold-qualified
10203,0.72729151,1,added_to_cart (+3.3972) | user_type_0 (+0.3862) | visit_season_1 (-0.1783),Candidate for promotion - higher score
15258,0.70760920,1,added_to_cart (+3.3972) | user_type_0 (+0.3862) | device_type_1 (-0.1768),Candidate for promotion - higher score
9366,0.00024753,0,added_to_cart (-4.8886) | user_type_0 (-0.3160) | time_on_site_sec (-0.1919),Retention/engagement nudge
13761,0.76153739,1,added_to_cart (+3.3972) | user_type_0 (+0.3862) | device_type_0 (-0.1811),Candidate for promotion - higher score
4061,0.58568408,1,added_to_cart (+3.3972) | user_type_0 (-0.3160) | device_type_0 (-0.1811),Candidate for promotion - threshold-qualified
11477,0.63622533,1,added_to_cart (+3.3972) | user_type_0 (-0.3160) | device_type_0 (-0.1811),Candidate for promotion - threshold-qualified
19471,0.00033550,0,added_to_cart (-4.8886) | user_type_0 (-0.3160) | visit_season_1 (-0.1783),Retention/engagement nudge
23203,0.55553283,0,added_to_cart (+3.3972) | user_type_0 (-0.3160) | device_type_0 (-0.1811),Investigate checkout/discount friction
15032,0.70340059,1,added_to_cart (+3.3972) | user_type_0 (+0.3862) | visit_season_0 (-0.1830),Candidate for promotion - higher score
23293,0.60702736,1,added_to_cart (+3.3972) | user_type_0 (-0.3160) | device_type_0 (-0.1811),Candidate for promotion - threshold-qualified
19306,0.72860504,1,added_to_cart (+3.3972) | user_type_0 (+0.3862) | visit_season_1 (-0.1783),Candidate for promotion - higher score
19255,0.00054213,0,added_to_cart (-4.8886) | user_type_0 (+0.3862) | visit_season_1 (-0.1783),Retention/engagement nudge
3654,0.66608053,1,added_to_cart (+3.3972) | user_type_0 (-0.3160) | visit_season_1 (-0.1783),Candidate for promotion - threshold-qualified
12722,0.00037904,0,added_to_cart (-4.8886) | user_type_0 (-0.3160) | visit_season_1 (-0.1783),Retention/engagement nudge
12771,0.00039254,0,added_to_cart (-4.8886) | user_type_0 (-0.3160) | visit_season_0 (-0.1830),Retention/engagement nudge
8655,0.74119862,1,added_to_cart (+3.3972) | user_type_0 (+0.3862) | device_type_0 (-0.1811),Candidate for promotion - higher score
8898,0.66328313,1,added_to_cart (+3.3972) | user_type_0 (+0.3862) | time_on_site_sec (-0.1815),Candidate for promotion - threshold-qualified
3077,0.00038361,0,added_to_cart (-4.8886) | user_type_0 (-0.3160) | visit_season_0 (-0.1830),Retention/engagement nudge
8476,0.70547349,1,added_to_cart (+3.3972) | user_type_0 (+0.3862) | device_type_0 (-0.1811),Candidate for promotion - higher score
23690,0.66389780,1,added_to_cart (+3.3972) | user_type_0 (-0.3160) | device_type_1 (-0.1768),Candidate for promotion - threshold-qualified
24018,0.70703425,1,added_to_cart (+3.3972) | user_type_0 (+0.3862) | device_type_1 (-0.1768),Candidate for promotion - higher score
4747,0.00037553,0,added_to_cart (-4.8886) | user_type_0 (-0.3160) | device_type_0 (-0.1811),Retention/engagement nudge
5088,0.59140765,1,added_to_cart (+3.3972) | user_type_0 (-0.3160) | device_type_0 (-0.1811),Candidate for promotion - threshold-qualified
22722,0.00067227,0,added_to_cart (-4.8886) | user_type_0 (+0.3862) | device_type_1 (-0.1768),Retention/engagement nudge
11488,0.58015036,1,added_to_cart (+3.3972) | user_type_0 (-0.3160) | device_type_1 (-0.1768),Candidate for promotion - threshold-qualified
17861,0.72288759,1,added_to_cart (+3.3972) | user_type_0 (+0.3862) | visit_season_0 (-0.1830),Candidate for promotion - higher score
15076,0.72899423,1,added_to_cart (+3.3972) | user_type_0 (+0.3862) | device_type_0 (-0.1811),Candidate for promotion - higher score
11705,0.69121498,1,added_to_cart (+3.3972) | user_type_0 (+0.3862) | device_type_1 (-0.1768),Candidate for promotion - higher score
11712,0.56104905,0,added_to_cart (+3.3972) | user_type_0 (-0.3160) | device_type_0 (-0.1811),Investigate checkout/discount friction
17126,0.00042024,0,added_to_cart (-4.8886) | user_type_0 (-0.3160) | visit_season_0 (-0.1830),Retention/engagement nudge
16684,0.59997307,1,added_to_cart (+3.3972) | user_type_0 (-0.3160) | device_type_1 (-0.1768),Candidate for promotion - threshold-qualified
21139,0.70341492,1,added_to_cart (+3.3972) | user_type_0 (+0.3862) | device_type_0 (-0.1811),Candidate for promotion - higher score
24335,0.66736165,1,added_to_cart (+3.3972) | user_type_0 (+0.3862) | device_type_1 (-0.1768),Candidate for promotion - threshold-qualified
9555,0.00044299,0,added_to_cart (-4.8886) | user_type_0 (+0.3862) | device_type_0 (-0.1811),Retention/engagement nudge
16409,0.72323622,1,added_to_cart (+3.3972) | user_type_0 (+0.3862) | device_type_1 (-0.1768),Candidate for promotion - higher score
17566,0.58068299,1,added_to_cart (+3.3972) | user_type_0 (-0.3160) | device_type_2 (-0.2368),Candidate for promotion - threshold-qualified
19314,0.53548553,0,added_to_cart (+3.3972) | user_type_0 (-0.3160) | time_on_site_sec (-0.1946),Investigate checkout/discount friction
4839,0.00065917,0,added_to_cart (-4.8886) | user_type_0 (+0.3862) | device_type_0 (-0.1811),Retention/engagement nudge
5759,0.70140213,1,added_to_cart (+3.3972) | user_type_0 (+0.3862) | visit_season_0 (-0.1830),Candidate for promotion - higher score
8755,0.00079333,0,added_to_cart (-4.8886) | user_type_0 (+0.3862) | device_type_1 (-0.1768),Retention/engagement nudge
1207,0.53462144,0,added_to_cart (+3.3972) | user_type_0 (-0.3160) | visit_season_0 (-0.1830),Investigate checkout/discount friction
18273,0.00069370,0,added_to_cart (-4.8886) | user_type_0 (+0.3862) | device_type_2 (-0.2368),Retention/engagement nudge
11863,0.74785324,1,added_to_cart (+3.3972) | user_type_0 (+0.3862) | device_type_0 (-0.1811),Candidate for promotion - higher score
24084,0.52310764,0,added_to_cart (+3.3972) | user_type_0 (-0.3160) | device_type_0 (-0.1811),Investigate checkout/discount friction
23084,0.00060176,0,added_to_cart (-4.8886) | user_type_0 (+0.3862) | visit_season_1 (-0.1783),Retention/engagement nudge
20645,0.55466530,0,added_to_cart (+3.3972) | user_type_0 (-0.3160) | device_type_0 (-0.1811),Investigate checkout/discount friction
10711,0.73041289,1,added_to_cart (+3.3972) | user_type_0 (+0.3862) | device_type_0 (-0.1811),Candidate for promotion - higher score
21067,0.00040587,0,added_to_cart (-4.8886) | user_type_0 (-0.3160) | device_type_1 (-0.1768),Retention/engagement nudge
22282,0.00061196,0,added_to_cart (-4.8886) | user_type_0 (+0.3862) | visit_season_1 (-0.1783),Retention/engagement nudge
13662,0.69993606,1,added_to_cart (+3.3972) | user_type_0 (+0.3862) | visit_season_0 (-0.1830),Candidate for promotion - higher score
22074,0.68460554,1,added_to_cart (+3.3972) | user_type_0 (+0.3862) | device_type_0 (-0.1811),Candidate for promotion - higher score
9826,0.59987988,1,added_to_cart (+3.3972) | user_type_0 (-0.3160) | device_type_0 (-0.1811),Candidate for promotion - threshold-qualified
15792,0.56804309,0,added_to_cart (+3.3972) | user_type_0 (-0.3160) | device_type_2 (-0.2368),Investigate checkout/discount friction
15903,0.62961353,1,added_to_cart (+3.3972) | user_type_0 (-0.3160) | device_type_1 (-0.1768),Candidate for promotion - threshold-qualified
12948,0.00036237,0,added_to_cart (-4.8886) | user_type_0 (-0.3160) | device_type_0 (-0.1811),Retention/engagement nudge
3408,0.00068544,0,added_to_cart (-4.8886) | user_type_0 (+0.3862) | device_type_2 (-0.2368),Retention/engagement nudge
14945,0.60283009,1,added_to_cart (+3.3972) | user_type_0 (-0.3160) | visit_season_0 (-0.1830),Candidate for promotion - threshold-qualified
1549,0.67445051,1,added_to_cart (+3.3972) | user_type_0 (+0.3862) | device_type_1 (-0.1768),Candidate for promotion - higher score
14032,0.66727626,1,added_to_cart (+3.3972) | user_type_0 (-0.3160) | visit_season_0 (-0.1830),Candidate for promotion - threshold-qualified
9989,0.62429043,1,added_to_cart (+3.3972) | user_type_0 (+0.3862) | device_type_2 (-0.2368),Candidate for promotion - threshold-qualified
19006,0.65688996,1,added_to_cart (+3.3972) | user_type_0 (+0.3862) | device_type_0 (-0.1811),Candidate for promotion - threshold-qualified
12969,0.58089532,1,added_to_cart (+3.3972) | user_type_0 (-0.3160) | visit_season_0 (-0.1830),Candidate for promotion - threshold-qualified
14237,0.67191910,1,added_to_cart (+3.3972) | user_type_0 (+0.3862) | visit_season_1 (-0.1783),Candidate for promotion - threshold-qualified
8403,0.63921262,1,added_to_cart (+3.3972) | user_type_0 (-0.3160) | device_type_1 (-0.1768),Candidate for promotion - threshold-qualified
5253,0.67994198,1,added_to_cart (+3.3972) | user_type_0 (+0.3862) | time_on_site_sec (-0.2012),Candidate for promotion - higher score
8515,0.55594202,0,added_to_cart (+3.3972) | user_type_0 (-0.3160) | device_type_1 (-0.1768),Investigate checkout/discount friction
4814,0.00071538,0,added_to_cart (-4.8886) | user_type_0 (+0.3862) | device_type_0 (-0.1811),Retention/engagement nudge
15827,0.55987191,0,added_to_cart (+3.3972) | user_type_0 (-0.3160) | device_type_2 (-0.2368),Investigate checkout/discount friction
24391,0.69316733,1,added_to_cart (+3.3972) | user_type_0 (+0.3862) | device_type_2 (-0.2368),Candidate for promotion - higher score
6501,0.00033716,0,added_to_cart (-4.8886) | user_type_0 (-0.3160) | time_on_site_sec (-0.1864),Retention/engagement nudge
21787,0.65121750,1,added_to_cart (+3.3972) | user_type_0 (+0.3862) | device_type_0 (-0.1811),Candidate for promotion - threshold-qualified
12178,0.00045892,0,added_to_cart (-4.8886) | user_type_0 (-0.3160) | device_type_0 (-0.1811),Retention/engagement nudge
7395,0.68439191,1,added_to_cart (+3.3972) | user_type_0 (+0.3862) | visit_season_1 (-0.1783),Candidate for promotion - higher score
2000,0.55314640,0,added_to_cart (+3.3972) | user_type_0 (-0.3160) | device_type_1 (-0.1768),Investigate checkout/discount friction
12649,0.00058902,0,added_to_cart (-4.8886) | user_type_0 (+0.3862) | visit_season_1 (-0.1783),Retention/engagement nudge
3278,0.74776175,1,added_to_cart (+3.3972) | user_type_0 (+0.3862) | device_type_2 (-0.2368),Candidate for promotion - higher score
9722,0.70438515,1,added_to_cart (+3.3972) | user_type_0 (+0.3862) | device_type_0 (-0.1811),Candidate for promotion - higher score
12265,0.00034159,0,added_to_cart (-4.8886) | user_type_0 (-0.3160) | visit_season_0 (-0.1830),Retention/engagement nudge
20840,0.00067075,0,added_to_cart (-4.8886) | user_type_0 (+0.3862) | visit_season_0 (-0.1830),Retention/engagement nudge
23413,0.00041851,0,added_to_cart (-4.8886) | user_type_0 (-0.3160) | device_type_1 (-0.1768),Retention/engagement nudge
21304,0.00044541,0,added_to_cart (-4.8886) | user_type_0 (+0.3862) | time_on_site_sec (-0.1961),Retention/engagement nudge
4446,0.60124277,1,added_to_cart (+3.3972) | user_type_0 (-0.3160) | visit_season_0 (-0.1830),Candidate for promotion - threshold-qualified
16249,0.53267626,0,added_to_cart (+3.3972) | user_type_0 (-0.3160) | device_type_1 (-0.1768),Investigate checkout/discount friction
16452,0.00061569,0,added_to_cart (-4.8886) | user_type_0 (+0.3862) | device_type_1 (-0.1768),Retention/engagement nudge
4331,0.63911364,1,added_to_cart (+3.3972) | user_type_0 (-0.3160) | device_type_1 (-0.1768),Candidate for promotion - threshold-qualified
14178,0.00050023,0,added_to_cart (-4.8886) | user_type_0 (+0.3862) | device_type_1 (-0.1768),Retention/engagement nudge
1927,0.65385383,1,added_to_cart (+3.3972) | user_type_0 (+0.3862) | device_type_0 (-0.1811),Candidate for promotion - threshold-qualified
21469,0.00032374,0,added_to_cart (-4.8886) | user_type_0 (-0.3160) | device_type_2 (-0.2368),Retention/engagement nudge
4420,0.00037668,0,added_to_cart (-4.8886) | user_type_0 (-0.3160) | device_type_0 (-0.1811),Retention/engagement nudge
13636,0.00059145,0,added_to_cart (-4.8886) | user_type_0 (+0.3862) | visit_season_0 (-0.1830),Retention/engagement nudge
10260,0.59129614,1,added_to_cart (+3.3972) | user_type_0 (-0.3160) | visit_season_0 (-0.1830),Candidate for promotion - threshold-qualified
21870,0.67244993,1,added_to_cart (+3.3972) | user_type_0 (+0.3862) | device_type_1 (-0.1768),Candidate for promotion - threshold-qualified
11203,0.00038136,0,added_to_cart (-4.8886) | user_type_0 (-0.3160) | device_type_0 (-0.1811),Retention/engagement nudge
15060,0.00053124,0,added_to_cart (-4.8886) | user_type_0 (+0.3862) | visit_season_0 (-0.1830),Retention/engagement nudge
19899,0.59772547,1,added_to_cart (+3.3972) | user_type_0 (-0.3160) | visit_season_0 (-0.1830),Candidate for promotion - threshold-qualified
9225,0.73009996,1,added_to_cart (+3.3972) | user_type_0 (+0.3862) | device_type_0 (-0.1811),Candidate for promotion - higher score
12298,0.66649288,1,added_to_cart (+3.3972) | user_type_0 (+0.3862) | device_type_1 (-0.1768),Candidate for promotion - threshold-qualified
20029,0.72409249,1,added_to_cart (+3.3972) | user_type_0 (+0.3862) | device_type_1 (-0.1768),Candidate for promotion - higher score
24846,0.75050153,1,added_to_cart (+3.3972) | user_type_0 (+0.3862) | device_type_1 (-0.1768),Candidate for promotion - higher score
11093,0.66063035,1,added_to_cart (+3.3972) | user_type_0 (+0.3862) | device_type_2 (-0.2368),Candidate for promotion - threshold-qualified
4189,0.53569706,0,added_to_cart (+3.3972) | user_type_0 (-0.3160) | device_type_1 (-0.1768),Investigate checkout/discount friction
17003,0.00065690,0,added_to_cart (-4.8886) | user_type_0 (+0.3862) | visit_season_0 (-0.1830),Retention/engagement nudge
3056,0.00028075,0,added_to_cart (-4.8886) | user_type_0 (-0.3160) | device_type_0 (-0.1811),Retention/engagement nudge
922,0.67076709,1,added_to_cart (+3.3972) | user_type_0 (+0.3862) | visit_season_0 (-0.1830),Candidate for promotion - threshold-qualified
15726,0.73009693,1,added_to_cart (+3.3972) | user_type_0 (+0.3862) | visit_season_0 (-0.1830),Candidate for promotion - higher score
18260,0.55622937,0,added_to_cart (+3.3972) | user_type_0 (-0.3160) | device_type_2 (-0.2368),Investigate checkout/discount friction
4960,0.54451176,0,added_to_cart (+3.3972) | user_type_0 (-0.3160) | device_type_0 (-0.1811),Investigate checkout/discount friction
13467,0.00060591,0,added_to_cart (-4.8886) | user_type_0 (+0.3862) | visit_season_0 (-0.1830),Retention/engagement nudge
4077,0.61853488,1,added_to_cart (+3.3972) | user_type_0 (-0.3160) | device_type_1 (-0.1768),Candidate for promotion - threshold-qualified
2761,0.61573210,1,added_to_cart (+3.3972) | user_type_0 (-0.3160) | visit_season_0 (-0.1830),Candidate for promotion - threshold-qualified
7603,0.00050232,0,added_to_cart (-4.8886) | user_type_0 (+0.3862) | visit_season_0 (-0.1830),Retention/engagement nudge
9259,0.56830868,0,added_to_cart (+3.3972) | user_type_0 (-0.3160) | device_type_1 (-0.1768),Investigate checkout/discount friction
1680,0.00061446,0,added_to_cart (-4.8886) | user_type_0 (+0.3862) | device_type_2 (-0.2368),Retention/engagement nudge
22069,0.00058055,0,added_to_cart (-4.8886) | user_type_0 (+0.3862) | visit_season_0 (-0.1830),Retention/engagement nudge
24769,0.00035872,0,added_to_cart (-4.8886) | user_type_0 (-0.3160) | visit_season_0 (-0.1830),Retention/engagement nudge
21042,0.00052598,0,added_to_cart (-4.8886) | user_type_0 (+0.3862) | device_type_1 (-0.1768),Retention/engagement nudge
20756,0.68383842,1,added_to_cart (+3.3972) | user_type_0 (+0.3862) | device_type_1 (-0.1768),Candidate for promotion - higher score
14713,0.57493842,1,added_to_cart (+3.3972) | user_type_0 (-0.3160) | visit_season_0 (-0.1830),Candidate for promotion - threshold-qualified
10978,0.67991205,1,added_to_cart (+3.3972) | user_type_0 (+0.3862) | visit_season_0 (-0.1830),Candidate for promotion - higher score
3438,0.61440869,1,added_to_cart (+3.3972) | user_type_0 (-0.3160) | device_type_2 (-0.2368),Candidate for promotion - threshold-qualified
23582,0.55731246,0,added_to_cart (+3.3972) | user_type_0 (-0.3160) | device_type_1 (-0.1768),Investigate checkout/discount friction
11134,0.59186961,1,added_to_cart (+3.3972) | user_type_0 (-0.3160) | visit_season_0 (-0.1830),Candidate for promotion - threshold-qualified
19665,0.62210024,1,added_to_cart (+3.3972) | user_type_0 (+0.3862) | time_on_site_sec (-0.1885),Candidate for promotion - threshold-qualified
22334,0.67546301,1,added_to_cart (+3.3972) | user_type_0 (+0.3862) | device_type_0 (-0.1811),Candidate for promotion - higher score
21567,0.65664677,1,added_to_cart (+3.3972) | user_type_0 (+0.3862) | visit_season_0 (-0.1830),Candidate for promotion - threshold-qualified
15690,0.58156580,1,added_to_cart (+3.3972) | user_type_0 (-0.3160) | time_on_site_sec (-0.1817),Candidate for promotion - threshold-qualified
